run,model_path,w_wait,w_queue,w_speed,w_pressure,w_ttc,w_qlen,waiting,queue,speed,pressure_abs,ttc_conflicts,queue_length,pareto
4,models/dqn_workzone_w04.zip,0.126972592,0.058186707,0.351495684,0.031500327,0.258956987,0.172887703,42,3.8,0.425,9,1.2,53,TRUE
11,models/dqn_workzone_w11.zip,0.074526014,0.094649822,0.207455733,0.365286828,0.144925089,0.113156514,52,5.5,0.415,18,3.4,108,TRUE
17,models/dqn_workzone_w17.zip,0.039430554,0.00979697,0.130273171,0.291285527,0.130496995,0.398716783,46,5.1,0.43,16.2,3,89,TRUE
18,models/dqn_workzone_w18.zip,0.226362135,0.123653462,0.409401134,0.080408025,0.118118071,0.042057173,59,5.9,0.385,19.8,3.9,123,TRUE
19,models/dqn_workzone_w19.zip,0.053295021,0.521850086,0.068270334,0.045715097,0.075480612,0.235388849,50,5.4,0.412,17.5,3.3,103,TRUE
