episode,time_s,vehicle_id,position_m,speed_mps,lane,tail_pos_m,rear_pos_m,queue_length_m,ttc_conflicts
1,30.00,car_flow_E#10.0,57.552,12.007,0,,260.000,0.000,14
1,35.00,car_flow_E#10.0,118.567,11.545,0,,260.000,0.000,22
1,40.00,car_flow_E#10.0,180.982,12.568,0,,260.000,0.000,25
1,45.00,car_flow_E#10.1,9.728,11.175,0,,260.000,0.000,28
1,45.00,car_flow_E#10.0,241.937,12.573,0,,260.000,0.000,28
1,45.00,car_flow_E#10.2,5.260,14.007,1,,260.000,0.000,28
1,50.00,car_flow_E#10.1,67.902,12.387,0,,260.000,0.000,31
1,50.00,car_flow_E#10.0,304.104,12.815,0,,260.000,0.000,31
1,50.00,car_flow_E#10.3,4.152,14.367,1,,260.000,0.000,31
1,50.00,car_flow_E#10.2,72.788,14.305,1,,260.000,0.000,31
1,55.00,car_flow_E#10.1,129.940,12.467,0,,260.000,0.000,29
1,55.00,car_flow_E#10.0,357.419,6.586,0,,260.000,0.000,29
1,55.00,car_flow_E#10.3,77.265,14.946,1,,260.000,0.000,29
1,55.00,car_flow_E#10.2,141.362,13.931,1,,260.000,0.000,29
1,60.00,car_flow_E#10.1,188.873,12.499,0,,260.000,0.000,33
1,60.00,car_flow_E#10.4,26.653,13.606,1,,260.000,0.000,33
1,60.00,car_flow_E#10.3,149.106,13.901,1,,260.000,0.000,33
1,60.00,car_flow_E#10.2,209.117,14.139,1,,260.000,0.000,33
1,65.00,car_flow_E#10.1,247.356,12.058,0,,260.000,0.000,34
1,65.00,car_flow_E#10.2,277.794,14.230,0,,260.000,0.000,34
1,65.00,car_flow_E#10.4,93.604,12.974,1,,260.000,0.000,34
1,65.00,car_flow_E#10.3,223.892,14.266,1,,260.000,0.000,34
1,70.00,car_flow_E#10.5,50.191,10.954,0,,260.000,0.000,37
1,70.00,car_flow_E#10.1,306.676,12.299,0,,260.000,0.000,37
1,70.00,car_flow_E#10.2,343.465,11.456,0,,260.000,0.000,37
1,70.00,car_flow_E#10.6,50.040,13.332,1,,260.000,0.000,37
1,70.00,car_flow_E#10.4,159.910,13.362,1,,260.000,0.000,37
1,70.00,car_flow_E#10.3,296.273,14.818,1,,260.000,0.000,37
1,75.00,car_flow_E#10.5,108.443,11.611,0,,260.000,0.000,41
1,75.00,car_flow_E#10.4,227.157,14.000,0,,260.000,0.000,41
1,75.00,car_flow_E#10.1,352.056,5.249,0,,260.000,0.000,41
1,75.00,car_flow_E#10.2,362.490,0.957,0,,260.000,0.000,41
1,75.00,car_flow_E#10.7,25.462,12.507,1,,260.000,0.000,41
1,75.00,car_flow_E#10.6,116.412,12.943,1,,260.000,0.000,41
1,75.00,car_flow_E#10.3,355.109,7.762,1,,260.000,0.000,41
1,80.00,car_flow_E#10.5,165.428,10.992,0,,260.000,0.000,43
1,80.00,car_flow_E#10.4,293.433,13.320,0,,260.000,0.000,43
1,80.00,car_flow_E#10.1,356.016,0.005,0,,260.000,0.000,43
1,80.00,car_flow_E#10.2,362.519,0.000,0,,260.000,0.000,43
1,80.00,car_flow_E#10.8,37.053,12.231,1,,260.000,0.000,43
1,80.00,car_flow_E#10.7,91.533,13.934,1,,260.000,0.000,43
1,80.00,car_flow_E#10.6,185.123,14.036,1,,260.000,0.000,43
1,80.00,car_flow_E#10.3,362.518,0.039,1,,260.000,0.000,43
1,85.00,car_flow_E#10.6,217.020,5.288,0,,260.000,0.000,47
1,85.00,car_flow_E#10.1,356.018,0.000,0,,260.000,0.000,47
1,85.00,car_flow_E#10.2,362.519,0.000,0,,260.000,0.000,47
1,85.00,car_flow_E#10.8,97.422,11.892,1,,260.000,0.000,47
1,85.00,car_flow_E#10.7,156.751,12.529,1,,260.000,0.000,47
1,85.00,car_flow_E#10.5,216.960,11.716,1,,260.000,0.000,47
1,85.00,car_flow_E#10.4,347.434,7.618,1,,260.000,0.000,47
1,85.00,car_flow_E#10.3,362.519,0.000,1,,260.000,0.000,47
1,90.00,car_flow_E#10.7,183.231,4.391,0,,260.000,0.000,45
1,90.00,car_flow_E#10.6,274.109,13.042,0,,260.000,0.000,45
1,90.00,car_flow_E#10.1,362.780,4.836,0,,260.000,0.000,45
1,90.00,car_flow_E#10.8,158.496,12.061,1,,260.000,0.000,45
1,90.00,car_flow_E#10.5,275.290,12.199,1,,260.000,0.000,45
1,90.00,car_flow_E#10.4,361.886,4.444,1,,260.000,0.000,45
1,95.00,car_flow_E#10.8,184.146,4.966,0,,260.000,0.000,46
1,95.00,car_flow_E#10.7,234.838,12.614,0,,260.000,0.000,46
1,95.00,car_flow_E#10.6,343.434,14.396,0,,260.000,0.000,46
1,95.00,car_flow_E#10.5,334.306,12.046,1,,260.000,0.000,46
1,100.00,car_flow_E#10.8,238.368,12.932,0,,260.000,0.000,41
1,100.00,car_flow_E#10.7,299.968,13.656,0,,260.000,0.000,41
1,100.00,car_flow_E#10.6,363.520,0.000,0,,260.000,0.000,41
1,100.00,car_flow_E#10.5,362.507,0.665,1,,260.000,0.000,41
1,105.00,car_flow_E#10.8,300.399,12.873,0,,260.000,0.000,42
1,105.00,car_flow_E#10.7,353.363,5.839,0,,260.000,0.000,42
1,105.00,car_flow_E#10.6,363.520,0.000,0,,260.000,0.000,42
1,105.00,car_flow_E#10.5,362.519,0.000,1,,260.000,0.000,42
1,110.00,car_flow_E#10.9,48.492,10.740,0,,260.000,0.000,44
1,110.00,car_flow_E#10.7,357.019,0.000,0,,260.000,0.000,44
1,110.00,car_flow_E#10.6,363.520,0.000,0,,260.000,0.000,44
1,110.00,car_flow_E#10.10,59.835,12.522,1,,260.000,0.000,44
1,110.00,car_flow_E#10.8,350.006,6.855,1,,260.000,0.000,44
1,110.00,car_flow_E#10.5,362.519,0.000,1,,260.000,0.000,44
1,115.00,car_flow_E#10.9,99.547,10.026,0,,260.000,0.000,41
1,115.00,car_flow_E#10.7,357.019,0.000,0,,260.000,0.000,41
1,115.00,car_flow_E#10.6,363.520,0.000,0,,260.000,0.000,41
1,115.00,car_flow_E#10.11,25.153,12.863,1,,260.000,0.000,41
1,115.00,car_flow_E#10.10,121.025,12.745,1,,260.000,0.000,41
1,115.00,car_flow_E#10.8,355.983,0.085,1,,260.000,0.000,41
1,115.00,car_flow_E#10.5,362.519,0.000,1,,260.000,0.000,41
1,120.00,car_flow_E#10.12,11.057,11.356,0,,260.000,0.000,48
1,120.00,car_flow_E#10.9,151.000,10.141,0,,260.000,0.000,48
1,120.00,car_flow_E#10.7,357.019,0.000,0,,260.000,0.000,48
1,120.00,car_flow_E#10.6,363.520,0.000,0,,260.000,0.000,48
1,120.00,car_flow_E#10.13,7.402,13.726,1,,260.000,0.000,48
1,120.00,car_flow_E#10.11,88.295,12.141,1,,260.000,0.000,48
1,120.00,car_flow_E#10.10,143.643,1.000,1,,260.000,0.000,48
1,120.00,car_flow_E#10.8,356.018,0.000,1,,260.000,0.000,48
1,120.00,car_flow_E#10.5,362.519,0.000,1,,260.000,0.000,48
2,35.00,car_flow_E#10.0,47.045,12.627,0,,260.000,0.000,16
2,40.00,car_flow_E#10.0,107.518,11.797,0,,260.000,0.000,18
2,45.00,car_flow_E#10.1,18.209,12.941,0,,260.000,0.000,22
2,45.00,car_flow_E#10.0,168.845,12.660,0,,260.000,0.000,22
2,50.00,car_flow_E#10.1,81.214,12.400,0,,260.000,0.000,26
2,50.00,car_flow_E#10.0,230.001,12.448,0,,260.000,0.000,26
2,55.00,car_flow_E#10.1,143.780,13.146,0,,260.000,0.000,32
2,55.00,car_flow_E#10.0,290.169,12.273,0,,260.000,0.000,32
2,60.00,car_flow_E#10.2,53.823,14.428,0,,260.000,0.000,35
2,60.00,car_flow_E#10.1,205.931,12.591,0,,260.000,0.000,35
2,60.00,car_flow_E#10.0,348.436,9.354,0,,260.000,0.000,35
2,65.00,car_flow_E#10.3,47.095,12.430,0,,260.000,0.000,36
2,65.00,car_flow_E#10.2,122.818,14.340,0,,260.000,0.000,36
2,65.00,car_flow_E#10.1,270.000,12.999,0,,260.000,0.000,36
2,65.00,car_flow_E#10.0,362.519,0.000,0,,260.000,0.000,36
2,70.00,car_flow_E#10.4,40.225,13.302,0,,260.000,0.000,41
2,70.00,car_flow_E#10.3,108.086,12.178,0,,260.000,0.000,41
2,70.00,car_flow_E#10.2,192.818,13.454,0,,260.000,0.000,41
2,70.00,car_flow_E#10.0,362.519,0.000,0,,260.000,0.000,41
2,70.00,car_flow_E#10.1,332.663,12.921,1,,260.000,0.000,41
2,75.00,car_flow_E#10.4,103.066,13.226,0,,260.000,0.000,43
2,75.00,car_flow_E#10.3,166.561,12.041,0,,260.000,0.000,43
2,75.00,car_flow_E#10.2,263.947,14.382,0,,260.000,0.000,43
2,75.00,car_flow_E#10.0,362.519,0.000,0,,260.000,0.000,43
2,75.00,car_flow_E#10.1,362.510,0.771,1,,260.000,0.000,43
2,80.00,car_flow_E#10.6,23.130,12.996,0,,260.000,0.000,38
2,80.00,car_flow_E#10.4,167.342,11.934,0,,260.000,0.000,38
2,80.00,car_flow_E#10.3,226.940,12.410,0,,260.000,0.000,38
2,80.00,car_flow_E#10.2,335.133,14.712,0,,260.000,0.000,38
2,80.00,car_flow_E#10.5,55.165,13.062,1,,260.000,0.000,38
2,85.00,car_flow_E#10.6,89.524,13.375,0,,260.000,0.000,39
2,85.00,car_flow_E#10.4,232.188,12.587,0,,260.000,0.000,39
2,85.00,car_flow_E#10.3,286.019,11.932,0,,260.000,0.000,39
2,85.00,car_flow_E#10.5,123.278,13.923,1,,260.000,0.000,39
2,90.00,car_flow_E#10.7,48.581,11.722,0,,260.000,0.000,38
2,90.00,car_flow_E#10.6,157.320,13.737,0,,260.000,0.000,38
2,90.00,car_flow_E#10.4,295.209,13.214,0,,260.000,0.000,38
2,90.00,car_flow_E#10.3,345.236,10.675,0,,260.000,0.000,38
2,90.00,car_flow_E#10.8,30.737,13.665,1,,260.000,0.000,38
2,90.00,car_flow_E#10.9,45.630,16.115,1,,260.000,0.000,38
2,90.00,car_flow_E#10.5,149.969,1.000,1,,260.000,0.000,38
2,95.00,car_flow_E#10.7,106.773,11.819,0,,260.000,0.000,41
2,95.00,car_flow_E#10.6,224.801,13.595,0,,260.000,0.000,41
2,95.00,car_flow_E#10.3,362.201,1.190,0,,260.000,0.000,41
2,95.00,car_flow_E#10.8,96.226,13.298,1,,260.000,0.000,41
2,95.00,car_flow_E#10.9,126.136,16.808,1,,260.000,0.000,41
2,95.00,car_flow_E#10.5,194.371,14.045,1,,260.000,0.000,41
2,95.00,car_flow_E#10.4,351.958,8.465,1,,260.000,0.000,41
2,100.00,car_flow_E#10.7,165.512,11.341,0,,260.000,0.000,44
2,100.00,car_flow_E#10.5,225.294,4.287,0,,260.000,0.000,44
2,100.00,car_flow_E#10.6,292.088,13.736,0,,260.000,0.000,44
2,100.00,car_flow_E#10.3,362.519,0.000,0,,260.000,0.000,44
2,100.00,car_flow_E#10.8,152.796,7.248,1,,260.000,0.000,44
2,100.00,car_flow_E#10.9,165.176,1.808,1,,260.000,0.000,44
2,100.00,car_flow_E#10.4,362.462,0.130,1,,260.000,0.000,44
2,105.00,car_flow_E#10.8,167.645,2.170,0,,260.000,0.000,52
2,105.00,car_flow_E#10.9,179.088,4.603,0,,260.000,0.000,52
2,105.00,car_flow_E#10.7,221.462,11.229,0,,260.000,0.000,52
2,105.00,car_flow_E#10.5,280.403,14.036,0,,260.000,0.000,52
2,105.00,car_flow_E#10.6,349.749,7.597,0,,260.000,0.000,52
2,105.00,car_flow_E#10.3,362.519,0.000,0,,260.000,0.000,52
2,105.00,car_flow_E#10.10,27.248,11.591,1,,260.000,0.000,52
2,105.00,car_flow_E#10.4,362.519,0.000,1,,260.000,0.000,52
2,110.00,car_flow_E#10.8,208.217,12.533,0,,260.000,0.000,57
2,110.00,car_flow_E#10.9,236.027,15.765,0,,260.000,0.000,57
2,110.00,car_flow_E#10.7,279.586,11.129,0,,260.000,0.000,57
2,110.00,car_flow_E#10.6,359.761,2.183,0,,260.000,0.000,57
2,110.00,car_flow_E#10.11,29.427,11.144,1,,260.000,0.000,57
2,110.00,car_flow_E#10.10,85.245,11.870,1,,260.000,0.000,57
2,110.00,car_flow_E#10.5,343.890,11.778,1,,260.000,0.000,57
2,115.00,car_flow_E#10.11,81.989,10.485,0,,260.000,0.000,58
2,115.00,car_flow_E#10.10,140.398,10.467,0,,260.000,0.000,58
2,115.00,car_flow_E#10.8,273.210,12.503,0,,260.000,0.000,58
2,115.00,car_flow_E#10.9,309.204,14.590,0,,260.000,0.000,58
2,115.00,car_flow_E#10.7,337.523,11.259,0,,260.000,0.000,58
2,115.00,car_flow_E#10.12,43.605,11.082,1,,260.000,0.000,58
2,120.00,car_flow_E#10.11,135.292,10.469,0,,260.000,0.000,54
2,120.00,car_flow_E#10.10,195.862,10.614,0,,260.000,0.000,54
2,120.00,car_flow_E#10.7,358.900,3.901,0,,260.000,0.000,54
2,120.00,car_flow_E#10.12,98.116,10.610,1,,260.000,0.000,54
2,120.00,car_flow_E#10.8,337.291,12.405,1,,260.000,0.000,54
3,25.00,car_flow_E#10.0,29.937,14.450,0,,260.000,0.000,11
3,30.00,car_flow_E#10.1,62.591,15.064,0,,260.000,0.000,16
3,30.00,car_flow_E#10.0,99.581,13.520,0,,260.000,0.000,16
3,35.00,car_flow_E#10.1,137.757,15.667,0,,260.000,0.000,19
3,35.00,car_flow_E#10.0,171.272,14.863,0,,260.000,0.000,19
3,40.00,car_flow_E#10.1,211.365,14.244,0,,260.000,0.000,24
3,40.00,car_flow_E#10.0,242.127,14.451,0,,260.000,0.000,24
3,45.00,car_flow_E#10.1,287.173,15.723,0,,260.000,0.000,26
3,45.00,car_flow_E#10.0,314.906,14.628,0,,260.000,0.000,26
3,50.00,car_flow_E#10.1,359.201,14.792,1,,260.000,0.000,28
3,55.00,car_flow_E#10.2,55.641,14.937,0,,260.000,0.000,31
3,60.00,car_flow_E#10.2,129.010,14.932,0,,260.000,0.000,35
3,65.00,car_flow_E#10.4,10.884,11.827,0,,260.000,0.000,39
3,65.00,car_flow_E#10.3,58.993,13.981,0,,260.000,0.000,39
3,65.00,car_flow_E#10.2,201.618,14.274,0,,260.000,0.000,39
3,70.00,car_flow_E#10.5,21.145,10.628,0,,260.000,0.000,39
3,70.00,car_flow_E#10.4,73.221,13.250,0,,260.000,0.000,39
3,70.00,car_flow_E#10.3,127.192,13.746,0,,260.000,0.000,39
3,70.00,car_flow_E#10.2,275.327,14.586,0,,260.000,0.000,39
3,75.00,car_flow_E#10.5,78.293,11.408,0,,260.000,0.000,37
3,75.00,car_flow_E#10.4,135.320,12.342,0,,260.000,0.000,37
3,75.00,car_flow_E#10.3,193.839,13.623,0,,260.000,0.000,37
3,75.00,car_flow_E#10.2,349.083,14.444,0,,260.000,0.000,37
3,80.00,car_flow_E#10.6,5.757,13.252,0,,260.000,0.000,38
3,80.00,car_flow_E#10.5,136.451,11.646,0,,260.000,0.000,38
3,80.00,car_flow_E#10.4,198.525,13.055,0,,260.000,0.000,38
3,80.00,car_flow_E#10.3,259.736,12.542,0,,260.000,0.000,38
3,85.00,car_flow_E#10.6,68.895,12.792,0,,260.000,0.000,38
3,85.00,car_flow_E#10.5,191.359,10.758,0,,260.000,0.000,38
3,85.00,car_flow_E#10.4,261.301,12.239,0,,260.000,0.000,38
3,85.00,car_flow_E#10.3,326.956,13.645,0,,260.000,0.000,38
3,90.00,car_flow_E#10.7,43.529,10.081,0,,260.000,0.000,34
3,90.00,car_flow_E#10.6,132.131,12.115,0,,260.000,0.000,34
3,90.00,car_flow_E#10.5,247.047,10.860,0,,260.000,0.000,34
3,90.00,car_flow_E#10.4,322.314,11.538,0,,260.000,0.000,34
3,90.00,car_flow_E#10.3,355.358,3.767,0,,260.000,0.000,34
3,95.00,car_flow_E#10.7,94.382,10.261,0,,260.000,0.000,39
3,95.00,car_flow_E#10.6,196.807,12.804,0,,260.000,0.000,39
3,95.00,car_flow_E#10.5,303.319,10.902,0,,260.000,0.000,39
3,95.00,car_flow_E#10.4,345.054,4.427,0,,260.000,0.000,39
3,95.00,car_flow_E#10.3,362.518,0.008,0,,260.000,0.000,39
3,100.00,car_flow_E#10.8,12.318,12.984,0,,260.000,0.000,39
3,100.00,car_flow_E#10.7,142.006,9.211,0,,260.000,0.000,39
3,100.00,car_flow_E#10.6,261.603,13.001,0,,260.000,0.000,39
3,100.00,car_flow_E#10.4,356.001,0.096,0,,260.000,0.000,39
3,100.00,car_flow_E#10.3,362.519,0.000,0,,260.000,0.000,39
3,100.00,car_flow_E#10.5,353.700,8.529,1,,260.000,0.000,39
3,105.00,car_flow_E#10.8,73.865,12.529,0,,260.000,0.000,42
3,105.00,car_flow_E#10.7,190.251,9.680,0,,260.000,0.000,42
3,105.00,car_flow_E#10.6,325.224,12.513,0,,260.000,0.000,42
3,105.00,car_flow_E#10.4,356.018,0.000,0,,260.000,0.000,42
3,105.00,car_flow_E#10.3,362.519,0.000,0,,260.000,0.000,42
3,105.00,car_flow_E#10.5,362.519,0.000,1,,260.000,0.000,42
3,110.00,car_flow_E#10.8,137.780,13.174,0,,260.000,0.000,42
3,110.00,car_flow_E#10.7,239.284,10.354,0,,260.000,0.000,42
3,110.00,car_flow_E#10.6,349.024,2.561,0,,260.000,0.000,42
3,110.00,car_flow_E#10.4,356.018,0.000,0,,260.000,0.000,42
3,110.00,car_flow_E#10.3,362.519,0.000,0,,260.000,0.000,42
3,110.00,car_flow_E#10.5,362.519,0.000,1,,260.000,0.000,42
3,115.00,car_flow_E#10.8,200.780,12.496,0,,260.000,0.000,44
3,115.00,car_flow_E#10.7,287.960,10.002,0,,260.000,0.000,44
3,115.00,car_flow_E#10.6,349.517,0.000,0,,260.000,0.000,44
3,115.00,car_flow_E#10.4,356.018,0.000,0,,260.000,0.000,44
3,115.00,car_flow_E#10.3,362.519,0.000,0,,260.000,0.000,44
3,115.00,car_flow_E#10.5,362.519,0.000,1,,260.000,0.000,44
3,120.00,car_flow_E#10.9,8.734,13.084,0,,260.000,0.000,46
3,120.00,car_flow_E#10.8,263.235,12.396,0,,260.000,0.000,46
3,120.00,car_flow_E#10.6,349.517,0.000,0,,260.000,0.000,46
3,120.00,car_flow_E#10.4,356.018,0.000,0,,260.000,0.000,46
3,120.00,car_flow_E#10.3,362.519,0.000,0,,260.000,0.000,46
3,120.00,car_flow_E#10.7,339.381,10.494,1,,260.000,0.000,46
3,120.00,car_flow_E#10.5,362.519,0.000,1,,260.000,0.000,46
4,25.00,car_flow_E#10.0,6.020,14.075,0,,260.000,0.000,9
4,30.00,car_flow_E#10.0,76.018,13.958,0,,260.000,0.000,14
4,35.00,car_flow_E#10.2,12.886,13.116,0,,260.000,0.000,18
4,35.00,car_flow_E#10.1,65.132,12.838,0,,260.000,0.000,18
4,35.00,car_flow_E#10.0,144.584,13.723,0,,260.000,0.000,18
4,40.00,car_flow_E#10.2,74.995,11.911,0,,260.000,0.000,22
4,40.00,car_flow_E#10.1,131.663,13.520,0,,260.000,0.000,22
4,40.00,car_flow_E#10.0,213.082,13.451,0,,260.000,0.000,22
4,45.00,car_flow_E#10.3,34.050,11.585,0,,260.000,0.000,28
4,45.00,car_flow_E#10.2,137.338,11.957,0,,260.000,0.000,28
4,45.00,car_flow_E#10.1,198.160,13.529,0,,260.000,0.000,28
4,45.00,car_flow_E#10.0,283.012,14.440,0,,260.000,0.000,28
4,50.00,car_flow_E#10.4,49.903,12.705,0,,260.000,0.000,27
4,50.00,car_flow_E#10.3,93.346,11.642,0,,260.000,0.000,27
4,50.00,car_flow_E#10.2,200.302,13.019,0,,260.000,0.000,27
4,50.00,car_flow_E#10.1,263.050,12.595,0,,260.000,0.000,27
4,50.00,car_flow_E#10.0,347.636,10.392,0,,260.000,0.000,27
4,55.00,car_flow_E#10.4,108.884,11.310,0,,260.000,0.000,24
4,55.00,car_flow_E#10.3,153.293,11.582,0,,260.000,0.000,24
4,55.00,car_flow_E#10.2,261.818,12.370,0,,260.000,0.000,24
4,55.00,car_flow_E#10.0,362.519,0.000,0,,260.000,0.000,24
4,55.00,car_flow_E#10.5,47.570,12.995,1,,260.000,0.000,24
4,55.00,car_flow_E#10.1,327.794,13.562,1,,260.000,0.000,24
4,60.00,car_flow_E#10.4,168.712,12.035,0,,260.000,0.000,22
4,60.00,car_flow_E#10.3,213.947,12.390,0,,260.000,0.000,22
4,60.00,car_flow_E#10.2,325.347,13.091,0,,260.000,0.000,22
4,60.00,car_flow_E#10.0,362.519,0.000,0,,260.000,0.000,22
4,60.00,car_flow_E#10.6,31.692,11.502,1,,260.000,0.000,22
4,60.00,car_flow_E#10.5,115.600,13.589,1,,260.000,0.000,22
4,60.00,car_flow_E#10.1,361.741,1.308,1,,260.000,0.000,22
4,65.00,car_flow_E#10.6,84.739,10.297,0,,260.000,0.000,25
4,65.00,car_flow_E#10.5,183.434,13.744,0,,260.000,0.000,25
4,65.00,car_flow_E#10.4,229.017,12.342,0,,260.000,0.000,25
4,65.00,car_flow_E#10.3,273.671,11.873,0,,260.000,0.000,25
4,65.00,car_flow_E#10.2,351.815,3.495,0,,260.000,0.000,25
4,65.00,car_flow_E#10.0,362.519,0.000,0,,260.000,0.000,25
4,65.00,car_flow_E#10.7,60.230,12.640,1,,260.000,0.000,25
4,65.00,car_flow_E#10.1,362.519,0.000,1,,260.000,0.000,25
4,70.00,car_flow_E#10.6,140.235,10.247,0,,260.000,0.000,30
4,70.00,car_flow_E#10.5,252.190,13.678,0,,260.000,0.000,30
4,70.00,car_flow_E#10.4,287.046,12.194,0,,260.000,0.000,30
4,70.00,car_flow_E#10.2,356.018,0.003,0,,260.000,0.000,30
4,70.00,car_flow_E#10.0,362.519,0.000,0,,260.000,0.000,30
4,70.00,car_flow_E#10.7,127.235,13.209,1,,260.000,0.000,30
4,70.00,car_flow_E#10.3,332.475,10.053,1,,260.000,0.000,30
4,70.00,car_flow_E#10.1,362.519,0.000,1,,260.000,0.000,30
4,75.00,car_flow_E#10.8,47.062,12.404,0,,260.000,0.000,31
4,75.00,car_flow_E#10.6,196.777,10.625,0,,260.000,0.000,31
4,75.00,car_flow_E#10.5,318.413,11.355,0,,260.000,0.000,31
4,75.00,car_flow_E#10.4,340.012,7.640,0,,260.000,0.000,31
4,75.00,car_flow_E#10.2,356.018,0.000,0,,260.000,0.000,31
4,75.00,car_flow_E#10.0,362.519,0.000,0,,260.000,0.000,31
4,75.00,car_flow_E#10.7,151.070,1.000,1,,260.000,0.000,31
4,75.00,car_flow_E#10.3,355.847,0.303,1,,260.000,0.000,31
4,75.00,car_flow_E#10.1,362.519,0.000,1,,260.000,0.000,31
4,80.00,car_flow_E#10.8,109.723,12.106,0,,260.000,0.000,37
4,80.00,car_flow_E#10.7,163.825,4.254,0,,260.000,0.000,37
4,80.00,car_flow_E#10.6,252.302,11.005,0,,260.000,0.000,37
4,80.00,car_flow_E#10.4,349.517,0.000,0,,260.000,0.000,37
4,80.00,car_flow_E#10.2,356.018,0.000,0,,260.000,0.000,37
4,80.00,car_flow_E#10.0,362.519,0.000,0,,260.000,0.000,37
4,80.00,car_flow_E#10.9,47.996,12.403,1,,260.000,0.000,37
4,80.00,car_flow_E#10.5,349.403,1.686,1,,260.000,0.000,37
4,80.00,car_flow_E#10.3,356.018,0.006,1,,260.000,0.000,37
4,80.00,car_flow_E#10.1,362.519,0.000,1,,260.000,0.000,37
4,85.00,car_flow_E#10.8,170.661,11.841,0,,260.000,0.000,40
4,85.00,car_flow_E#10.7,216.775,12.992,0,,260.000,0.000,40
4,85.00,car_flow_E#10.6,307.556,10.676,0,,260.000,0.000,40
4,85.00,car_flow_E#10.4,349.517,0.000,0,,260.000,0.000,40
4,85.00,car_flow_E#10.2,356.018,0.000,0,,260.000,0.000,40
4,85.00,car_flow_E#10.0,362.519,0.000,0,,260.000,0.000,40
4,85.00,car_flow_E#10.9,108.013,11.962,1,,260.000,0.000,40
4,85.00,car_flow_E#10.5,349.517,0.000,1,,260.000,0.000,40
4,85.00,car_flow_E#10.3,356.018,0.000,1,,260.000,0.000,40
4,85.00,car_flow_E#10.1,362.519,0.000,1,,260.000,0.000,40
4,90.00,car_flow_E#10.9,169.980,12.898,0,,260.000,0.000,45
4,90.00,car_flow_E#10.8,231.973,11.791,0,,260.000,0.000,45
4,90.00,car_flow_E#10.7,283.417,13.354,0,,260.000,0.000,45
4,90.00,car_flow_E#10.6,342.427,3.058,0,,260.000,0.000,45
4,90.00,car_flow_E#10.4,349.517,0.000,0,,260.000,0.000,45
4,90.00,car_flow_E#10.2,356.018,0.000,0,,260.000,0.000,45
4,90.00,car_flow_E#10.0,362.519,0.000,0,,260.000,0.000,45
4,90.00,car_flow_E#10.10,19.612,15.117,1,,260.000,0.000,45
4,90.00,car_flow_E#10.5,349.517,0.000,1,,260.000,0.000,45
4,90.00,car_flow_E#10.3,356.018,0.000,1,,260.000,0.000,45
4,90.00,car_flow_E#10.1,362.519,0.000,1,,260.000,0.000,45
4,95.00,car_flow_E#10.9,233.260,12.022,0,,260.000,0.000,46
4,95.00,car_flow_E#10.8,291.819,11.353,0,,260.000,0.000,46
4,95.00,car_flow_E#10.6,343.016,0.000,0,,260.000,0.000,46
4,95.00,car_flow_E#10.4,349.517,0.000,0,,260.000,0.000,46
4,95.00,car_flow_E#10.2,356.018,0.000,0,,260.000,0.000,46
4,95.00,car_flow_E#10.0,362.519,0.000,0,,260.000,0.000,46
4,95.00,car_flow_E#10.11,18.858,12.359,1,,260.000,0.000,46
4,95.00,car_flow_E#10.10,93.528,15.307,1,,260.000,0.000,46
4,95.00,car_flow_E#10.7,333.771,5.370,1,,260.000,0.000,46
4,95.00,car_flow_E#10.5,349.517,0.000,1,,260.000,0.000,46
4,95.00,car_flow_E#10.3,356.018,0.000,1,,260.000,0.000,46
4,95.00,car_flow_E#10.1,362.519,0.000,1,,260.000,0.000,46
4,100.00,car_flow_E#10.12,43.192,12.839,0,,260.000,0.000,50
4,100.00,car_flow_E#10.10,167.102,14.703,0,,260.000,0.000,50
4,100.00,car_flow_E#10.9,295.435,12.327,0,,260.000,0.000,50
4,100.00,car_flow_E#10.8,335.710,3.365,0,,260.000,0.000,50
4,100.00,car_flow_E#10.6,343.016,0.000,0,,260.000,0.000,50
4,100.00,car_flow_E#10.4,349.517,0.000,0,,260.000,0.000,50
4,100.00,car_flow_E#10.2,356.018,0.000,0,,260.000,0.000,50
4,100.00,car_flow_E#10.0,362.519,0.000,0,,260.000,0.000,50
4,100.00,car_flow_E#10.11,81.842,13.070,1,,260.000,0.000,50
4,100.00,car_flow_E#10.7,343.013,0.021,1,,260.000,0.000,50
4,100.00,car_flow_E#10.5,349.517,0.000,1,,260.000,0.000,50
4,100.00,car_flow_E#10.3,356.018,0.000,1,,260.000,0.000,50
4,100.00,car_flow_E#10.1,362.519,0.000,1,,260.000,0.000,50
4,105.00,car_flow_E#10.12,106.625,12.733,0,,260.000,0.000,52
4,105.00,car_flow_E#10.11,145.818,12.623,0,,260.000,0.000,52
4,105.00,car_flow_E#10.10,240.490,14.960,0,,260.000,0.000,52
4,105.00,car_flow_E#10.8,336.515,0.000,0,,260.000,0.000,52
4,105.00,car_flow_E#10.6,343.016,0.000,0,,260.000,0.000,52
4,105.00,car_flow_E#10.4,349.517,0.000,0,,260.000,0.000,52
4,105.00,car_flow_E#10.2,356.018,0.000,0,,260.000,0.000,52
4,105.00,car_flow_E#10.0,362.519,0.000,0,,260.000,0.000,52
4,105.00,car_flow_E#10.9,332.942,4.790,1,,260.000,0.000,52
4,105.00,car_flow_E#10.7,343.016,0.000,1,,260.000,0.000,52
4,105.00,car_flow_E#10.5,349.517,0.000,1,,260.000,0.000,52
4,105.00,car_flow_E#10.3,356.018,0.000,1,,260.000,0.000,52
4,105.00,car_flow_E#10.1,362.519,0.000,1,,260.000,0.000,52
4,110.00,car_flow_E#10.12,166.739,11.553,0,,260.000,0.000,56
4,110.00,car_flow_E#10.11,208.117,12.669,0,,260.000,0.000,56
4,110.00,car_flow_E#10.10,311.362,12.110,0,,260.000,0.000,56
4,110.00,car_flow_E#10.8,336.515,0.000,0,,260.000,0.000,56
4,110.00,car_flow_E#10.6,343.016,0.000,0,,260.000,0.000,56
4,110.00,car_flow_E#10.4,349.517,0.000,0,,260.000,0.000,56
4,110.00,car_flow_E#10.2,356.018,0.000,0,,260.000,0.000,56
4,110.00,car_flow_E#10.0,362.519,0.000,0,,260.000,0.000,56
4,110.00,car_flow_E#10.9,336.514,0.002,1,,260.000,0.000,56
4,110.00,car_flow_E#10.7,343.016,0.000,1,,260.000,0.000,56
4,110.00,car_flow_E#10.5,349.517,0.000,1,,260.000,0.000,56
4,110.00,car_flow_E#10.3,356.018,0.000,1,,260.000,0.000,56
4,110.00,car_flow_E#10.1,362.519,0.000,1,,260.000,0.000,56
4,115.00,car_flow_E#10.13,53.350,13.364,0,,260.000,0.000,63
4,115.00,car_flow_E#10.12,229.163,12.424,0,,260.000,0.000,63
4,115.00,car_flow_E#10.11,271.982,12.554,0,,260.000,0.000,63
4,115.00,car_flow_E#10.10,330.007,0.043,0,,260.000,0.000,63
4,115.00,car_flow_E#10.8,336.515,0.000,0,,260.000,0.000,63
4,115.00,car_flow_E#10.6,343.016,0.000,0,,260.000,0.000,63
4,115.00,car_flow_E#10.4,349.517,0.000,0,,260.000,0.000,63
4,115.00,car_flow_E#10.2,356.018,0.000,0,,260.000,0.000,63
4,115.00,car_flow_E#10.0,362.519,0.000,0,,260.000,0.000,63
4,115.00,car_flow_E#10.9,336.515,0.000,1,,260.000,0.000,63
4,115.00,car_flow_E#10.7,343.016,0.000,1,,260.000,0.000,63
4,115.00,car_flow_E#10.5,349.517,0.000,1,,260.000,0.000,63
4,115.00,car_flow_E#10.3,356.018,0.000,1,,260.000,0.000,63
4,115.00,car_flow_E#10.1,362.519,0.000,1,,260.000,0.000,63
4,120.00,car_flow_E#10.14,60.932,11.948,0,,260.000,0.000,64
4,120.00,car_flow_E#10.13,120.114,12.629,0,,260.000,0.000,64
4,120.00,car_flow_E#10.12,290.468,11.678,0,,260.000,0.000,64
4,120.00,car_flow_E#10.11,320.109,4.720,0,,260.000,0.000,64
4,120.00,car_flow_E#10.10,330.014,0.000,0,,260.000,0.000,64
4,120.00,car_flow_E#10.8,336.515,0.000,0,,260.000,0.000,64
4,120.00,car_flow_E#10.6,343.016,0.000,0,,260.000,0.000,64
4,120.00,car_flow_E#10.4,349.517,0.000,0,,260.000,0.000,64
4,120.00,car_flow_E#10.2,356.018,0.000,0,,260.000,0.000,64
4,120.00,car_flow_E#10.0,362.519,0.000,0,,260.000,0.000,64
4,120.00,car_flow_E#10.9,336.515,0.000,1,,260.000,0.000,64
4,120.00,car_flow_E#10.7,343.016,0.000,1,,260.000,0.000,64
4,120.00,car_flow_E#10.5,349.517,0.000,1,,260.000,0.000,64
4,120.00,car_flow_E#10.3,356.018,0.000,1,,260.000,0.000,64
4,120.00,car_flow_E#10.1,362.519,0.000,1,,260.000,0.000,64
5,25.00,car_flow_E#10.0,28.369,12.525,0,,260.000,0.000,8
5,30.00,car_flow_E#10.0,89.711,12.223,0,,260.000,0.000,14
5,35.00,car_flow_E#10.0,151.596,12.974,0,,260.000,0.000,16
5,40.00,car_flow_E#10.0,212.627,12.006,0,,260.000,0.000,18
5,45.00,car_flow_E#10.1,11.227,11.885,0,,260.000,0.000,22
5,45.00,car_flow_E#10.0,274.337,12.614,0,,260.000,0.000,22
5,50.00,car_flow_E#10.2,24.801,12.237,0,,260.000,0.000,26
5,50.00,car_flow_E#10.1,68.468,11.870,0,,260.000,0.000,26
5,50.00,car_flow_E#10.0,336.916,12.074,0,,260.000,0.000,26
5,55.00,car_flow_E#10.2,88.700,12.754,0,,260.000,0.000,25
5,55.00,car_flow_E#10.1,124.858,11.549,0,,260.000,0.000,25
5,55.00,car_flow_E#10.0,360.840,4.002,0,,260.000,0.000,25
5,60.00,car_flow_E#10.2,151.610,12.928,0,,260.000,0.000,30
5,60.00,car_flow_E#10.1,180.648,11.210,0,,260.000,0.000,30
5,60.00,car_flow_E#10.0,362.516,0.012,0,,260.000,0.000,30
5,60.00,car_flow_E#10.4,31.368,13.929,1,,260.000,0.000,30
5,60.00,car_flow_E#10.3,56.992,12.995,1,,260.000,0.000,30
5,65.00,car_flow_E#10.2,211.773,12.267,0,,260.000,0.000,33
5,65.00,car_flow_E#10.1,236.935,11.388,0,,260.000,0.000,33
5,65.00,car_flow_E#10.4,96.538,12.704,1,,260.000,0.000,33
5,65.00,car_flow_E#10.3,121.168,12.857,1,,260.000,0.000,33
5,70.00,car_flow_E#10.4,161.257,14.898,0,,260.000,0.000,42
5,70.00,car_flow_E#10.2,268.682,10.835,0,,260.000,0.000,42
5,70.00,car_flow_E#10.1,292.488,11.665,0,,260.000,0.000,42
5,70.00,car_flow_E#10.6,1.494,15.102,1,,260.000,0.000,42
5,70.00,car_flow_E#10.5,45.095,12.169,1,,260.000,0.000,42
5,70.00,car_flow_E#10.3,143.953,1.000,1,,260.000,0.000,42
5,75.00,car_flow_E#10.4,232.689,14.246,0,,260.000,0.000,49
5,75.00,car_flow_E#10.2,326.510,10.430,0,,260.000,0.000,49
5,75.00,car_flow_E#10.1,347.699,10.476,0,,260.000,0.000,49
5,75.00,car_flow_E#10.6,76.160,14.085,1,,260.000,0.000,49
5,75.00,car_flow_E#10.5,108.135,12.158,1,,260.000,0.000,49
5,75.00,car_flow_E#10.3,186.710,13.044,1,,260.000,0.000,49
5,80.00,car_flow_E#10.5,171.149,13.234,0,,260.000,0.000,48
5,80.00,car_flow_E#10.3,215.203,4.861,0,,260.000,0.000,48
5,80.00,car_flow_E#10.4,303.231,14.595,0,,260.000,0.000,48
5,80.00,car_flow_E#10.2,345.782,3.742,0,,260.000,0.000,48
5,80.00,car_flow_E#10.1,362.519,0.000,0,,260.000,0.000,48
5,80.00,car_flow_E#10.7,28.153,14.239,1,,260.000,0.000,48
5,80.00,car_flow_E#10.6,146.742,14.949,1,,260.000,0.000,48
5,85.00,car_flow_E#10.5,233.641,12.690,0,,260.000,0.000,50
5,85.00,car_flow_E#10.3,271.641,13.273,0,,260.000,0.000,50
5,85.00,car_flow_E#10.2,355.976,0.172,0,,260.000,0.000,50
5,85.00,car_flow_E#10.1,362.519,0.000,0,,260.000,0.000,50
5,85.00,car_flow_E#10.7,98.901,14.212,1,,260.000,0.000,50
5,85.00,car_flow_E#10.6,177.539,1.000,1,,260.000,0.000,50
5,85.00,car_flow_E#10.4,356.415,7.145,1,,260.000,0.000,50
5,90.00,car_flow_E#10.6,190.057,4.018,0,,260.000,0.000,56
5,90.00,car_flow_E#10.5,296.064,11.956,0,,260.000,0.000,56
5,90.00,car_flow_E#10.2,356.018,0.000,0,,260.000,0.000,56
5,90.00,car_flow_E#10.1,362.519,0.000,0,,260.000,0.000,56
5,90.00,car_flow_E#10.8,55.933,11.505,1,,260.000,0.000,56
5,90.00,car_flow_E#10.7,168.277,13.775,1,,260.000,0.000,56
5,90.00,car_flow_E#10.3,332.586,10.180,1,,260.000,0.000,56
5,90.00,car_flow_E#10.4,362.516,0.003,1,,260.000,0.000,56
5,95.00,car_flow_E#10.7,199.057,4.955,0,,260.000,0.000,59
5,95.00,car_flow_E#10.6,217.832,9.255,0,,260.000,0.000,59
5,95.00,car_flow_E#10.5,346.109,6.023,0,,260.000,0.000,59
5,95.00,car_flow_E#10.2,356.018,0.000,0,,260.000,0.000,59
5,95.00,car_flow_E#10.1,362.519,0.000,0,,260.000,0.000,59
5,95.00,car_flow_E#10.9,38.261,11.333,1,,260.000,0.000,59
5,95.00,car_flow_E#10.8,115.107,12.494,1,,260.000,0.000,59
5,95.00,car_flow_E#10.3,355.982,0.474,1,,260.000,0.000,59
5,95.00,car_flow_E#10.4,362.519,0.000,1,,260.000,0.000,59
5,100.00,car_flow_E#10.8,172.791,11.341,0,,260.000,0.000,61
5,100.00,car_flow_E#10.7,256.213,14.283,0,,260.000,0.000,61
5,100.00,car_flow_E#10.6,289.732,15.634,0,,260.000,0.000,61
5,100.00,car_flow_E#10.5,349.517,0.000,0,,260.000,0.000,61
5,100.00,car_flow_E#10.2,356.018,0.000,0,,260.000,0.000,61
5,100.00,car_flow_E#10.1,362.519,0.000,0,,260.000,0.000,61
5,100.00,car_flow_E#10.10,64.204,13.056,1,,260.000,0.000,61
5,100.00,car_flow_E#10.9,95.017,10.984,1,,260.000,0.000,61
5,100.00,car_flow_E#10.3,356.018,0.000,1,,260.000,0.000,61
5,100.00,car_flow_E#10.4,362.519,0.000,1,,260.000,0.000,61
5,105.00,car_flow_E#10.9,151.012,11.634,0,,260.000,0.000,57
5,105.00,car_flow_E#10.8,231.486,11.844,0,,260.000,0.000,57
5,105.00,car_flow_E#10.7,321.676,11.443,0,,260.000,0.000,57
5,105.00,car_flow_E#10.5,349.517,0.000,0,,260.000,0.000,57
5,105.00,car_flow_E#10.2,356.018,0.000,0,,260.000,0.000,57
5,105.00,car_flow_E#10.1,362.519,0.000,0,,260.000,0.000,57
5,105.00,car_flow_E#10.10,128.870,12.683,1,,260.000,0.000,57
5,105.00,car_flow_E#10.6,341.949,6.616,1,,260.000,0.000,57
5,105.00,car_flow_E#10.3,356.018,0.000,1,,260.000,0.000,57
5,105.00,car_flow_E#10.4,362.519,0.000,1,,260.000,0.000,57
5,110.00,car_flow_E#10.9,207.346,10.715,0,,260.000,0.000,62
5,110.00,car_flow_E#10.8,290.166,11.690,0,,260.000,0.000,62
5,110.00,car_flow_E#10.7,341.393,1.689,0,,260.000,0.000,62
5,110.00,car_flow_E#10.5,349.517,0.000,0,,260.000,0.000,62
5,110.00,car_flow_E#10.2,356.018,0.000,0,,260.000,0.000,62
5,110.00,car_flow_E#10.1,362.519,0.000,0,,260.000,0.000,62
5,110.00,car_flow_E#10.10,151.394,1.000,1,,260.000,0.000,62
5,110.00,car_flow_E#10.6,349.503,0.022,1,,260.000,0.000,62
5,110.00,car_flow_E#10.3,356.018,0.000,1,,260.000,0.000,62
5,110.00,car_flow_E#10.4,362.519,0.000,1,,260.000,0.000,62
5,115.00,car_flow_E#10.10,165.070,5.176,0,,260.000,0.000,61
5,115.00,car_flow_E#10.9,264.049,11.732,0,,260.000,0.000,61
5,115.00,car_flow_E#10.7,343.016,0.000,0,,260.000,0.000,61
5,115.00,car_flow_E#10.5,349.517,0.000,0,,260.000,0.000,61
5,115.00,car_flow_E#10.2,356.018,0.000,0,,260.000,0.000,61
5,115.00,car_flow_E#10.1,362.519,0.000,0,,260.000,0.000,61
5,115.00,car_flow_E#10.8,337.171,6.923,1,,260.000,0.000,61
5,115.00,car_flow_E#10.6,349.517,0.000,1,,260.000,0.000,61
5,115.00,car_flow_E#10.3,356.018,0.000,1,,260.000,0.000,61
5,115.00,car_flow_E#10.4,362.519,0.000,1,,260.000,0.000,61
5,120.00,car_flow_E#10.11,6.431,10.218,0,,260.000,0.000,60
5,120.00,car_flow_E#10.10,218.136,12.750,0,,260.000,0.000,60
5,120.00,car_flow_E#10.9,320.004,10.033,0,,260.000,0.000,60
5,120.00,car_flow_E#10.7,343.016,0.000,0,,260.000,0.000,60
5,120.00,car_flow_E#10.5,349.517,0.000,0,,260.000,0.000,60
5,120.00,car_flow_E#10.2,356.018,0.000,0,,260.000,0.000,60
5,120.00,car_flow_E#10.1,362.519,0.000,0,,260.000,0.000,60
5,120.00,car_flow_E#10.8,343.015,0.032,1,,260.000,0.000,60
5,120.00,car_flow_E#10.6,349.517,0.000,1,,260.000,0.000,60
5,120.00,car_flow_E#10.3,356.018,0.000,1,,260.000,0.000,60
5,120.00,car_flow_E#10.4,362.519,0.000,1,,260.000,0.000,60
6,25.00,car_flow_E#10.0,55.323,15.512,0,,260.000,0.000,9
6,30.00,car_flow_E#10.2,15.777,12.870,0,,260.000,0.000,11
6,30.00,car_flow_E#10.1,65.164,12.830,0,,260.000,0.000,11
6,30.00,car_flow_E#10.0,137.721,16.877,0,,260.000,0.000,11
6,35.00,car_flow_E#10.3,39.726,13.972,0,,260.000,0.000,17
6,35.00,car_flow_E#10.2,76.961,12.943,0,,260.000,0.000,17
6,35.00,car_flow_E#10.1,132.656,13.084,0,,260.000,0.000,17
6,35.00,car_flow_E#10.0,221.192,16.704,0,,260.000,0.000,17
6,40.00,car_flow_E#10.3,105.341,12.985,0,,260.000,0.000,18
6,40.00,car_flow_E#10.2,140.697,12.684,0,,260.000,0.000,18
6,40.00,car_flow_E#10.1,200.830,13.138,0,,260.000,0.000,18
6,40.00,car_flow_E#10.0,301.342,16.743,0,,260.000,0.000,18
6,45.00,car_flow_E#10.4,50.077,12.900,0,,260.000,0.000,23
6,45.00,car_flow_E#10.3,173.095,13.729,0,,260.000,0.000,23
6,45.00,car_flow_E#10.2,202.164,11.930,0,,260.000,0.000,23
6,45.00,car_flow_E#10.1,268.282,13.529,0,,260.000,0.000,23
6,45.00,car_flow_E#10.0,359.772,6.312,1,,260.000,0.000,23
6,50.00,car_flow_E#10.4,115.716,12.481,0,,260.000,0.000,25
6,50.00,car_flow_E#10.3,238.286,12.701,0,,260.000,0.000,25
6,50.00,car_flow_E#10.2,263.838,12.474,0,,260.000,0.000,25
6,50.00,car_flow_E#10.1,336.091,13.994,0,,260.000,0.000,25
6,50.00,car_flow_E#10.0,363.419,0.001,1,,260.000,0.000,25
6,55.00,car_flow_E#10.5,22.625,11.531,0,,260.000,0.000,27
6,55.00,car_flow_E#10.4,180.847,12.858,0,,260.000,0.000,27
6,55.00,car_flow_E#10.3,301.709,12.725,0,,260.000,0.000,27
6,55.00,car_flow_E#10.2,324.994,12.023,0,,260.000,0.000,27
6,55.00,car_flow_E#10.1,362.376,0.308,0,,260.000,0.000,27
6,55.00,car_flow_E#10.0,363.419,0.000,1,,260.000,0.000,27
6,60.00,car_flow_E#10.5,81.096,12.495,0,,260.000,0.000,35
6,60.00,car_flow_E#10.4,246.371,13.468,0,,260.000,0.000,35
6,60.00,car_flow_E#10.2,348.936,4.173,0,,260.000,0.000,35
6,60.00,car_flow_E#10.1,362.519,0.000,0,,260.000,0.000,35
6,60.00,car_flow_E#10.3,348.015,7.792,1,,260.000,0.000,35
6,60.00,car_flow_E#10.0,363.419,0.000,1,,260.000,0.000,35
6,65.00,car_flow_E#10.5,138.454,11.280,0,,260.000,0.000,44
6,65.00,car_flow_E#10.4,310.146,12.408,0,,260.000,0.000,44
6,65.00,car_flow_E#10.2,356.016,0.004,0,,260.000,0.000,44
6,65.00,car_flow_E#10.1,362.519,0.000,0,,260.000,0.000,44
6,65.00,car_flow_E#10.3,356.901,0.017,1,,260.000,0.000,44
6,65.00,car_flow_E#10.0,363.419,0.000,1,,260.000,0.000,44
6,70.00,car_flow_E#10.6,40.950,13.014,0,,260.000,0.000,47
6,70.00,car_flow_E#10.5,198.520,12.044,0,,260.000,0.000,47
6,70.00,car_flow_E#10.2,356.018,0.000,0,,260.000,0.000,47
6,70.00,car_flow_E#10.1,362.519,0.000,0,,260.000,0.000,47
6,70.00,car_flow_E#10.4,347.952,2.315,1,,260.000,0.000,47
6,70.00,car_flow_E#10.3,356.917,0.000,1,,260.000,0.000,47
6,70.00,car_flow_E#10.0,363.419,0.000,1,,260.000,0.000,47
6,75.00,car_flow_E#10.7,38.372,13.341,0,,260.000,0.000,48
6,75.00,car_flow_E#10.6,104.043,12.237,0,,260.000,0.000,48
6,75.00,car_flow_E#10.5,255.750,11.518,0,,260.000,0.000,48
6,75.00,car_flow_E#10.2,362.145,4.490,0,,260.000,0.000,48
6,75.00,car_flow_E#10.4,351.155,0.745,1,,260.000,0.000,48
6,75.00,car_flow_E#10.3,362.230,3.909,1,,260.000,0.000,48
6,80.00,car_flow_E#10.8,12.809,12.975,0,,260.000,0.000,44
6,80.00,car_flow_E#10.7,105.908,14.128,0,,260.000,0.000,44
6,80.00,car_flow_E#10.6,169.671,13.453,0,,260.000,0.000,44
6,80.00,car_flow_E#10.5,316.014,11.543,0,,260.000,0.000,44
6,85.00,car_flow_E#10.8,74.839,13.041,0,,260.000,0.000,38
6,85.00,car_flow_E#10.7,172.745,13.128,0,,260.000,0.000,38
6,85.00,car_flow_E#10.6,233.255,12.420,0,,260.000,0.000,38
6,85.00,car_flow_E#10.5,360.054,4.640,0,,260.000,0.000,38
6,90.00,car_flow_E#10.9,52.052,15.517,0,,260.000,0.000,33
6,90.00,car_flow_E#10.8,137.080,12.157,0,,260.000,0.000,33
6,90.00,car_flow_E#10.7,239.216,13.281,0,,260.000,0.000,33
6,90.00,car_flow_E#10.6,297.027,12.886,0,,260.000,0.000,33
6,90.00,car_flow_E#10.5,362.519,0.000,0,,260.000,0.000,33
6,95.00,car_flow_E#10.10,34.117,11.633,0,,260.000,0.000,35
6,95.00,car_flow_E#10.9,127.206,15.860,0,,260.000,0.000,35
6,95.00,car_flow_E#10.8,197.556,12.204,0,,260.000,0.000,35
6,95.00,car_flow_E#10.7,306.446,12.897,0,,260.000,0.000,35
6,95.00,car_flow_E#10.5,362.519,0.000,0,,260.000,0.000,35
6,95.00,car_flow_E#10.6,353.155,7.842,1,,260.000,0.000,35
6,100.00,car_flow_E#10.10,93.835,11.347,0,,260.000,0.000,38
6,100.00,car_flow_E#10.9,204.042,15.774,0,,260.000,0.000,38
6,100.00,car_flow_E#10.8,257.524,12.120,0,,260.000,0.000,38
6,100.00,car_flow_E#10.5,363.374,0.091,0,,260.000,0.000,38
6,100.00,car_flow_E#10.7,361.822,10.775,1,,260.000,0.000,38
6,105.00,car_flow_E#10.11,49.685,12.750,0,,260.000,0.000,44
6,105.00,car_flow_E#10.10,152.801,11.347,0,,260.000,0.000,44
6,105.00,car_flow_E#10.9,281.460,14.645,0,,260.000,0.000,44
6,105.00,car_flow_E#10.8,318.561,11.761,0,,260.000,0.000,44
6,110.00,car_flow_E#10.12,26.772,13.182,0,,260.000,0.000,43
6,110.00,car_flow_E#10.11,111.112,11.838,0,,260.000,0.000,43
6,110.00,car_flow_E#10.10,211.996,12.027,0,,260.000,0.000,43
6,110.00,car_flow_E#10.8,360.882,4.194,0,,260.000,0.000,43
6,110.00,car_flow_E#10.9,344.936,10.372,1,,260.000,0.000,43
6,115.00,car_flow_E#10.12,96.168,13.973,0,,260.000,0.000,41
6,115.00,car_flow_E#10.11,173.880,12.811,0,,260.000,0.000,41
6,115.00,car_flow_E#10.10,269.086,11.150,0,,260.000,0.000,41
6,115.00,car_flow_E#10.8,362.519,0.000,0,,260.000,0.000,41
6,115.00,car_flow_E#10.9,362.483,0.047,1,,260.000,0.000,41
6,120.00,car_flow_E#10.13,21.734,14.640,0,,260.000,0.000,41
6,120.00,car_flow_E#10.12,164.792,14.396,0,,260.000,0.000,41
6,120.00,car_flow_E#10.11,233.823,11.914,0,,260.000,0.000,41
6,120.00,car_flow_E#10.10,327.710,11.103,0,,260.000,0.000,41
6,120.00,car_flow_E#10.8,362.519,0.000,0,,260.000,0.000,41
6,120.00,car_flow_E#10.9,362.519,0.000,1,,260.000,0.000,41
7,45.00,car_flow_E#10.0,54.457,11.836,0,,260.000,0.000,30
7,50.00,car_flow_E#10.0,116.082,12.814,0,,260.000,0.000,32
7,55.00,car_flow_E#10.0,175.029,11.862,0,,260.000,0.000,31
7,60.00,car_flow_E#10.1,8.335,14.822,0,,260.000,0.000,30
7,60.00,car_flow_E#10.0,236.200,12.787,0,,260.000,0.000,30
7,65.00,car_flow_E#10.2,21.718,13.162,0,,260.000,0.000,26
7,65.00,car_flow_E#10.1,79.291,14.300,0,,260.000,0.000,26
7,65.00,car_flow_E#10.0,296.201,11.929,0,,260.000,0.000,26
7,70.00,car_flow_E#10.3,59.823,15.243,0,,260.000,0.000,29
7,70.00,car_flow_E#10.2,87.244,12.890,0,,260.000,0.000,29
7,70.00,car_flow_E#10.1,149.853,14.290,0,,260.000,0.000,29
7,70.00,car_flow_E#10.0,351.554,8.264,0,,260.000,0.000,29
7,75.00,car_flow_E#10.3,127.668,13.073,0,,260.000,0.000,32
7,75.00,car_flow_E#10.2,153.543,13.704,0,,260.000,0.000,32
7,75.00,car_flow_E#10.1,221.473,14.380,0,,260.000,0.000,32
7,75.00,car_flow_E#10.0,362.519,0.000,0,,260.000,0.000,32
7,80.00,car_flow_E#10.3,195.948,14.610,0,,260.000,0.000,35
7,80.00,car_flow_E#10.2,220.281,13.529,0,,260.000,0.000,35
7,80.00,car_flow_E#10.1,291.535,14.452,0,,260.000,0.000,35
7,80.00,car_flow_E#10.0,362.519,0.000,0,,260.000,0.000,35
7,80.00,car_flow_E#10.4,9.133,14.559,1,,260.000,0.000,35
7,85.00,car_flow_E#10.3,262.194,13.867,0,,260.000,0.000,41
7,85.00,car_flow_E#10.2,285.414,12.991,0,,260.000,0.000,41
7,85.00,car_flow_E#10.0,362.519,0.000,0,,260.000,0.000,41
7,85.00,car_flow_E#10.4,82.807,14.019,1,,260.000,0.000,41
7,85.00,car_flow_E#10.1,352.270,8.510,1,,260.000,0.000,41
7,90.00,car_flow_E#10.2,344.862,9.691,0,,260.000,0.000,38
7,90.00,car_flow_E#10.0,362.519,0.000,0,,260.000,0.000,38
7,90.00,car_flow_E#10.4,156.261,14.875,1,,260.000,0.000,38
7,90.00,car_flow_E#10.3,324.593,10.596,1,,260.000,0.000,38
7,90.00,car_flow_E#10.1,362.471,0.123,1,,260.000,0.000,38
7,95.00,car_flow_E#10.4,190.411,4.651,0,,260.000,0.000,45
7,95.00,car_flow_E#10.2,356.018,0.000,0,,260.000,0.000,45
7,95.00,car_flow_E#10.0,362.519,0.000,0,,260.000,0.000,45
7,95.00,car_flow_E#10.3,355.575,1.217,1,,260.000,0.000,45
7,95.00,car_flow_E#10.1,362.519,0.000,1,,260.000,0.000,45
7,100.00,car_flow_E#10.6,9.642,13.299,0,,260.000,0.000,48
7,100.00,car_flow_E#10.5,37.854,12.391,0,,260.000,0.000,48
7,100.00,car_flow_E#10.4,243.220,14.686,0,,260.000,0.000,48
7,100.00,car_flow_E#10.2,356.018,0.000,0,,260.000,0.000,48
7,100.00,car_flow_E#10.0,362.519,0.000,0,,260.000,0.000,48
7,100.00,car_flow_E#10.3,356.016,0.002,1,,260.000,0.000,48
7,100.00,car_flow_E#10.1,362.519,0.000,1,,260.000,0.000,48
7,105.00,car_flow_E#10.7,3.912,11.495,0,,260.000,0.000,46
7,105.00,car_flow_E#10.6,76.981,13.826,0,,260.000,0.000,46
7,105.00,car_flow_E#10.5,102.065,13.246,0,,260.000,0.000,46
7,105.00,car_flow_E#10.4,316.032,14.512,0,,260.000,0.000,46
7,105.00,car_flow_E#10.2,356.018,0.000,0,,260.000,0.000,46
7,105.00,car_flow_E#10.0,362.519,0.000,0,,260.000,0.000,46
7,105.00,car_flow_E#10.8,14.919,15.404,1,,260.000,0.000,46
7,105.00,car_flow_E#10.3,356.018,0.000,1,,260.000,0.000,46
7,105.00,car_flow_E#10.1,362.519,0.000,1,,260.000,0.000,46
7,110.00,car_flow_E#10.7,61.162,11.511,0,,260.000,0.000,50
7,110.00,car_flow_E#10.6,142.453,13.805,0,,260.000,0.000,50
7,110.00,car_flow_E#10.5,164.730,12.105,0,,260.000,0.000,50
7,110.00,car_flow_E#10.4,348.873,1.099,0,,260.000,0.000,50
7,110.00,car_flow_E#10.2,356.018,0.000,0,,260.000,0.000,50
7,110.00,car_flow_E#10.0,362.519,0.000,0,,260.000,0.000,50
7,110.00,car_flow_E#10.9,34.347,13.293,1,,260.000,0.000,50
7,110.00,car_flow_E#10.8,86.707,14.421,1,,260.000,0.000,50
7,110.00,car_flow_E#10.3,356.018,0.000,1,,260.000,0.000,50
7,110.00,car_flow_E#10.1,362.519,0.000,1,,260.000,0.000,50
7,115.00,car_flow_E#10.7,117.249,11.451,0,,260.000,0.000,54
7,115.00,car_flow_E#10.8,161.621,14.239,0,,260.000,0.000,54
7,115.00,car_flow_E#10.6,205.477,13.713,0,,260.000,0.000,54
7,115.00,car_flow_E#10.5,227.856,12.582,0,,260.000,0.000,54
7,115.00,car_flow_E#10.4,349.517,0.000,0,,260.000,0.000,54
7,115.00,car_flow_E#10.2,356.018,0.000,0,,260.000,0.000,54
7,115.00,car_flow_E#10.0,362.519,0.000,0,,260.000,0.000,54
7,115.00,car_flow_E#10.10,48.483,12.640,1,,260.000,0.000,54
7,115.00,car_flow_E#10.9,97.704,12.458,1,,260.000,0.000,54
7,115.00,car_flow_E#10.3,356.018,0.000,1,,260.000,0.000,54
7,115.00,car_flow_E#10.1,362.519,0.000,1,,260.000,0.000,54
7,120.00,car_flow_E#10.7,174.302,11.851,0,,260.000,0.000,55
7,120.00,car_flow_E#10.8,236.129,15.371,0,,260.000,0.000,55
7,120.00,car_flow_E#10.6,268.965,12.400,0,,260.000,0.000,55
7,120.00,car_flow_E#10.5,292.157,12.382,0,,260.000,0.000,55
7,120.00,car_flow_E#10.4,349.517,0.000,0,,260.000,0.000,55
7,120.00,car_flow_E#10.2,356.018,0.000,0,,260.000,0.000,55
7,120.00,car_flow_E#10.0,362.519,0.000,0,,260.000,0.000,55
7,120.00,car_flow_E#10.11,37.547,14.210,1,,260.000,0.000,55
7,120.00,car_flow_E#10.10,111.363,12.854,1,,260.000,0.000,55
7,120.00,car_flow_E#10.9,160.874,12.814,1,,260.000,0.000,55
7,120.00,car_flow_E#10.3,356.018,0.000,1,,260.000,0.000,55
7,120.00,car_flow_E#10.1,362.519,0.000,1,,260.000,0.000,55
8,30.00,car_flow_E#10.1,19.326,12.098,0,,260.000,0.000,4
8,30.00,car_flow_E#10.0,66.910,13.000,0,,260.000,0.000,4
8,35.00,car_flow_E#10.2,45.252,14.554,0,,260.000,0.000,14
8,35.00,car_flow_E#10.1,81.720,12.627,0,,260.000,0.000,14
8,35.00,car_flow_E#10.0,137.258,14.278,0,,260.000,0.000,14
8,40.00,car_flow_E#10.3,47.937,14.550,0,,260.000,0.000,19
8,40.00,car_flow_E#10.2,117.516,14.135,0,,260.000,0.000,19
8,40.00,car_flow_E#10.1,146.087,13.052,0,,260.000,0.000,19
8,40.00,car_flow_E#10.0,206.308,13.485,0,,260.000,0.000,19
8,45.00,car_flow_E#10.4,4.870,13.168,0,,260.000,0.000,25
8,45.00,car_flow_E#10.3,117.215,13.594,0,,260.000,0.000,25
8,45.00,car_flow_E#10.2,185.518,13.714,0,,260.000,0.000,25
8,45.00,car_flow_E#10.1,209.421,12.499,0,,260.000,0.000,25
8,45.00,car_flow_E#10.0,275.393,14.097,0,,260.000,0.000,25
8,50.00,car_flow_E#10.4,68.006,12.623,0,,260.000,0.000,25
8,50.00,car_flow_E#10.3,188.605,13.459,0,,260.000,0.000,25
8,50.00,car_flow_E#10.2,250.712,13.214,0,,260.000,0.000,25
8,50.00,car_flow_E#10.1,272.781,11.922,0,,260.000,0.000,25
8,50.00,car_flow_E#10.0,342.214,11.489,0,,260.000,0.000,25
8,55.00,car_flow_E#10.6,7.418,14.411,0,,260.000,0.000,27
8,55.00,car_flow_E#10.5,37.897,12.492,0,,260.000,0.000,27
8,55.00,car_flow_E#10.4,131.242,12.961,0,,260.000,0.000,27
8,55.00,car_flow_E#10.3,258.163,13.143,0,,260.000,0.000,27
8,55.00,car_flow_E#10.2,315.733,13.199,0,,260.000,0.000,27
8,55.00,car_flow_E#10.1,336.340,11.542,1,,260.000,0.000,27
8,60.00,car_flow_E#10.6,74.531,13.312,0,,260.000,0.000,33
8,60.00,car_flow_E#10.5,101.307,13.207,0,,260.000,0.000,33
8,60.00,car_flow_E#10.4,195.712,12.606,0,,260.000,0.000,33
8,60.00,car_flow_E#10.3,328.173,14.427,0,,260.000,0.000,33
8,65.00,car_flow_E#10.6,139.625,12.641,0,,260.000,0.000,30
8,65.00,car_flow_E#10.5,162.969,12.108,0,,260.000,0.000,30
8,65.00,car_flow_E#10.4,258.403,11.952,0,,260.000,0.000,30
8,65.00,car_flow_E#10.3,360.396,4.516,0,,260.000,0.000,30
8,70.00,car_flow_E#10.7,27.886,14.227,0,,260.000,0.000,33
8,70.00,car_flow_E#10.6,202.718,12.643,0,,260.000,0.000,33
8,70.00,car_flow_E#10.5,225.635,12.499,0,,260.000,0.000,33
8,70.00,car_flow_E#10.4,320.287,12.209,0,,260.000,0.000,33
8,70.00,car_flow_E#10.3,362.513,0.022,0,,260.000,0.000,33
8,75.00,car_flow_E#10.8,32.475,10.943,0,,260.000,0.000,33
8,75.00,car_flow_E#10.7,101.522,14.653,0,,260.000,0.000,33
8,75.00,car_flow_E#10.6,266.352,13.348,0,,260.000,0.000,33
8,75.00,car_flow_E#10.5,290.554,13.182,0,,260.000,0.000,33
8,75.00,car_flow_E#10.4,344.814,4.199,0,,260.000,0.000,33
8,75.00,car_flow_E#10.3,362.519,0.000,0,,260.000,0.000,33
8,80.00,car_flow_E#10.9,60.210,13.462,0,,260.000,0.000,36
8,80.00,car_flow_E#10.8,91.522,12.243,0,,260.000,0.000,36
8,80.00,car_flow_E#10.7,174.515,14.125,0,,260.000,0.000,36
8,80.00,car_flow_E#10.6,331.565,11.864,0,,260.000,0.000,36
8,80.00,car_flow_E#10.4,356.012,0.038,0,,260.000,0.000,36
8,80.00,car_flow_E#10.3,362.519,0.000,0,,260.000,0.000,36
8,80.00,car_flow_E#10.5,348.549,9.398,1,,260.000,0.000,36
8,85.00,car_flow_E#10.10,33.972,11.879,0,,260.000,0.000,37
8,85.00,car_flow_E#10.9,126.011,12.545,0,,260.000,0.000,37
8,85.00,car_flow_E#10.8,150.721,11.613,0,,260.000,0.000,37
8,85.00,car_flow_E#10.7,247.041,15.050,0,,260.000,0.000,37
8,85.00,car_flow_E#10.6,349.517,0.000,0,,260.000,0.000,37
8,85.00,car_flow_E#10.4,356.018,0.000,0,,260.000,0.000,37
8,85.00,car_flow_E#10.3,362.519,0.000,0,,260.000,0.000,37
8,85.00,car_flow_E#10.5,362.516,0.017,1,,260.000,0.000,37
8,90.00,car_flow_E#10.11,40.143,12.961,0,,260.000,0.000,38
8,90.00,car_flow_E#10.10,91.840,11.025,0,,260.000,0.000,38
8,90.00,car_flow_E#10.9,187.733,12.459,0,,260.000,0.000,38
8,90.00,car_flow_E#10.8,209.868,10.974,0,,260.000,0.000,38
8,90.00,car_flow_E#10.7,316.698,12.601,0,,260.000,0.000,38
8,90.00,car_flow_E#10.6,349.517,0.000,0,,260.000,0.000,38
8,90.00,car_flow_E#10.4,356.018,0.000,0,,260.000,0.000,38
8,90.00,car_flow_E#10.3,362.519,0.000,0,,260.000,0.000,38
8,90.00,car_flow_E#10.5,362.519,0.000,1,,260.000,0.000,38
8,95.00,car_flow_E#10.11,107.651,13.875,0,,260.000,0.000,43
8,95.00,car_flow_E#10.10,149.199,11.419,0,,260.000,0.000,43
8,95.00,car_flow_E#10.9,247.375,12.246,0,,260.000,0.000,43
8,95.00,car_flow_E#10.8,268.993,12.288,0,,260.000,0.000,43
8,95.00,car_flow_E#10.6,349.517,0.000,0,,260.000,0.000,43
8,95.00,car_flow_E#10.4,356.018,0.000,0,,260.000,0.000,43
8,95.00,car_flow_E#10.3,362.519,0.000,0,,260.000,0.000,43
8,95.00,car_flow_E#10.7,354.926,3.142,1,,260.000,0.000,43
8,95.00,car_flow_E#10.5,362.519,0.000,1,,260.000,0.000,43
8,100.00,car_flow_E#10.11,174.471,12.804,0,,260.000,0.000,44
8,100.00,car_flow_E#10.10,209.690,12.151,0,,260.000,0.000,44
8,100.00,car_flow_E#10.9,305.033,11.976,0,,260.000,0.000,44
8,100.00,car_flow_E#10.6,350.762,1.245,0,,260.000,0.000,44
8,100.00,car_flow_E#10.4,361.403,3.558,0,,260.000,0.000,44
8,100.00,car_flow_E#10.12,76.352,15.357,1,,260.000,0.000,44
8,100.00,car_flow_E#10.8,325.878,10.004,1,,260.000,0.000,44
8,100.00,car_flow_E#10.7,363.356,4.777,1,,260.000,0.000,44
8,105.00,car_flow_E#10.11,241.761,13.156,0,,260.000,0.000,44
8,105.00,car_flow_E#10.10,270.169,11.545,0,,260.000,0.000,44
8,105.00,car_flow_E#10.12,149.778,15.313,1,,260.000,0.000,44
8,110.00,car_flow_E#10.13,36.654,10.229,0,,260.000,0.000,42
8,110.00,car_flow_E#10.11,305.433,12.563,0,,260.000,0.000,42
8,110.00,car_flow_E#10.10,329.312,11.732,0,,260.000,0.000,42
8,110.00,car_flow_E#10.12,182.032,1.000,1,,260.000,0.000,42
8,115.00,car_flow_E#10.13,89.021,10.436,0,,260.000,0.000,41
8,115.00,car_flow_E#10.12,195.361,4.829,0,,260.000,0.000,41
8,115.00,car_flow_E#10.10,352.308,4.101,0,,260.000,0.000,41
8,115.00,car_flow_E#10.15,9.922,13.203,1,,260.000,0.000,41
8,115.00,car_flow_E#10.14,37.420,12.123,1,,260.000,0.000,41
8,120.00,car_flow_E#10.13,142.869,10.100,0,,260.000,0.000,41
8,120.00,car_flow_E#10.12,253.029,15.676,0,,260.000,0.000,41
8,120.00,car_flow_E#10.10,362.517,0.004,0,,260.000,0.000,41
8,120.00,car_flow_E#10.15,74.434,12.911,1,,260.000,0.000,41
8,120.00,car_flow_E#10.14,100.598,12.919,1,,260.000,0.000,41
9,25.00,car_flow_E#10.0,23.709,12.198,0,,260.000,0.000,11
9,30.00,car_flow_E#10.0,82.496,11.212,0,,260.000,0.000,14
9,30.00,car_flow_E#10.2,40.325,14.495,1,,260.000,0.000,14
9,30.00,car_flow_E#10.1,79.354,16.098,1,,260.000,0.000,14
9,35.00,car_flow_E#10.0,140.057,11.236,0,,260.000,0.000,17
9,35.00,car_flow_E#10.1,158.090,15.176,0,,260.000,0.000,17
9,35.00,car_flow_E#10.4,26.184,13.888,1,,260.000,0.000,17
9,35.00,car_flow_E#10.3,67.523,13.765,1,,260.000,0.000,17
9,35.00,car_flow_E#10.2,115.900,14.893,1,,260.000,0.000,17
9,40.00,car_flow_E#10.0,198.941,11.764,0,,260.000,0.000,20
9,40.00,car_flow_E#10.1,237.138,15.484,0,,260.000,0.000,20
9,40.00,car_flow_E#10.5,70.908,14.337,1,,260.000,0.000,20
9,40.00,car_flow_E#10.4,96.699,13.324,1,,260.000,0.000,20
9,40.00,car_flow_E#10.3,140.102,14.974,1,,260.000,0.000,20
9,40.00,car_flow_E#10.2,185.163,11.504,1,,260.000,0.000,20
9,45.00,car_flow_E#10.5,139.707,10.859,0,,260.000,0.000,20
9,45.00,car_flow_E#10.2,208.498,4.322,0,,260.000,0.000,20
9,45.00,car_flow_E#10.0,257.427,11.740,0,,260.000,0.000,20
9,45.00,car_flow_E#10.1,314.519,15.511,0,,260.000,0.000,20
9,45.00,car_flow_E#10.6,31.438,12.249,1,,260.000,0.000,20
9,45.00,car_flow_E#10.4,156.363,7.441,1,,260.000,0.000,20
9,45.00,car_flow_E#10.3,170.999,1.000,1,,260.000,0.000,20
9,50.00,car_flow_E#10.4,171.020,0.556,0,,260.000,0.000,24
9,50.00,car_flow_E#10.5,179.456,5.278,0,,260.000,0.000,24
9,50.00,car_flow_E#10.2,264.467,14.370,0,,260.000,0.000,24
9,50.00,car_flow_E#10.0,316.406,11.490,0,,260.000,0.000,24
9,50.00,car_flow_E#10.1,360.641,3.600,0,,260.000,0.000,24
9,50.00,car_flow_E#10.7,33.383,11.655,1,,260.000,0.000,24
9,50.00,car_flow_E#10.6,93.562,12.272,1,,260.000,0.000,24
9,50.00,car_flow_E#10.3,184.164,4.665,1,,260.000,0.000,24
9,55.00,car_flow_E#10.4,190.732,7.719,0,,260.000,0.000,24
9,55.00,car_flow_E#10.5,209.135,10.465,0,,260.000,0.000,24
9,55.00,car_flow_E#10.3,238.469,14.079,0,,260.000,0.000,24
9,55.00,car_flow_E#10.2,335.675,11.667,0,,260.000,0.000,24
9,55.00,car_flow_E#10.1,362.519,0.000,0,,260.000,0.000,24
9,55.00,car_flow_E#10.8,31.956,11.409,1,,260.000,0.000,24
9,55.00,car_flow_E#10.7,90.965,11.425,1,,260.000,0.000,24
9,55.00,car_flow_E#10.6,157.583,13.412,1,,260.000,0.000,24
9,55.00,car_flow_E#10.0,360.995,4.430,1,,260.000,0.000,24
9,60.00,car_flow_E#10.6,187.290,4.971,0,,260.000,0.000,26
9,60.00,car_flow_E#10.4,257.594,14.274,0,,260.000,0.000,26
9,60.00,car_flow_E#10.5,282.042,13.724,0,,260.000,0.000,26
9,60.00,car_flow_E#10.3,310.190,14.578,0,,260.000,0.000,26
9,60.00,car_flow_E#10.2,355.422,1.046,0,,260.000,0.000,26
9,60.00,car_flow_E#10.1,362.519,0.000,0,,260.000,0.000,26
9,60.00,car_flow_E#10.9,11.753,9.547,1,,260.000,0.000,26
9,60.00,car_flow_E#10.8,86.199,10.396,1,,260.000,0.000,26
9,60.00,car_flow_E#10.7,149.962,11.772,1,,260.000,0.000,26
9,60.00,car_flow_E#10.0,362.519,0.002,1,,260.000,0.000,26
9,65.00,car_flow_E#10.11,15.972,11.285,0,,260.000,0.000,32
9,65.00,car_flow_E#10.9,61.288,10.235,0,,260.000,0.000,32
9,65.00,car_flow_E#10.8,140.743,10.806,0,,260.000,0.000,32
9,65.00,car_flow_E#10.6,244.341,12.777,0,,260.000,0.000,32
9,65.00,car_flow_E#10.4,322.566,10.819,0,,260.000,0.000,32
9,65.00,car_flow_E#10.5,341.955,7.216,0,,260.000,0.000,32
9,65.00,car_flow_E#10.2,356.013,0.009,0,,260.000,0.000,32
9,65.00,car_flow_E#10.1,362.519,0.000,0,,260.000,0.000,32
9,65.00,car_flow_E#10.10,39.669,11.008,1,,260.000,0.000,32
9,65.00,car_flow_E#10.7,171.120,1.000,1,,260.000,0.000,32
9,65.00,car_flow_E#10.3,354.536,4.118,1,,260.000,0.000,32
9,65.00,car_flow_E#10.0,362.519,0.000,1,,260.000,0.000,32
9,70.00,car_flow_E#10.13,10.864,12.823,0,,260.000,0.000,30
9,70.00,car_flow_E#10.11,83.491,12.675,0,,260.000,0.000,30
9,70.00,car_flow_E#10.9,112.297,9.663,0,,260.000,0.000,30
9,70.00,car_flow_E#10.8,171.804,3.522,0,,260.000,0.000,30
9,70.00,car_flow_E#10.7,184.920,5.300,0,,260.000,0.000,30
9,70.00,car_flow_E#10.6,308.127,11.901,0,,260.000,0.000,30
9,70.00,car_flow_E#10.4,342.314,3.591,0,,260.000,0.000,30
9,70.00,car_flow_E#10.5,349.517,0.000,0,,260.000,0.000,30
9,70.00,car_flow_E#10.2,356.018,0.000,0,,260.000,0.000,30
9,70.00,car_flow_E#10.1,362.519,0.000,0,,260.000,0.000,30
9,70.00,car_flow_E#10.12,34.447,11.593,1,,260.000,0.000,30
9,70.00,car_flow_E#10.10,99.384,12.158,1,,260.000,0.000,30
9,70.00,car_flow_E#10.3,356.018,0.000,1,,260.000,0.000,30
9,70.00,car_flow_E#10.0,362.519,0.000,1,,260.000,0.000,30
9,75.00,car_flow_E#10.13,73.404,12.572,0,,260.000,0.000,38
9,75.00,car_flow_E#10.11,140.998,10.991,0,,260.000,0.000,38
9,75.00,car_flow_E#10.9,161.806,9.975,0,,260.000,0.000,38
9,75.00,car_flow_E#10.8,215.385,10.324,0,,260.000,0.000,38
9,75.00,car_flow_E#10.7,238.611,12.537,0,,260.000,0.000,38
9,75.00,car_flow_E#10.4,343.015,0.002,0,,260.000,0.000,38
9,75.00,car_flow_E#10.5,349.752,0.235,0,,260.000,0.000,38
9,75.00,car_flow_E#10.2,356.826,0.394,0,,260.000,0.000,38
9,75.00,car_flow_E#10.1,363.414,0.013,0,,260.000,0.000,38
9,75.00,car_flow_E#10.14,53.334,13.208,1,,260.000,0.000,38
9,75.00,car_flow_E#10.12,96.840,11.703,1,,260.000,0.000,38
9,75.00,car_flow_E#10.10,157.951,11.153,1,,260.000,0.000,38
9,75.00,car_flow_E#10.6,348.424,5.133,1,,260.000,0.000,38
9,75.00,car_flow_E#10.3,358.724,0.107,1,,260.000,0.000,38
9,80.00,car_flow_E#10.16,37.304,15.065,0,,260.000,0.000,44
9,80.00,car_flow_E#10.13,134.559,12.235,0,,260.000,0.000,44
9,80.00,car_flow_E#10.11,167.764,2.404,0,,260.000,0.000,44
9,80.00,car_flow_E#10.10,181.391,4.788,0,,260.000,0.000,44
9,80.00,car_flow_E#10.9,214.997,10.850,0,,260.000,0.000,44
9,80.00,car_flow_E#10.8,268.727,10.445,0,,260.000,0.000,44
9,80.00,car_flow_E#10.7,298.080,11.858,0,,260.000,0.000,44
9,80.00,car_flow_E#10.4,343.909,0.051,0,,260.000,0.000,44
9,80.00,car_flow_E#10.5,350.416,0.002,0,,260.000,0.000,44
9,80.00,car_flow_E#10.2,356.918,0.000,0,,260.000,0.000,44
9,80.00,car_flow_E#10.1,363.419,0.000,0,,260.000,0.000,44
9,80.00,car_flow_E#10.17,12.691,14.950,1,,260.000,0.000,44
9,80.00,car_flow_E#10.15,66.144,13.922,1,,260.000,0.000,44
9,80.00,car_flow_E#10.14,121.268,13.254,1,,260.000,0.000,44
9,80.00,car_flow_E#10.12,156.333,12.182,1,,260.000,0.000,44
9,80.00,car_flow_E#10.6,363.415,4.975,1,,260.000,0.000,44
9,85.00,car_flow_E#10.16,112.976,14.634,0,,260.000,0.000,49
9,85.00,car_flow_E#10.13,169.466,4.319,0,,260.000,0.000,49
9,85.00,car_flow_E#10.12,182.251,4.873,0,,260.000,0.000,49
9,85.00,car_flow_E#10.11,208.117,11.344,0,,260.000,0.000,49
9,85.00,car_flow_E#10.10,230.997,11.363,0,,260.000,0.000,49
9,85.00,car_flow_E#10.9,264.867,10.856,0,,260.000,0.000,49
9,85.00,car_flow_E#10.8,323.032,9.384,0,,260.000,0.000,49
9,85.00,car_flow_E#10.4,343.916,0.000,0,,260.000,0.000,49
9,85.00,car_flow_E#10.5,350.417,0.000,0,,260.000,0.000,49
9,85.00,car_flow_E#10.2,356.918,0.000,0,,260.000,0.000,49
9,85.00,car_flow_E#10.1,363.419,0.000,0,,260.000,0.000,49
9,85.00,car_flow_E#10.17,82.005,14.722,1,,260.000,0.000,49
9,85.00,car_flow_E#10.15,127.810,8.648,1,,260.000,0.000,49
9,85.00,car_flow_E#10.14,145.283,1.000,1,,260.000,0.000,49
9,85.00,car_flow_E#10.7,348.462,8.964,1,,260.000,0.000,49
9,90.00,car_flow_E#10.16,181.743,14.169,0,,260.000,0.000,52
9,90.00,car_flow_E#10.13,214.431,11.628,0,,260.000,0.000,52
9,90.00,car_flow_E#10.12,235.888,12.439,0,,260.000,0.000,52
9,90.00,car_flow_E#10.11,267.281,11.438,0,,260.000,0.000,52
9,90.00,car_flow_E#10.10,289.839,12.565,0,,260.000,0.000,52
9,90.00,car_flow_E#10.9,315.100,9.376,0,,260.000,0.000,52
9,90.00,car_flow_E#10.8,337.415,0.000,0,,260.000,0.000,52
9,90.00,car_flow_E#10.4,343.916,0.000,0,,260.000,0.000,52
9,90.00,car_flow_E#10.5,350.417,0.000,0,,260.000,0.000,52
9,90.00,car_flow_E#10.2,356.918,0.000,0,,260.000,0.000,52
9,90.00,car_flow_E#10.1,363.419,0.000,0,,260.000,0.000,52
9,90.00,car_flow_E#10.18,60.851,13.116,1,,260.000,0.000,52
9,90.00,car_flow_E#10.17,133.453,5.234,1,,260.000,0.000,52
9,90.00,car_flow_E#10.15,144.203,1.000,1,,260.000,0.000,52
9,90.00,car_flow_E#10.14,189.879,14.202,1,,260.000,0.000,52
9,90.00,car_flow_E#10.7,362.353,0.205,1,,260.000,0.000,52
9,95.00,car_flow_E#10.14,221.626,4.639,0,,260.000,0.000,57
9,95.00,car_flow_E#10.16,249.063,13.146,0,,260.000,0.000,57
9,95.00,car_flow_E#10.13,274.679,11.916,0,,260.000,0.000,57
9,95.00,car_flow_E#10.12,294.566,10.657,0,,260.000,0.000,57
9,95.00,car_flow_E#10.11,318.199,9.817,0,,260.000,0.000,57
9,95.00,car_flow_E#10.8,337.415,0.000,0,,260.000,0.000,57
9,95.00,car_flow_E#10.4,343.916,0.000,0,,260.000,0.000,57
9,95.00,car_flow_E#10.5,350.417,0.000,0,,260.000,0.000,57
9,95.00,car_flow_E#10.2,356.918,0.000,0,,260.000,0.000,57
9,95.00,car_flow_E#10.1,363.419,0.000,0,,260.000,0.000,57
9,95.00,car_flow_E#10.19,60.255,11.738,1,,260.000,0.000,57
9,95.00,car_flow_E#10.18,120.930,9.753,1,,260.000,0.000,57
9,95.00,car_flow_E#10.17,144.253,1.000,1,,260.000,0.000,57
9,95.00,car_flow_E#10.15,180.837,12.072,1,,260.000,0.000,57
9,95.00,car_flow_E#10.10,334.118,8.618,1,,260.000,0.000,57
9,95.00,car_flow_E#10.9,350.896,7.001,1,,260.000,0.000,57
9,95.00,car_flow_E#10.7,362.519,0.000,1,,260.000,0.000,57
9,100.00,car_flow_E#10.20,36.530,11.809,0,,260.000,0.000,64
9,100.00,car_flow_E#10.15,207.035,5.481,0,,260.000,0.000,64
9,100.00,car_flow_E#10.14,275.228,13.142,0,,260.000,0.000,64
9,100.00,car_flow_E#10.16,305.470,9.214,0,,260.000,0.000,64
9,100.00,car_flow_E#10.13,322.377,7.523,0,,260.000,0.000,64
9,100.00,car_flow_E#10.8,337.415,0.000,0,,260.000,0.000,64
9,100.00,car_flow_E#10.4,343.916,0.000,0,,260.000,0.000,64
9,100.00,car_flow_E#10.5,352.170,1.753,0,,260.000,0.000,64
9,100.00,car_flow_E#10.2,363.393,4.172,0,,260.000,0.000,64
9,100.00,car_flow_E#10.21,56.057,14.337,1,,260.000,0.000,64
9,100.00,car_flow_E#10.19,119.013,9.668,1,,260.000,0.000,64
9,100.00,car_flow_E#10.18,139.059,1.000,1,,260.000,0.000,64
9,100.00,car_flow_E#10.17,178.449,10.960,1,,260.000,0.000,64
9,100.00,car_flow_E#10.12,332.512,3.833,1,,260.000,0.000,64
9,100.00,car_flow_E#10.11,342.031,1.114,1,,260.000,0.000,64
9,100.00,car_flow_E#10.10,350.299,1.108,1,,260.000,0.000,64
9,100.00,car_flow_E#10.9,361.561,4.038,1,,260.000,0.000,64
9,105.00,car_flow_E#10.22,25.448,12.902,0,,260.000,0.000,66
9,105.00,car_flow_E#10.20,90.859,11.533,0,,260.000,0.000,66
9,105.00,car_flow_E#10.17,200.986,4.077,0,,260.000,0.000,66
9,105.00,car_flow_E#10.15,265.930,13.351,0,,260.000,0.000,66
9,105.00,car_flow_E#10.14,315.548,3.144,0,,260.000,0.000,66
9,105.00,car_flow_E#10.13,336.303,2.370,0,,260.000,0.000,66
9,105.00,car_flow_E#10.8,349.886,5.455,0,,260.000,0.000,66
9,105.00,car_flow_E#10.23,21.039,13.884,1,,260.000,0.000,66
9,105.00,car_flow_E#10.21,122.546,12.058,1,,260.000,0.000,66
9,105.00,car_flow_E#10.19,152.404,8.087,1,,260.000,0.000,66
9,105.00,car_flow_E#10.18,172.556,10.641,1,,260.000,0.000,66
9,105.00,car_flow_E#10.16,327.138,3.171,1,,260.000,0.000,66
9,105.00,car_flow_E#10.12,347.655,5.504,1,,260.000,0.000,66
9,110.00,car_flow_E#10.22,85.878,12.600,0,,260.000,0.000,70
9,110.00,car_flow_E#10.20,144.045,10.141,0,,260.000,0.000,70
9,110.00,car_flow_E#10.19,172.359,4.368,0,,260.000,0.000,70
9,110.00,car_flow_E#10.18,195.887,5.189,0,,260.000,0.000,70
9,110.00,car_flow_E#10.17,252.304,13.565,0,,260.000,0.000,70
9,110.00,car_flow_E#10.14,347.057,3.582,0,,260.000,0.000,70
9,110.00,car_flow_E#10.13,355.842,0.683,0,,260.000,0.000,70
9,110.00,car_flow_E#10.8,362.501,0.079,0,,260.000,0.000,70
9,110.00,car_flow_E#10.23,93.848,14.400,1,,260.000,0.000,70
9,110.00,car_flow_E#10.21,144.134,1.000,1,,260.000,0.000,70
9,110.00,car_flow_E#10.15,326.807,9.713,1,,260.000,0.000,70
9,110.00,car_flow_E#10.16,355.241,2.504,1,,260.000,0.000,70
9,110.00,car_flow_E#10.12,362.518,0.005,1,,260.000,0.000,70
9,115.00,car_flow_E#10.22,145.754,12.368,0,,260.000,0.000,68
9,115.00,car_flow_E#10.20,196.987,11.279,0,,260.000,0.000,68
9,115.00,car_flow_E#10.19,225.012,12.272,0,,260.000,0.000,68
9,115.00,car_flow_E#10.18,252.682,13.306,0,,260.000,0.000,68
9,115.00,car_flow_E#10.17,321.258,11.587,0,,260.000,0.000,68
9,115.00,car_flow_E#10.14,349.516,0.002,0,,260.000,0.000,68
9,115.00,car_flow_E#10.13,356.018,0.001,0,,260.000,0.000,68
9,115.00,car_flow_E#10.8,362.519,0.000,0,,260.000,0.000,68
9,115.00,car_flow_E#10.24,68.798,14.469,1,,260.000,0.000,68
9,115.00,car_flow_E#10.23,156.226,12.677,1,,260.000,0.000,68
9,115.00,car_flow_E#10.21,187.949,13.426,1,,260.000,0.000,68
9,115.00,car_flow_E#10.15,349.476,0.260,1,,260.000,0.000,68
9,115.00,car_flow_E#10.16,356.018,0.000,1,,260.000,0.000,68
9,115.00,car_flow_E#10.12,362.519,0.000,1,,260.000,0.000,68
9,120.00,car_flow_E#10.25,12.167,12.796,0,,260.000,0.000,65
9,120.00,car_flow_E#10.22,174.503,0.000,0,,260.000,0.000,65
9,120.00,car_flow_E#10.23,184.039,5.281,0,,260.000,0.000,65
9,120.00,car_flow_E#10.21,217.307,4.582,0,,260.000,0.000,65
9,120.00,car_flow_E#10.20,252.134,11.826,0,,260.000,0.000,65
9,120.00,car_flow_E#10.19,288.005,12.862,0,,260.000,0.000,65
9,120.00,car_flow_E#10.18,314.376,10.569,0,,260.000,0.000,65
9,120.00,car_flow_E#10.17,341.450,1.730,0,,260.000,0.000,65
9,120.00,car_flow_E#10.14,349.994,0.477,0,,260.000,0.000,65
9,120.00,car_flow_E#10.13,356.747,0.244,0,,260.000,0.000,65
9,120.00,car_flow_E#10.8,363.412,0.000,0,,260.000,0.000,65
9,120.00,car_flow_E#10.24,138.134,14.050,1,,260.000,0.000,65
9,120.00,car_flow_E#10.15,350.406,0.889,1,,260.000,0.000,65
9,120.00,car_flow_E#10.16,359.823,2.826,1,,260.000,0.000,65
10,30.00,car_flow_E#10.0,4.175,15.350,1,,260.000,0.000,15
10,35.00,car_flow_E#10.0,77.664,15.222,1,,260.000,0.000,16
10,40.00,car_flow_E#10.1,51.473,12.341,1,,260.000,0.000,20
10,40.00,car_flow_E#10.0,152.513,14.818,1,,260.000,0.000,20
10,45.00,car_flow_E#10.3,24.624,13.150,0,,260.000,0.000,19
10,45.00,car_flow_E#10.0,187.588,5.803,0,,260.000,0.000,19
10,45.00,car_flow_E#10.2,49.951,12.613,1,,260.000,0.000,19
10,45.00,car_flow_E#10.1,113.235,12.007,1,,260.000,0.000,19
10,50.00,car_flow_E#10.4,55.485,13.063,0,,260.000,0.000,26
10,50.00,car_flow_E#10.3,87.944,13.191,0,,260.000,0.000,26
10,50.00,car_flow_E#10.1,176.900,13.042,0,,260.000,0.000,26
10,50.00,car_flow_E#10.0,247.176,14.809,0,,260.000,0.000,26
10,50.00,car_flow_E#10.5,55.971,14.788,1,,260.000,0.000,26
10,50.00,car_flow_E#10.2,114.015,12.837,1,,260.000,0.000,26
10,55.00,car_flow_E#10.4,115.813,12.956,0,,260.000,0.000,32
10,55.00,car_flow_E#10.3,150.707,13.193,0,,260.000,0.000,32
10,55.00,car_flow_E#10.2,176.746,13.089,0,,260.000,0.000,32
10,55.00,car_flow_E#10.1,239.581,12.170,0,,260.000,0.000,32
10,55.00,car_flow_E#10.0,320.210,15.115,0,,260.000,0.000,32
10,55.00,car_flow_E#10.6,26.355,13.160,1,,260.000,0.000,32
10,55.00,car_flow_E#10.5,129.348,14.184,1,,260.000,0.000,32
10,60.00,car_flow_E#10.4,178.573,12.262,0,,260.000,0.000,30
10,60.00,car_flow_E#10.3,213.139,12.163,0,,260.000,0.000,30
10,60.00,car_flow_E#10.2,239.910,11.957,0,,260.000,0.000,30
10,60.00,car_flow_E#10.1,301.160,12.863,0,,260.000,0.000,30
10,60.00,car_flow_E#10.0,355.608,4.936,0,,260.000,0.000,30
10,60.00,car_flow_E#10.7,45.933,11.621,1,,260.000,0.000,30
10,60.00,car_flow_E#10.6,93.365,12.896,1,,260.000,0.000,30
10,60.00,car_flow_E#10.5,157.086,1.000,1,,260.000,0.000,30
10,65.00,car_flow_E#10.5,170.881,5.295,0,,260.000,0.000,32
10,65.00,car_flow_E#10.4,240.407,11.727,0,,260.000,0.000,32
10,65.00,car_flow_E#10.3,275.786,12.173,0,,260.000,0.000,32
10,65.00,car_flow_E#10.2,304.696,12.813,0,,260.000,0.000,32
10,65.00,car_flow_E#10.8,36.906,13.415,1,,260.000,0.000,32
10,65.00,car_flow_E#10.7,105.282,11.367,1,,260.000,0.000,32
10,65.00,car_flow_E#10.6,161.969,13.705,1,,260.000,0.000,32
10,70.00,car_flow_E#10.6,192.547,4.961,0,,260.000,0.000,37
10,70.00,car_flow_E#10.5,204.858,10.199,0,,260.000,0.000,37
10,70.00,car_flow_E#10.4,301.597,12.420,0,,260.000,0.000,37
10,70.00,car_flow_E#10.2,357.414,6.479,0,,260.000,0.000,37
10,70.00,car_flow_E#10.9,36.998,11.937,1,,260.000,0.000,37
10,70.00,car_flow_E#10.8,107.409,14.230,1,,260.000,0.000,37
10,70.00,car_flow_E#10.7,166.074,12.543,1,,260.000,0.000,37
10,70.00,car_flow_E#10.3,335.847,11.079,1,,260.000,0.000,37
10,75.00,car_flow_E#10.7,190.702,2.500,0,,260.000,0.000,42
10,75.00,car_flow_E#10.6,246.960,13.018,0,,260.000,0.000,42
10,75.00,car_flow_E#10.5,275.670,14.068,0,,260.000,0.000,42
10,75.00,car_flow_E#10.4,352.550,6.112,0,,260.000,0.000,42
10,75.00,car_flow_E#10.2,362.519,0.000,0,,260.000,0.000,42
10,75.00,car_flow_E#10.10,47.196,13.609,1,,260.000,0.000,42
10,75.00,car_flow_E#10.9,99.234,12.383,1,,260.000,0.000,42
10,75.00,car_flow_E#10.8,178.293,14.167,1,,260.000,0.000,42
10,75.00,car_flow_E#10.3,362.487,0.171,1,,260.000,0.000,42
10,80.00,car_flow_E#10.7,203.480,0.000,0,,260.000,0.000,39
10,80.00,car_flow_E#10.6,313.173,12.809,0,,260.000,0.000,39
10,80.00,car_flow_E#10.4,361.884,4.166,0,,260.000,0.000,39
10,80.00,car_flow_E#10.11,6.147,11.225,1,,260.000,0.000,39
10,80.00,car_flow_E#10.10,112.514,13.181,1,,260.000,0.000,39
10,80.00,car_flow_E#10.9,161.647,12.582,1,,260.000,0.000,39
10,80.00,car_flow_E#10.8,209.628,4.335,1,,260.000,0.000,39
10,80.00,car_flow_E#10.5,340.428,8.873,1,,260.000,0.000,39
10,85.00,car_flow_E#10.9,186.392,2.500,0,,260.000,0.000,38
10,85.00,car_flow_E#10.7,235.445,11.255,0,,260.000,0.000,38
10,85.00,car_flow_E#10.8,263.871,14.266,0,,260.000,0.000,38
10,85.00,car_flow_E#10.11,60.375,10.895,1,,260.000,0.000,38
10,85.00,car_flow_E#10.10,180.500,13.927,1,,260.000,0.000,38
10,90.00,car_flow_E#10.9,200.942,0.000,0,,260.000,0.000,36
10,90.00,car_flow_E#10.10,212.060,5.278,0,,260.000,0.000,36
10,90.00,car_flow_E#10.7,294.680,12.391,0,,260.000,0.000,36
10,90.00,car_flow_E#10.8,334.549,14.591,0,,260.000,0.000,36
10,90.00,car_flow_E#10.12,2.043,14.845,1,,260.000,0.000,36
10,90.00,car_flow_E#10.11,112.916,11.041,1,,260.000,0.000,36
10,95.00,car_flow_E#10.11,164.633,11.146,0,,260.000,0.000,39
10,95.00,car_flow_E#10.9,234.550,12.370,0,,260.000,0.000,39
10,95.00,car_flow_E#10.10,269.760,12.589,0,,260.000,0.000,39
10,95.00,car_flow_E#10.8,362.913,0.000,0,,260.000,0.000,39
10,95.00,car_flow_E#10.13,26.479,12.609,1,,260.000,0.000,39
10,95.00,car_flow_E#10.12,73.028,13.738,1,,260.000,0.000,39
10,95.00,car_flow_E#10.7,349.811,9.071,1,,260.000,0.000,39
10,100.00,car_flow_E#10.11,217.773,10.331,0,,260.000,0.000,40
10,100.00,car_flow_E#10.9,297.979,13.197,0,,260.000,0.000,40
10,100.00,car_flow_E#10.10,335.670,11.743,0,,260.000,0.000,40
10,100.00,car_flow_E#10.8,362.913,0.000,0,,260.000,0.000,40
10,100.00,car_flow_E#10.13,90.573,13.065,1,,260.000,0.000,40
10,100.00,car_flow_E#10.12,145.033,14.402,1,,260.000,0.000,40
10,100.00,car_flow_E#10.7,362.508,0.013,1,,260.000,0.000,40
10,105.00,car_flow_E#10.11,269.988,10.486,0,,260.000,0.000,41
10,105.00,car_flow_E#10.10,355.634,1.036,0,,260.000,0.000,41
10,105.00,car_flow_E#10.8,362.913,0.000,0,,260.000,0.000,41
10,105.00,car_flow_E#10.13,151.605,10.129,1,,260.000,0.000,41
10,105.00,car_flow_E#10.12,173.639,1.000,1,,260.000,0.000,41
10,105.00,car_flow_E#10.9,349.232,7.432,1,,260.000,0.000,41
10,105.00,car_flow_E#10.7,362.519,0.000,1,,260.000,0.000,41
10,110.00,car_flow_E#10.13,172.563,3.329,0,,260.000,0.000,44
10,110.00,car_flow_E#10.12,186.471,4.331,0,,260.000,0.000,44
10,110.00,car_flow_E#10.11,323.708,10.653,0,,260.000,0.000,44
10,110.00,car_flow_E#10.10,356.412,0.001,0,,260.000,0.000,44
10,110.00,car_flow_E#10.8,362.913,0.000,0,,260.000,0.000,44
10,110.00,car_flow_E#10.9,356.012,0.009,1,,260.000,0.000,44
10,110.00,car_flow_E#10.7,362.519,0.000,1,,260.000,0.000,44
10,115.00,car_flow_E#10.13,214.019,12.214,0,,260.000,0.000,43
10,115.00,car_flow_E#10.12,240.873,13.778,0,,260.000,0.000,43
10,115.00,car_flow_E#10.11,344.104,4.643,0,,260.000,0.000,43
10,115.00,car_flow_E#10.10,356.412,0.000,0,,260.000,0.000,43
10,115.00,car_flow_E#10.8,362.913,0.000,0,,260.000,0.000,43
10,115.00,car_flow_E#10.9,356.018,0.000,1,,260.000,0.000,43
10,115.00,car_flow_E#10.7,362.519,0.000,1,,260.000,0.000,43
10,120.00,car_flow_E#10.13,278.925,12.638,0,,260.000,0.000,45
10,120.00,car_flow_E#10.12,311.483,14.411,0,,260.000,0.000,45
10,120.00,car_flow_E#10.11,349.910,0.011,0,,260.000,0.000,45
10,120.00,car_flow_E#10.10,356.412,0.000,0,,260.000,0.000,45
10,120.00,car_flow_E#10.8,362.913,0.000,0,,260.000,0.000,45
10,120.00,car_flow_E#10.14,62.970,13.083,1,,260.000,0.000,45
10,120.00,car_flow_E#10.9,356.018,0.000,1,,260.000,0.000,45
10,120.00,car_flow_E#10.7,362.519,0.000,1,,260.000,0.000,45
11,30.00,car_flow_E#10.0,24.282,12.788,1,,260.000,0.000,10
11,35.00,car_flow_E#10.2,26.609,13.293,0,,260.000,0.000,13
11,35.00,car_flow_E#10.1,59.369,12.874,1,,260.000,0.000,13
11,35.00,car_flow_E#10.0,89.864,13.107,1,,260.000,0.000,13
11,40.00,car_flow_E#10.2,96.524,14.341,0,,260.000,0.000,19
11,40.00,car_flow_E#10.0,156.569,13.829,0,,260.000,0.000,19
11,40.00,car_flow_E#10.1,127.335,13.467,1,,260.000,0.000,19
11,45.00,car_flow_E#10.2,166.974,14.237,0,,260.000,0.000,19
11,45.00,car_flow_E#10.0,223.103,13.860,0,,260.000,0.000,19
11,45.00,car_flow_E#10.1,152.202,1.000,1,,260.000,0.000,19
11,50.00,car_flow_E#10.1,165.969,5.267,0,,260.000,0.000,22
11,50.00,car_flow_E#10.2,236.374,13.454,0,,260.000,0.000,22
11,50.00,car_flow_E#10.0,288.875,12.696,0,,260.000,0.000,22
11,55.00,car_flow_E#10.1,219.645,13.365,0,,260.000,0.000,24
11,55.00,car_flow_E#10.2,306.369,14.362,0,,260.000,0.000,24
11,55.00,car_flow_E#10.0,354.047,12.699,0,,260.000,0.000,24
11,55.00,car_flow_E#10.3,63.065,15.458,1,,260.000,0.000,24
11,60.00,car_flow_E#10.1,286.370,12.850,0,,260.000,0.000,23
11,60.00,car_flow_E#10.4,66.871,12.870,1,,260.000,0.000,23
11,60.00,car_flow_E#10.3,141.913,16.164,1,,260.000,0.000,23
11,60.00,car_flow_E#10.2,359.440,5.636,1,,260.000,0.000,23
11,65.00,car_flow_E#10.5,20.481,10.932,0,,260.000,0.000,27
11,65.00,car_flow_E#10.1,348.395,8.955,0,,260.000,0.000,27
11,65.00,car_flow_E#10.6,35.776,14.837,1,,260.000,0.000,27
11,65.00,car_flow_E#10.4,132.759,12.991,1,,260.000,0.000,27
11,65.00,car_flow_E#10.3,177.734,1.164,1,,260.000,0.000,27
11,65.00,car_flow_E#10.2,362.519,0.003,1,,260.000,0.000,27
11,70.00,car_flow_E#10.5,76.330,10.899,0,,260.000,0.000,30
11,70.00,car_flow_E#10.3,191.493,5.094,0,,260.000,0.000,30
11,70.00,car_flow_E#10.1,362.501,0.051,0,,260.000,0.000,30
11,70.00,car_flow_E#10.7,46.962,13.786,1,,260.000,0.000,30
11,70.00,car_flow_E#10.6,109.177,14.770,1,,260.000,0.000,30
11,70.00,car_flow_E#10.4,155.746,1.000,1,,260.000,0.000,30
11,70.00,car_flow_E#10.2,362.519,0.000,1,,260.000,0.000,30
11,75.00,car_flow_E#10.5,130.965,11.673,0,,260.000,0.000,34
11,75.00,car_flow_E#10.4,169.308,5.062,0,,260.000,0.000,34
11,75.00,car_flow_E#10.6,180.257,14.420,0,,260.000,0.000,34
11,75.00,car_flow_E#10.3,252.637,15.219,0,,260.000,0.000,34
11,75.00,car_flow_E#10.1,362.519,0.000,0,,260.000,0.000,34
11,75.00,car_flow_E#10.7,113.962,12.762,1,,260.000,0.000,34
11,75.00,car_flow_E#10.2,362.519,0.000,1,,260.000,0.000,34
11,80.00,car_flow_E#10.8,5.055,13.413,0,,260.000,0.000,39
11,80.00,car_flow_E#10.5,186.534,11.189,0,,260.000,0.000,39
11,80.00,car_flow_E#10.4,223.494,12.755,0,,260.000,0.000,39
11,80.00,car_flow_E#10.6,251.434,14.014,0,,260.000,0.000,39
11,80.00,car_flow_E#10.3,330.600,13.551,0,,260.000,0.000,39
11,80.00,car_flow_E#10.1,363.378,0.064,0,,260.000,0.000,39
11,80.00,car_flow_E#10.7,179.194,11.333,1,,260.000,0.000,39
11,85.00,car_flow_E#10.8,67.595,12.444,0,,260.000,0.000,39
11,85.00,car_flow_E#10.7,202.747,4.720,0,,260.000,0.000,39
11,85.00,car_flow_E#10.5,243.053,11.756,0,,260.000,0.000,39
11,85.00,car_flow_E#10.4,290.798,13.354,0,,260.000,0.000,39
11,85.00,car_flow_E#10.6,320.851,12.640,0,,260.000,0.000,39
11,85.00,car_flow_E#10.3,358.984,4.032,0,,260.000,0.000,39
11,85.00,car_flow_E#10.9,54.393,14.095,1,,260.000,0.000,39
11,90.00,car_flow_E#10.11,19.017,14.424,0,,260.000,0.000,37
11,90.00,car_flow_E#10.8,131.171,13.257,0,,260.000,0.000,37
11,90.00,car_flow_E#10.7,256.051,13.281,0,,260.000,0.000,37
11,90.00,car_flow_E#10.5,298.073,10.556,0,,260.000,0.000,37
11,90.00,car_flow_E#10.6,345.818,3.347,0,,260.000,0.000,37
11,90.00,car_flow_E#10.3,362.513,0.012,0,,260.000,0.000,37
11,90.00,car_flow_E#10.10,43.781,13.747,1,,260.000,0.000,37
11,90.00,car_flow_E#10.9,125.477,14.313,1,,260.000,0.000,37
11,90.00,car_flow_E#10.4,337.886,7.930,1,,260.000,0.000,37
11,95.00,car_flow_E#10.11,94.106,14.433,0,,260.000,0.000,39
11,95.00,car_flow_E#10.8,194.955,12.497,0,,260.000,0.000,39
11,95.00,car_flow_E#10.7,322.296,13.845,0,,260.000,0.000,39
11,95.00,car_flow_E#10.6,355.964,0.075,0,,260.000,0.000,39
11,95.00,car_flow_E#10.3,362.519,0.000,0,,260.000,0.000,39
11,95.00,car_flow_E#10.10,110.843,13.109,1,,260.000,0.000,39
11,95.00,car_flow_E#10.9,153.729,1.000,1,,260.000,0.000,39
11,95.00,car_flow_E#10.5,346.037,6.981,1,,260.000,0.000,39
11,95.00,car_flow_E#10.4,362.457,1.133,1,,260.000,0.000,39
11,100.00,car_flow_E#10.9,164.729,2.500,0,,260.000,0.000,44
11,100.00,car_flow_E#10.10,172.862,14.324,0,,260.000,0.000,44
11,100.00,car_flow_E#10.8,256.965,12.181,0,,260.000,0.000,44
11,100.00,car_flow_E#10.7,349.979,2.304,0,,260.000,0.000,44
11,100.00,car_flow_E#10.6,360.315,2.989,0,,260.000,0.000,44
11,100.00,car_flow_E#10.11,152.529,11.287,1,,260.000,0.000,44
11,100.00,car_flow_E#10.5,361.801,3.698,1,,260.000,0.000,44
11,105.00,car_flow_E#10.11,176.253,4.937,0,,260.000,0.000,42
11,105.00,car_flow_E#10.9,199.992,11.571,0,,260.000,0.000,42
11,105.00,car_flow_E#10.10,241.800,13.464,0,,260.000,0.000,42
11,105.00,car_flow_E#10.8,321.031,12.219,0,,260.000,0.000,42
11,105.00,car_flow_E#10.12,85.341,17.173,1,,260.000,0.000,42
11,110.00,car_flow_E#10.12,170.037,17.650,0,,260.000,0.000,42
11,110.00,car_flow_E#10.11,231.253,14.493,0,,260.000,0.000,42
11,110.00,car_flow_E#10.9,270.369,13.848,0,,260.000,0.000,42
11,110.00,car_flow_E#10.10,309.281,12.627,0,,260.000,0.000,42
11,110.00,car_flow_E#10.8,345.588,4.199,0,,260.000,0.000,42
11,115.00,car_flow_E#10.12,252.481,16.326,0,,260.000,0.000,40
11,115.00,car_flow_E#10.11,307.416,14.578,0,,260.000,0.000,40
11,115.00,car_flow_E#10.9,340.834,14.581,0,,260.000,0.000,40
11,120.00,car_flow_E#10.13,52.876,13.337,0,,260.000,0.000,40
11,120.00,car_flow_E#10.12,332.081,12.318,0,,260.000,0.000,40
11,120.00,car_flow_E#10.9,363.520,0.000,0,,260.000,0.000,40
11,120.00,car_flow_E#10.11,358.667,5.359,1,,260.000,0.000,40
12,30.00,car_flow_E#10.1,7.741,14.419,0,,260.000,0.000,18
12,30.00,car_flow_E#10.0,35.232,11.826,0,,260.000,0.000,18
12,35.00,car_flow_E#10.1,73.173,12.666,0,,260.000,0.000,21
12,35.00,car_flow_E#10.0,96.409,11.404,0,,260.000,0.000,21
12,40.00,car_flow_E#10.2,47.345,11.597,0,,260.000,0.000,22
12,40.00,car_flow_E#10.1,133.625,12.638,0,,260.000,0.000,22
12,40.00,car_flow_E#10.0,156.131,11.344,0,,260.000,0.000,22
12,45.00,car_flow_E#10.2,106.512,12.319,0,,260.000,0.000,26
12,45.00,car_flow_E#10.1,194.588,13.030,0,,260.000,0.000,26
12,45.00,car_flow_E#10.0,216.517,12.500,0,,260.000,0.000,26
12,50.00,car_flow_E#10.3,43.807,14.536,0,,260.000,0.000,24
12,50.00,car_flow_E#10.2,166.912,11.952,0,,260.000,0.000,24
12,50.00,car_flow_E#10.1,252.797,10.892,0,,260.000,0.000,24
12,50.00,car_flow_E#10.0,274.984,11.838,0,,260.000,0.000,24
12,55.00,car_flow_E#10.4,50.986,12.516,0,,260.000,0.000,27
12,55.00,car_flow_E#10.3,117.830,14.899,0,,260.000,0.000,27
12,55.00,car_flow_E#10.2,226.146,11.418,0,,260.000,0.000,27
12,55.00,car_flow_E#10.1,310.647,11.281,0,,260.000,0.000,27
12,55.00,car_flow_E#10.0,333.891,12.345,0,,260.000,0.000,27
12,60.00,car_flow_E#10.5,19.496,10.276,0,,260.000,0.000,29
12,60.00,car_flow_E#10.4,114.812,12.185,0,,260.000,0.000,29
12,60.00,car_flow_E#10.3,188.626,13.723,0,,260.000,0.000,29
12,60.00,car_flow_E#10.2,283.951,11.446,0,,260.000,0.000,29
12,60.00,car_flow_E#10.0,358.139,3.513,0,,260.000,0.000,29
12,60.00,car_flow_E#10.6,25.057,15.994,1,,260.000,0.000,29
12,60.00,car_flow_E#10.1,358.199,5.738,1,,260.000,0.000,29
12,65.00,car_flow_E#10.7,10.737,11.561,0,,260.000,0.000,34
12,65.00,car_flow_E#10.5,75.773,11.337,0,,260.000,0.000,34
12,65.00,car_flow_E#10.4,177.210,12.162,0,,260.000,0.000,34
12,65.00,car_flow_E#10.3,257.019,13.628,0,,260.000,0.000,34
12,65.00,car_flow_E#10.2,341.210,10.262,0,,260.000,0.000,34
12,65.00,car_flow_E#10.0,362.471,0.079,0,,260.000,0.000,34
12,65.00,car_flow_E#10.6,103.447,15.890,1,,260.000,0.000,34
12,65.00,car_flow_E#10.1,362.519,0.014,1,,260.000,0.000,34
12,70.00,car_flow_E#10.7,66.837,10.604,0,,260.000,0.000,39
12,70.00,car_flow_E#10.5,129.730,10.104,0,,260.000,0.000,39
12,70.00,car_flow_E#10.6,179.504,15.322,0,,260.000,0.000,39
12,70.00,car_flow_E#10.4,243.056,13.483,0,,260.000,0.000,39
12,70.00,car_flow_E#10.2,356.017,0.001,0,,260.000,0.000,39
12,70.00,car_flow_E#10.0,362.519,0.000,0,,260.000,0.000,39
12,70.00,car_flow_E#10.3,325.815,11.841,1,,260.000,0.000,39
12,70.00,car_flow_E#10.1,362.519,0.000,1,,260.000,0.000,39
12,75.00,car_flow_E#10.9,2.831,15.152,0,,260.000,0.000,48
12,75.00,car_flow_E#10.8,47.816,12.103,0,,260.000,0.000,48
12,75.00,car_flow_E#10.7,122.424,11.097,0,,260.000,0.000,48
12,75.00,car_flow_E#10.5,184.514,10.019,0,,260.000,0.000,48
12,75.00,car_flow_E#10.6,255.521,15.048,0,,260.000,0.000,48
12,75.00,car_flow_E#10.4,307.068,12.177,0,,260.000,0.000,48
12,75.00,car_flow_E#10.2,356.018,0.000,0,,260.000,0.000,48
12,75.00,car_flow_E#10.0,362.519,0.000,0,,260.000,0.000,48
12,75.00,car_flow_E#10.3,355.647,0.573,1,,260.000,0.000,48
12,75.00,car_flow_E#10.1,362.519,0.000,1,,260.000,0.000,48
12,80.00,car_flow_E#10.10,41.882,15.604,0,,260.000,0.000,46
12,80.00,car_flow_E#10.9,74.024,14.286,0,,260.000,0.000,46
12,80.00,car_flow_E#10.8,109.308,12.211,0,,260.000,0.000,46
12,80.00,car_flow_E#10.7,177.617,10.593,0,,260.000,0.000,46
12,80.00,car_flow_E#10.5,239.794,11.234,0,,260.000,0.000,46
12,80.00,car_flow_E#10.6,325.199,10.356,0,,260.000,0.000,46
12,80.00,car_flow_E#10.4,348.774,2.971,0,,260.000,0.000,46
12,80.00,car_flow_E#10.2,356.018,0.000,0,,260.000,0.000,46
12,80.00,car_flow_E#10.0,362.519,0.000,0,,260.000,0.000,46
12,80.00,car_flow_E#10.3,356.018,0.000,1,,260.000,0.000,46
12,80.00,car_flow_E#10.1,362.519,0.000,1,,260.000,0.000,46
12,85.00,car_flow_E#10.11,63.187,13.927,0,,260.000,0.000,43
12,85.00,car_flow_E#10.10,117.593,14.260,0,,260.000,0.000,43
12,85.00,car_flow_E#10.9,144.351,13.010,0,,260.000,0.000,43
12,85.00,car_flow_E#10.8,171.169,12.018,0,,260.000,0.000,43
12,85.00,car_flow_E#10.7,233.699,11.226,0,,260.000,0.000,43
12,85.00,car_flow_E#10.5,293.386,10.017,0,,260.000,0.000,43
12,85.00,car_flow_E#10.6,342.308,1.654,0,,260.000,0.000,43
12,85.00,car_flow_E#10.4,349.517,0.000,0,,260.000,0.000,43
12,85.00,car_flow_E#10.2,356.018,0.000,0,,260.000,0.000,43
12,85.00,car_flow_E#10.0,362.519,0.000,0,,260.000,0.000,43
12,85.00,car_flow_E#10.3,356.018,0.000,1,,260.000,0.000,43
12,85.00,car_flow_E#10.1,362.519,0.000,1,,260.000,0.000,43
12,90.00,car_flow_E#10.11,131.553,13.632,0,,260.000,0.000,47
12,90.00,car_flow_E#10.10,186.197,13.359,0,,260.000,0.000,47
12,90.00,car_flow_E#10.9,208.872,11.981,0,,260.000,0.000,47
12,90.00,car_flow_E#10.8,231.119,11.651,0,,260.000,0.000,47
12,90.00,car_flow_E#10.7,288.525,10.929,0,,260.000,0.000,47
12,90.00,car_flow_E#10.6,343.015,0.009,0,,260.000,0.000,47
12,90.00,car_flow_E#10.4,349.517,0.000,0,,260.000,0.000,47
12,90.00,car_flow_E#10.2,356.018,0.000,0,,260.000,0.000,47
12,90.00,car_flow_E#10.0,362.519,0.000,0,,260.000,0.000,47
12,90.00,car_flow_E#10.5,342.448,7.474,1,,260.000,0.000,47
12,90.00,car_flow_E#10.3,356.018,0.000,1,,260.000,0.000,47
12,90.00,car_flow_E#10.1,362.519,0.000,1,,260.000,0.000,47
12,95.00,car_flow_E#10.12,50.720,13.178,0,,260.000,0.000,46
12,95.00,car_flow_E#10.11,200.795,13.621,0,,260.000,0.000,46
12,95.00,car_flow_E#10.10,248.224,11.641,0,,260.000,0.000,46
12,95.00,car_flow_E#10.9,270.118,12.606,0,,260.000,0.000,46
12,95.00,car_flow_E#10.8,292.582,12.636,0,,260.000,0.000,46
12,95.00,car_flow_E#10.6,343.016,0.000,0,,260.000,0.000,46
12,95.00,car_flow_E#10.4,349.517,0.000,0,,260.000,0.000,46
12,95.00,car_flow_E#10.2,356.018,0.000,0,,260.000,0.000,46
12,95.00,car_flow_E#10.0,362.519,0.000,0,,260.000,0.000,46
12,95.00,car_flow_E#10.7,334.858,6.232,1,,260.000,0.000,46
12,95.00,car_flow_E#10.5,349.497,0.185,1,,260.000,0.000,46
12,95.00,car_flow_E#10.3,356.018,0.000,1,,260.000,0.000,46
12,95.00,car_flow_E#10.1,362.519,0.000,1,,260.000,0.000,46
12,100.00,car_flow_E#10.13,41.585,13.828,0,,260.000,0.000,49
12,100.00,car_flow_E#10.12,117.742,12.810,0,,260.000,0.000,49
12,100.00,car_flow_E#10.11,268.486,13.030,0,,260.000,0.000,49
12,100.00,car_flow_E#10.10,307.390,9.448,0,,260.000,0.000,49
12,100.00,car_flow_E#10.9,322.216,6.696,0,,260.000,0.000,49
12,100.00,car_flow_E#10.8,335.057,3.310,0,,260.000,0.000,49
12,100.00,car_flow_E#10.6,343.016,0.000,0,,260.000,0.000,49
12,100.00,car_flow_E#10.4,349.517,0.000,0,,260.000,0.000,49
12,100.00,car_flow_E#10.2,356.018,0.000,0,,260.000,0.000,49
12,100.00,car_flow_E#10.0,362.519,0.000,0,,260.000,0.000,49
12,100.00,car_flow_E#10.7,342.983,0.046,1,,260.000,0.000,49
12,100.00,car_flow_E#10.5,349.517,0.000,1,,260.000,0.000,49
12,100.00,car_flow_E#10.3,356.018,0.000,1,,260.000,0.000,49
12,100.00,car_flow_E#10.1,362.519,0.000,1,,260.000,0.000,49
12,105.00,car_flow_E#10.13,109.048,13.218,0,,260.000,0.000,53
12,105.00,car_flow_E#10.12,183.759,12.918,0,,260.000,0.000,53
12,105.00,car_flow_E#10.11,315.052,4.905,0,,260.000,0.000,53
12,105.00,car_flow_E#10.10,323.505,0.037,0,,260.000,0.000,53
12,105.00,car_flow_E#10.9,330.014,0.000,0,,260.000,0.000,53
12,105.00,car_flow_E#10.8,336.515,0.000,0,,260.000,0.000,53
12,105.00,car_flow_E#10.6,343.016,0.000,0,,260.000,0.000,53
12,105.00,car_flow_E#10.4,350.810,1.293,0,,260.000,0.000,53
12,105.00,car_flow_E#10.2,358.800,1.448,0,,260.000,0.000,53
12,105.00,car_flow_E#10.7,343.016,0.000,1,,260.000,0.000,53
12,105.00,car_flow_E#10.5,351.146,1.629,1,,260.000,0.000,53
12,105.00,car_flow_E#10.3,358.940,1.140,1,,260.000,0.000,53
12,110.00,car_flow_E#10.13,178.410,14.218,0,,260.000,0.000,61
12,110.00,car_flow_E#10.12,251.401,14.209,0,,260.000,0.000,61
12,110.00,car_flow_E#10.11,317.617,0.608,0,,260.000,0.000,61
12,110.00,car_flow_E#10.10,324.895,0.512,0,,260.000,0.000,61
12,110.00,car_flow_E#10.9,332.343,0.781,0,,260.000,0.000,61
12,110.00,car_flow_E#10.8,341.228,1.786,0,,260.000,0.000,61
12,110.00,car_flow_E#10.6,353.532,4.971,0,,260.000,0.000,61
12,110.00,car_flow_E#10.7,356.636,6.741,1,,260.000,0.000,61
12,115.00,car_flow_E#10.14,55.660,11.397,0,,260.000,0.000,61
12,115.00,car_flow_E#10.13,246.366,13.674,0,,260.000,0.000,61
12,115.00,car_flow_E#10.12,307.917,7.347,0,,260.000,0.000,61
12,115.00,car_flow_E#10.10,337.118,2.070,0,,260.000,0.000,61
12,115.00,car_flow_E#10.9,346.912,2.019,0,,260.000,0.000,61
12,115.00,car_flow_E#10.8,355.942,1.007,0,,260.000,0.000,61
12,115.00,car_flow_E#10.6,362.519,0.000,0,,260.000,0.000,61
12,115.00,car_flow_E#10.11,327.271,3.705,1,,260.000,0.000,61
12,115.00,car_flow_E#10.7,362.518,0.002,1,,260.000,0.000,61
12,120.00,car_flow_E#10.14,113.563,11.467,0,,260.000,0.000,58
12,120.00,car_flow_E#10.13,313.264,12.825,0,,260.000,0.000,58
12,120.00,car_flow_E#10.10,342.993,0.050,0,,260.000,0.000,58
12,120.00,car_flow_E#10.9,349.512,0.005,0,,260.000,0.000,58
12,120.00,car_flow_E#10.8,356.018,0.001,0,,260.000,0.000,58
12,120.00,car_flow_E#10.6,362.519,0.000,0,,260.000,0.000,58
12,120.00,car_flow_E#10.15,64.053,15.761,1,,260.000,0.000,58
12,120.00,car_flow_E#10.12,345.364,4.786,1,,260.000,0.000,58
12,120.00,car_flow_E#10.11,355.668,2.260,1,,260.000,0.000,58
12,120.00,car_flow_E#10.7,362.519,0.000,1,,260.000,0.000,58
13,45.00,car_flow_E#10.1,5.149,13.790,0,,260.000,0.000,29
13,45.00,car_flow_E#10.0,48.944,13.072,0,,260.000,0.000,29
13,50.00,car_flow_E#10.1,70.973,13.363,0,,260.000,0.000,27
13,50.00,car_flow_E#10.0,116.926,13.076,0,,260.000,0.000,27
13,55.00,car_flow_E#10.2,49.639,13.244,0,,260.000,0.000,28
13,55.00,car_flow_E#10.1,135.879,13.544,0,,260.000,0.000,28
13,55.00,car_flow_E#10.0,181.555,12.909,0,,260.000,0.000,28
13,60.00,car_flow_E#10.3,47.596,12.082,0,,260.000,0.000,33
13,60.00,car_flow_E#10.2,116.055,12.983,0,,260.000,0.000,33
13,60.00,car_flow_E#10.1,202.207,13.533,0,,260.000,0.000,33
13,60.00,car_flow_E#10.0,248.148,12.816,0,,260.000,0.000,33
13,65.00,car_flow_E#10.4,12.921,12.427,0,,260.000,0.000,33
13,65.00,car_flow_E#10.3,107.643,11.687,0,,260.000,0.000,33
13,65.00,car_flow_E#10.2,183.467,14.043,0,,260.000,0.000,33
13,65.00,car_flow_E#10.1,268.306,13.743,0,,260.000,0.000,33
13,65.00,car_flow_E#10.0,314.388,13.764,0,,260.000,0.000,33
13,70.00,car_flow_E#10.4,74.054,12.701,0,,260.000,0.000,32
13,70.00,car_flow_E#10.3,167.063,11.365,0,,260.000,0.000,32
13,70.00,car_flow_E#10.2,249.217,12.834,0,,260.000,0.000,32
13,70.00,car_flow_E#10.0,360.433,3.699,0,,260.000,0.000,32
13,70.00,car_flow_E#10.1,331.383,11.717,1,,260.000,0.000,32
13,75.00,car_flow_E#10.4,135.672,12.361,0,,260.000,0.000,36
13,75.00,car_flow_E#10.3,227.079,12.388,0,,260.000,0.000,36
13,75.00,car_flow_E#10.2,314.795,12.669,0,,260.000,0.000,36
13,75.00,car_flow_E#10.5,74.431,14.313,1,,260.000,0.000,36
13,80.00,car_flow_E#10.4,195.525,11.532,0,,260.000,0.000,40
13,80.00,car_flow_E#10.3,287.703,12.191,0,,260.000,0.000,40
13,80.00,car_flow_E#10.5,148.847,15.177,1,,260.000,0.000,40
13,85.00,car_flow_E#10.4,256.246,11.883,0,,260.000,0.000,41
13,85.00,car_flow_E#10.3,347.093,10.136,0,,260.000,0.000,41
13,85.00,car_flow_E#10.5,180.556,1.000,1,,260.000,0.000,41
13,90.00,car_flow_E#10.5,194.294,5.238,0,,260.000,0.000,49
13,90.00,car_flow_E#10.4,318.302,12.991,0,,260.000,0.000,49
13,90.00,car_flow_E#10.3,362.496,0.167,0,,260.000,0.000,49
13,90.00,car_flow_E#10.6,56.302,12.460,1,,260.000,0.000,49
13,95.00,car_flow_E#10.5,252.483,15.703,0,,260.000,0.000,50
13,95.00,car_flow_E#10.3,362.519,0.000,0,,260.000,0.000,50
13,95.00,car_flow_E#10.7,11.750,14.654,1,,260.000,0.000,50
13,95.00,car_flow_E#10.6,116.462,12.459,1,,260.000,0.000,50
13,95.00,car_flow_E#10.4,360.164,3.920,1,,260.000,0.000,50
13,100.00,car_flow_E#10.6,176.472,11.386,0,,260.000,0.000,53
13,100.00,car_flow_E#10.5,327.484,14.238,0,,260.000,0.000,53
13,100.00,car_flow_E#10.3,362.519,0.000,0,,260.000,0.000,53
13,100.00,car_flow_E#10.7,82.797,14.486,1,,260.000,0.000,53
13,100.00,car_flow_E#10.4,362.518,0.001,1,,260.000,0.000,53
13,105.00,car_flow_E#10.8,22.981,11.274,0,,260.000,0.000,52
13,105.00,car_flow_E#10.6,237.802,12.732,0,,260.000,0.000,52
13,105.00,car_flow_E#10.5,355.963,1.525,0,,260.000,0.000,52
13,105.00,car_flow_E#10.3,362.519,0.000,0,,260.000,0.000,52
13,105.00,car_flow_E#10.7,153.812,13.708,1,,260.000,0.000,52
13,105.00,car_flow_E#10.4,362.519,0.000,1,,260.000,0.000,52
13,110.00,car_flow_E#10.8,78.196,10.714,0,,260.000,0.000,61
13,110.00,car_flow_E#10.7,184.320,4.884,0,,260.000,0.000,61
13,110.00,car_flow_E#10.6,299.236,12.751,0,,260.000,0.000,61
13,110.00,car_flow_E#10.5,362.520,4.251,0,,260.000,0.000,61
13,115.00,car_flow_E#10.8,132.324,10.326,0,,260.000,0.000,62
13,115.00,car_flow_E#10.7,240.357,14.554,0,,260.000,0.000,62
13,115.00,car_flow_E#10.6,360.557,12.734,0,,260.000,0.000,62
13,120.00,car_flow_E#10.9,35.534,13.760,0,,260.000,0.000,65
13,120.00,car_flow_E#10.8,188.159,11.555,0,,260.000,0.000,65
13,120.00,car_flow_E#10.7,311.576,14.524,0,,260.000,0.000,65
14,35.00,car_flow_E#10.0,65.686,14.254,0,,260.000,0.000,26
14,40.00,car_flow_E#10.0,134.837,13.658,0,,260.000,0.000,32
14,45.00,car_flow_E#10.0,202.952,13.587,0,,260.000,0.000,34
14,50.00,car_flow_E#10.0,270.859,13.581,0,,260.000,0.000,35
14,55.00,car_flow_E#10.1,47.436,11.479,0,,260.000,0.000,34
14,55.00,car_flow_E#10.0,338.728,13.244,0,,260.000,0.000,34
14,55.00,car_flow_E#10.2,50.501,14.666,1,,260.000,0.000,34
14,60.00,car_flow_E#10.4,34.545,13.987,0,,260.000,0.000,37
14,60.00,car_flow_E#10.1,101.037,11.109,0,,260.000,0.000,37
14,60.00,car_flow_E#10.0,362.351,0.190,0,,260.000,0.000,37
14,60.00,car_flow_E#10.3,61.662,12.665,1,,260.000,0.000,37
14,60.00,car_flow_E#10.2,122.689,14.782,1,,260.000,0.000,37
14,65.00,car_flow_E#10.4,101.867,13.446,0,,260.000,0.000,34
14,65.00,car_flow_E#10.1,156.300,11.508,0,,260.000,0.000,34
14,65.00,car_flow_E#10.0,362.519,0.000,0,,260.000,0.000,34
14,65.00,car_flow_E#10.6,30.196,15.878,1,,260.000,0.000,34
14,65.00,car_flow_E#10.5,66.147,13.195,1,,260.000,0.000,34
14,65.00,car_flow_E#10.3,123.491,12.153,1,,260.000,0.000,34
14,65.00,car_flow_E#10.2,152.818,1.000,1,,260.000,0.000,34
14,70.00,car_flow_E#10.4,150.203,4.953,0,,260.000,0.000,37
14,70.00,car_flow_E#10.2,166.178,4.860,0,,260.000,0.000,37
14,70.00,car_flow_E#10.1,211.773,11.108,0,,260.000,0.000,37
14,70.00,car_flow_E#10.0,362.519,0.000,0,,260.000,0.000,37
14,70.00,car_flow_E#10.7,12.251,12.460,1,,260.000,0.000,37
14,70.00,car_flow_E#10.6,104.289,13.801,1,,260.000,0.000,37
14,70.00,car_flow_E#10.5,127.625,9.322,1,,260.000,0.000,37
14,70.00,car_flow_E#10.3,145.220,1.000,1,,260.000,0.000,37
14,75.00,car_flow_E#10.6,146.367,9.845,0,,260.000,0.000,40
14,75.00,car_flow_E#10.4,199.797,14.114,0,,260.000,0.000,40
14,75.00,car_flow_E#10.2,222.439,14.015,0,,260.000,0.000,40
14,75.00,car_flow_E#10.1,267.395,11.098,0,,260.000,0.000,40
14,75.00,car_flow_E#10.0,362.519,0.000,0,,260.000,0.000,40
14,75.00,car_flow_E#10.7,73.771,12.061,1,,260.000,0.000,40
14,75.00,car_flow_E#10.5,144.564,1.000,1,,260.000,0.000,40
14,75.00,car_flow_E#10.3,182.943,11.828,1,,260.000,0.000,40
14,80.00,car_flow_E#10.6,193.307,5.396,0,,260.000,0.000,42
14,80.00,car_flow_E#10.3,207.972,5.045,0,,260.000,0.000,42
14,80.00,car_flow_E#10.4,266.143,13.273,0,,260.000,0.000,42
14,80.00,car_flow_E#10.2,293.239,13.609,0,,260.000,0.000,42
14,80.00,car_flow_E#10.1,322.303,11.170,0,,260.000,0.000,42
14,80.00,car_flow_E#10.0,362.519,0.000,0,,260.000,0.000,42
14,80.00,car_flow_E#10.9,3.344,14.459,1,,260.000,0.000,42
14,80.00,car_flow_E#10.8,45.932,10.273,1,,260.000,0.000,42
14,80.00,car_flow_E#10.7,132.676,11.700,1,,260.000,0.000,42
14,80.00,car_flow_E#10.5,182.169,11.407,1,,260.000,0.000,42
14,85.00,car_flow_E#10.5,205.281,4.204,0,,260.000,0.000,45
14,85.00,car_flow_E#10.6,234.618,12.147,0,,260.000,0.000,45
14,85.00,car_flow_E#10.3,261.277,11.637,0,,260.000,0.000,45
14,85.00,car_flow_E#10.4,322.064,8.945,0,,260.000,0.000,45
14,85.00,car_flow_E#10.1,342.998,3.484,0,,260.000,0.000,45
14,85.00,car_flow_E#10.0,362.519,0.000,0,,260.000,0.000,45
14,85.00,car_flow_E#10.10,43.662,14.555,1,,260.000,0.000,45
14,85.00,car_flow_E#10.9,71.154,13.546,1,,260.000,0.000,45
14,85.00,car_flow_E#10.8,99.220,11.553,1,,260.000,0.000,45
14,85.00,car_flow_E#10.7,153.726,1.000,1,,260.000,0.000,45
14,85.00,car_flow_E#10.2,336.146,7.559,1,,260.000,0.000,45
14,90.00,car_flow_E#10.11,68.414,13.338,0,,260.000,0.000,48
14,90.00,car_flow_E#10.10,118.537,15.759,0,,260.000,0.000,48
14,90.00,car_flow_E#10.7,167.472,5.247,0,,260.000,0.000,48
14,90.00,car_flow_E#10.5,256.123,13.441,0,,260.000,0.000,48
14,90.00,car_flow_E#10.6,297.577,11.440,0,,260.000,0.000,48
14,90.00,car_flow_E#10.3,317.143,8.160,0,,260.000,0.000,48
14,90.00,car_flow_E#10.4,339.919,3.810,0,,260.000,0.000,48
14,90.00,car_flow_E#10.1,356.018,0.002,0,,260.000,0.000,48
14,90.00,car_flow_E#10.0,362.519,0.000,0,,260.000,0.000,48
14,90.00,car_flow_E#10.12,57.993,16.041,1,,260.000,0.000,48
14,90.00,car_flow_E#10.9,131.460,11.532,1,,260.000,0.000,48
14,90.00,car_flow_E#10.8,153.947,11.356,1,,260.000,0.000,48
14,90.00,car_flow_E#10.2,362.420,0.571,1,,260.000,0.000,48
14,95.00,car_flow_E#10.13,32.409,11.810,0,,260.000,0.000,53
14,95.00,car_flow_E#10.11,134.564,11.992,0,,260.000,0.000,53
14,95.00,car_flow_E#10.10,163.565,4.136,0,,260.000,0.000,53
14,95.00,car_flow_E#10.8,177.725,4.922,0,,260.000,0.000,53
14,95.00,car_flow_E#10.7,221.104,11.865,0,,260.000,0.000,53
14,95.00,car_flow_E#10.5,320.533,11.742,0,,260.000,0.000,53
14,95.00,car_flow_E#10.4,350.862,1.483,0,,260.000,0.000,53
14,95.00,car_flow_E#10.1,360.658,2.974,0,,260.000,0.000,53
14,95.00,car_flow_E#10.14,11.087,13.535,1,,260.000,0.000,53
14,95.00,car_flow_E#10.12,128.770,10.179,1,,260.000,0.000,53
14,95.00,car_flow_E#10.9,152.258,1.000,1,,260.000,0.000,53
14,95.00,car_flow_E#10.6,341.780,7.242,1,,260.000,0.000,53
14,95.00,car_flow_E#10.3,357.039,5.690,1,,260.000,0.000,53
14,100.00,car_flow_E#10.13,90.104,12.020,0,,260.000,0.000,56
14,100.00,car_flow_E#10.11,156.741,0.000,0,,260.000,0.000,56
14,100.00,car_flow_E#10.9,164.854,4.097,0,,260.000,0.000,56
14,100.00,car_flow_E#10.10,205.116,11.453,0,,260.000,0.000,56
14,100.00,car_flow_E#10.8,225.152,10.119,0,,260.000,0.000,56
14,100.00,car_flow_E#10.7,281.940,12.670,0,,260.000,0.000,56
14,100.00,car_flow_E#10.5,343.539,4.080,0,,260.000,0.000,56
14,100.00,car_flow_E#10.15,30.664,13.773,1,,260.000,0.000,56
14,100.00,car_flow_E#10.14,74.144,13.398,1,,260.000,0.000,56
14,100.00,car_flow_E#10.12,147.538,1.000,1,,260.000,0.000,56
14,105.00,car_flow_E#10.13,148.498,11.426,0,,260.000,0.000,58
14,105.00,car_flow_E#10.11,190.427,11.799,0,,260.000,0.000,58
14,105.00,car_flow_E#10.9,220.106,14.978,0,,260.000,0.000,58
14,105.00,car_flow_E#10.10,260.703,11.553,0,,260.000,0.000,58
14,105.00,car_flow_E#10.8,280.320,11.274,0,,260.000,0.000,58
14,105.00,car_flow_E#10.5,362.516,0.061,0,,260.000,0.000,58
14,105.00,car_flow_E#10.16,49.156,11.947,1,,260.000,0.000,58
14,105.00,car_flow_E#10.15,96.642,12.939,1,,260.000,0.000,58
14,105.00,car_flow_E#10.14,138.455,13.306,1,,260.000,0.000,58
14,105.00,car_flow_E#10.12,189.448,13.832,1,,260.000,0.000,58
14,105.00,car_flow_E#10.7,339.546,9.614,1,,260.000,0.000,58
14,110.00,car_flow_E#10.13,200.886,7.679,0,,260.000,0.000,56
14,110.00,car_flow_E#10.12,220.683,5.240,0,,260.000,0.000,56
14,110.00,car_flow_E#10.11,257.219,13.605,0,,260.000,0.000,56
14,110.00,car_flow_E#10.9,286.424,10.999,0,,260.000,0.000,56
14,110.00,car_flow_E#10.10,315.241,11.534,0,,260.000,0.000,56
14,110.00,car_flow_E#10.8,335.379,10.956,0,,260.000,0.000,56
14,110.00,car_flow_E#10.5,362.519,0.000,0,,260.000,0.000,56
14,110.00,car_flow_E#10.16,113.067,12.412,1,,260.000,0.000,56
14,110.00,car_flow_E#10.15,150.191,6.586,1,,260.000,0.000,56
14,110.00,car_flow_E#10.14,162.681,1.000,1,,260.000,0.000,56
14,110.00,car_flow_E#10.7,362.519,0.001,1,,260.000,0.000,56
14,115.00,car_flow_E#10.15,164.632,2.452,0,,260.000,0.000,58
14,115.00,car_flow_E#10.14,173.681,2.500,0,,260.000,0.000,58
14,115.00,car_flow_E#10.13,251.051,11.813,0,,260.000,0.000,58
14,115.00,car_flow_E#10.12,281.894,16.321,0,,260.000,0.000,58
14,115.00,car_flow_E#10.11,323.392,11.933,0,,260.000,0.000,58
14,115.00,car_flow_E#10.8,354.490,2.543,0,,260.000,0.000,58
14,115.00,car_flow_E#10.5,362.519,0.000,0,,260.000,0.000,58
14,115.00,car_flow_E#10.17,47.306,11.899,1,,260.000,0.000,58
14,115.00,car_flow_E#10.16,175.973,12.876,1,,260.000,0.000,58
14,115.00,car_flow_E#10.9,341.418,7.427,1,,260.000,0.000,58
14,115.00,car_flow_E#10.10,355.352,3.197,1,,260.000,0.000,58
14,115.00,car_flow_E#10.7,362.519,0.000,1,,260.000,0.000,58
14,120.00,car_flow_E#10.19,38.676,12.959,0,,260.000,0.000,62
14,120.00,car_flow_E#10.15,182.138,2.458,0,,260.000,0.000,62
14,120.00,car_flow_E#10.14,192.057,1.170,0,,260.000,0.000,62
14,120.00,car_flow_E#10.16,203.723,4.621,0,,260.000,0.000,62
14,120.00,car_flow_E#10.13,309.907,11.426,0,,260.000,0.000,62
14,120.00,car_flow_E#10.11,347.130,4.240,0,,260.000,0.000,62
14,120.00,car_flow_E#10.8,356.014,0.006,0,,260.000,0.000,62
14,120.00,car_flow_E#10.5,362.519,0.000,0,,260.000,0.000,62
14,120.00,car_flow_E#10.18,60.086,12.257,1,,260.000,0.000,62
14,120.00,car_flow_E#10.17,109.370,12.395,1,,260.000,0.000,62
14,120.00,car_flow_E#10.12,334.478,7.204,1,,260.000,0.000,62
14,120.00,car_flow_E#10.9,349.506,0.016,1,,260.000,0.000,62
14,120.00,car_flow_E#10.10,356.018,0.003,1,,260.000,0.000,62
14,120.00,car_flow_E#10.7,362.519,0.000,1,,260.000,0.000,62
15,45.00,car_flow_E#10.0,3.483,14.001,0,,260.000,0.000,31
15,50.00,car_flow_E#10.1,41.257,13.917,0,,260.000,0.000,34
15,50.00,car_flow_E#10.0,74.219,14.190,0,,260.000,0.000,34
15,55.00,car_flow_E#10.1,110.184,13.666,0,,260.000,0.000,39
15,55.00,car_flow_E#10.0,142.241,13.365,0,,260.000,0.000,39
15,60.00,car_flow_E#10.3,6.123,13.927,0,,260.000,0.000,45
15,60.00,car_flow_E#10.2,32.155,11.823,0,,260.000,0.000,45
15,60.00,car_flow_E#10.1,179.783,13.874,0,,260.000,0.000,45
15,60.00,car_flow_E#10.0,211.460,14.453,0,,260.000,0.000,45
15,65.00,car_flow_E#10.4,41.308,13.519,0,,260.000,0.000,46
15,65.00,car_flow_E#10.3,68.370,12.407,0,,260.000,0.000,46
15,65.00,car_flow_E#10.2,91.898,11.270,0,,260.000,0.000,46
15,65.00,car_flow_E#10.1,249.277,14.330,0,,260.000,0.000,46
15,65.00,car_flow_E#10.0,280.576,13.294,0,,260.000,0.000,46
15,70.00,car_flow_E#10.5,25.081,13.345,0,,260.000,0.000,43
15,70.00,car_flow_E#10.4,104.089,12.174,0,,260.000,0.000,43
15,70.00,car_flow_E#10.3,128.776,12.781,0,,260.000,0.000,43
15,70.00,car_flow_E#10.2,151.218,12.241,0,,260.000,0.000,43
15,70.00,car_flow_E#10.1,315.971,12.920,0,,260.000,0.000,43
15,70.00,car_flow_E#10.0,345.345,10.573,0,,260.000,0.000,43
15,75.00,car_flow_E#10.5,91.342,13.311,0,,260.000,0.000,41
15,75.00,car_flow_E#10.4,167.096,11.805,0,,260.000,0.000,41
15,75.00,car_flow_E#10.3,190.338,12.523,0,,260.000,0.000,41
15,75.00,car_flow_E#10.2,212.063,12.435,0,,260.000,0.000,41
15,75.00,car_flow_E#10.6,24.667,14.509,1,,260.000,0.000,41
15,80.00,car_flow_E#10.5,156.848,13.064,0,,260.000,0.000,43
15,80.00,car_flow_E#10.4,226.497,11.869,0,,260.000,0.000,43
15,80.00,car_flow_E#10.3,249.746,11.846,0,,260.000,0.000,43
15,80.00,car_flow_E#10.2,271.161,11.511,0,,260.000,0.000,43
15,80.00,car_flow_E#10.6,94.731,14.507,1,,260.000,0.000,43
15,85.00,car_flow_E#10.7,29.026,11.055,0,,260.000,0.000,45
15,85.00,car_flow_E#10.6,166.420,14.553,0,,260.000,0.000,45
15,85.00,car_flow_E#10.5,223.026,12.462,0,,260.000,0.000,45
15,85.00,car_flow_E#10.4,285.441,12.361,0,,260.000,0.000,45
15,85.00,car_flow_E#10.3,308.441,11.071,0,,260.000,0.000,45
15,85.00,car_flow_E#10.2,329.206,11.504,0,,260.000,0.000,45
15,85.00,car_flow_E#10.8,24.741,12.609,1,,260.000,0.000,45
15,90.00,car_flow_E#10.7,85.234,11.372,0,,260.000,0.000,40
15,90.00,car_flow_E#10.6,238.855,14.975,0,,260.000,0.000,40
15,90.00,car_flow_E#10.5,288.740,13.873,0,,260.000,0.000,40
15,90.00,car_flow_E#10.2,350.836,3.419,0,,260.000,0.000,40
15,90.00,car_flow_E#10.9,2.130,15.410,1,,260.000,0.000,40
15,90.00,car_flow_E#10.8,88.785,12.592,1,,260.000,0.000,40
15,90.00,car_flow_E#10.4,341.452,11.819,1,,260.000,0.000,40
15,95.00,car_flow_E#10.7,141.658,11.081,0,,260.000,0.000,42
15,95.00,car_flow_E#10.6,309.419,14.978,0,,260.000,0.000,42
15,95.00,car_flow_E#10.5,354.411,12.842,0,,260.000,0.000,42
15,95.00,car_flow_E#10.9,74.008,14.120,1,,260.000,0.000,42
15,95.00,car_flow_E#10.8,151.698,13.125,1,,260.000,0.000,42
15,100.00,car_flow_E#10.7,168.470,0.640,0,,260.000,0.000,44
15,100.00,car_flow_E#10.8,179.681,4.109,0,,260.000,0.000,44
15,100.00,car_flow_E#10.9,146.587,14.013,1,,260.000,0.000,44
15,100.00,car_flow_E#10.6,358.717,5.033,1,,260.000,0.000,44
15,105.00,car_flow_E#10.10,58.448,11.374,0,,260.000,0.000,44
15,105.00,car_flow_E#10.7,206.927,11.077,0,,260.000,0.000,44
15,105.00,car_flow_E#10.8,231.984,12.941,0,,260.000,0.000,44
15,105.00,car_flow_E#10.11,21.798,12.126,1,,260.000,0.000,44
15,105.00,car_flow_E#10.9,173.639,1.000,1,,260.000,0.000,44
15,105.00,car_flow_E#10.6,362.516,0.010,1,,260.000,0.000,44
15,110.00,car_flow_E#10.12,49.179,11.754,0,,260.000,0.000,48
15,110.00,car_flow_E#10.10,115.591,11.737,0,,260.000,0.000,48
15,110.00,car_flow_E#10.9,186.691,4.552,0,,260.000,0.000,48
15,110.00,car_flow_E#10.7,265.509,11.526,0,,260.000,0.000,48
15,110.00,car_flow_E#10.8,294.304,11.901,0,,260.000,0.000,48
15,110.00,car_flow_E#10.11,86.302,12.451,1,,260.000,0.000,48
15,115.00,car_flow_E#10.12,110.940,12.454,0,,260.000,0.000,46
15,115.00,car_flow_E#10.10,172.052,10.869,0,,260.000,0.000,46
15,115.00,car_flow_E#10.9,243.274,15.005,0,,260.000,0.000,46
15,115.00,car_flow_E#10.7,321.001,11.338,0,,260.000,0.000,46
15,115.00,car_flow_E#10.8,357.782,12.118,0,,260.000,0.000,46
15,115.00,car_flow_E#10.11,149.272,13.077,1,,260.000,0.000,46
15,120.00,car_flow_E#10.12,171.718,12.410,0,,260.000,0.000,44
15,120.00,car_flow_E#10.10,230.037,11.659,0,,260.000,0.000,44
15,120.00,car_flow_E#10.9,312.766,11.015,0,,260.000,0.000,44
15,120.00,car_flow_E#10.7,342.207,3.490,0,,260.000,0.000,44
15,120.00,car_flow_E#10.11,172.578,1.000,1,,260.000,0.000,44
16,50.00,car_flow_E#10.0,56.967,12.034,0,,260.000,0.000,16
16,50.00,car_flow_E#10.1,56.285,13.902,1,,260.000,0.000,16
16,55.00,car_flow_E#10.0,117.628,12.648,0,,260.000,0.000,20
16,55.00,car_flow_E#10.1,126.419,14.525,1,,260.000,0.000,20
16,60.00,car_flow_E#10.0,178.001,11.688,0,,260.000,0.000,25
16,60.00,car_flow_E#10.1,155.517,1.000,1,,260.000,0.000,25
16,65.00,car_flow_E#10.2,1.727,12.783,0,,260.000,0.000,26
16,65.00,car_flow_E#10.1,168.714,4.696,0,,260.000,0.000,26
16,65.00,car_flow_E#10.0,237.339,11.669,0,,260.000,0.000,26
16,70.00,car_flow_E#10.4,13.736,13.955,0,,260.000,0.000,28
16,70.00,car_flow_E#10.2,66.809,12.694,0,,260.000,0.000,28
16,70.00,car_flow_E#10.1,225.979,13.823,0,,260.000,0.000,28
16,70.00,car_flow_E#10.0,299.023,12.054,0,,260.000,0.000,28
16,70.00,car_flow_E#10.3,58.838,15.557,1,,260.000,0.000,28
16,75.00,car_flow_E#10.4,78.596,12.971,0,,260.000,0.000,30
16,75.00,car_flow_E#10.2,130.135,12.265,0,,260.000,0.000,30
16,75.00,car_flow_E#10.1,297.217,13.541,0,,260.000,0.000,30
16,75.00,car_flow_E#10.0,352.715,7.633,0,,260.000,0.000,30
16,75.00,car_flow_E#10.5,76.364,14.949,1,,260.000,0.000,30
16,75.00,car_flow_E#10.3,134.119,15.487,1,,260.000,0.000,30
16,80.00,car_flow_E#10.4,146.123,13.489,0,,260.000,0.000,29
16,80.00,car_flow_E#10.2,195.063,13.345,0,,260.000,0.000,29
16,80.00,car_flow_E#10.0,362.519,0.000,0,,260.000,0.000,29
16,80.00,car_flow_E#10.5,145.501,10.246,1,,260.000,0.000,29
16,80.00,car_flow_E#10.3,167.068,1.000,1,,260.000,0.000,29
16,80.00,car_flow_E#10.1,354.924,7.390,1,,260.000,0.000,29
16,85.00,car_flow_E#10.3,180.071,4.503,0,,260.000,0.000,33
16,85.00,car_flow_E#10.4,210.468,12.777,0,,260.000,0.000,33
16,85.00,car_flow_E#10.2,258.743,13.367,0,,260.000,0.000,33
16,85.00,car_flow_E#10.0,362.519,0.000,0,,260.000,0.000,33
16,85.00,car_flow_E#10.5,164.369,1.000,1,,260.000,0.000,33
16,85.00,car_flow_E#10.1,362.511,0.013,1,,260.000,0.000,33
16,90.00,car_flow_E#10.5,177.556,4.686,0,,260.000,0.000,36
16,90.00,car_flow_E#10.3,234.789,15.145,0,,260.000,0.000,36
16,90.00,car_flow_E#10.4,277.055,13.387,0,,260.000,0.000,36
16,90.00,car_flow_E#10.2,321.945,12.494,0,,260.000,0.000,36
16,95.00,car_flow_E#10.5,236.389,15.038,0,,260.000,0.000,37
16,95.00,car_flow_E#10.3,308.006,13.281,0,,260.000,0.000,37
16,95.00,car_flow_E#10.2,346.696,3.570,0,,260.000,0.000,37
16,95.00,car_flow_E#10.4,336.718,10.904,1,,260.000,0.000,37
16,100.00,car_flow_E#10.6,26.796,13.422,0,,260.000,0.000,42
16,100.00,car_flow_E#10.5,313.125,14.258,0,,260.000,0.000,42
16,100.00,car_flow_E#10.3,352.324,5.139,0,,260.000,0.000,42
16,100.00,car_flow_E#10.2,362.236,0.446,0,,260.000,0.000,42
16,100.00,car_flow_E#10.4,361.995,0.691,1,,260.000,0.000,42
16,105.00,car_flow_E#10.7,59.679,14.857,0,,260.000,0.000,48
16,105.00,car_flow_E#10.6,94.911,13.113,0,,260.000,0.000,48
16,105.00,car_flow_E#10.3,356.013,0.005,0,,260.000,0.000,48
16,105.00,car_flow_E#10.2,362.519,0.004,0,,260.000,0.000,48
16,105.00,car_flow_E#10.5,354.149,3.747,1,,260.000,0.000,48
16,105.00,car_flow_E#10.4,362.519,0.001,1,,260.000,0.000,48
16,110.00,car_flow_E#10.8,65.321,12.586,0,,260.000,0.000,52
16,110.00,car_flow_E#10.7,134.081,15.209,0,,260.000,0.000,52
16,110.00,car_flow_E#10.6,162.311,13.586,0,,260.000,0.000,52
16,110.00,car_flow_E#10.3,356.018,0.000,0,,260.000,0.000,52
16,110.00,car_flow_E#10.2,362.519,0.000,0,,260.000,0.000,52
16,110.00,car_flow_E#10.5,356.017,0.006,1,,260.000,0.000,52
16,110.00,car_flow_E#10.4,362.519,0.000,1,,260.000,0.000,52
16,115.00,car_flow_E#10.8,131.892,13.085,0,,260.000,0.000,52
16,115.00,car_flow_E#10.7,203.782,13.063,0,,260.000,0.000,52
16,115.00,car_flow_E#10.6,229.357,13.795,0,,260.000,0.000,52
16,115.00,car_flow_E#10.3,356.018,0.000,0,,260.000,0.000,52
16,115.00,car_flow_E#10.2,362.519,0.000,0,,260.000,0.000,52
16,115.00,car_flow_E#10.5,356.018,0.000,1,,260.000,0.000,52
16,115.00,car_flow_E#10.4,362.519,0.000,1,,260.000,0.000,52
16,120.00,car_flow_E#10.10,22.926,13.026,0,,260.000,0.000,52
16,120.00,car_flow_E#10.9,53.638,13.813,0,,260.000,0.000,52
16,120.00,car_flow_E#10.8,199.142,12.930,0,,260.000,0.000,52
16,120.00,car_flow_E#10.7,271.861,14.146,0,,260.000,0.000,52
16,120.00,car_flow_E#10.6,295.747,12.947,0,,260.000,0.000,52
16,120.00,car_flow_E#10.3,356.018,0.000,0,,260.000,0.000,52
16,120.00,car_flow_E#10.2,362.519,0.000,0,,260.000,0.000,52
16,120.00,car_flow_E#10.5,356.018,0.000,1,,260.000,0.000,52
16,120.00,car_flow_E#10.4,362.519,0.000,1,,260.000,0.000,52
17,60.00,car_flow_E#10.1,14.783,13.443,0,,260.000,0.000,35
17,60.00,car_flow_E#10.0,73.267,14.494,0,,260.000,0.000,35
17,65.00,car_flow_E#10.2,8.461,10.741,0,,260.000,0.000,35
17,65.00,car_flow_E#10.1,80.520,12.343,0,,260.000,0.000,35
17,65.00,car_flow_E#10.0,146.969,13.709,0,,260.000,0.000,35
17,65.00,car_flow_E#10.3,24.294,14.264,1,,260.000,0.000,35
17,70.00,car_flow_E#10.2,60.505,10.277,0,,260.000,0.000,38
17,70.00,car_flow_E#10.1,144.672,12.828,0,,260.000,0.000,38
17,70.00,car_flow_E#10.0,218.094,14.667,0,,260.000,0.000,38
17,70.00,car_flow_E#10.3,91.193,13.272,1,,260.000,0.000,38
17,75.00,car_flow_E#10.2,110.583,10.166,0,,260.000,0.000,40
17,75.00,car_flow_E#10.1,210.943,13.516,0,,260.000,0.000,40
17,75.00,car_flow_E#10.0,291.744,14.532,0,,260.000,0.000,40
17,75.00,car_flow_E#10.4,43.104,14.826,1,,260.000,0.000,40
17,75.00,car_flow_E#10.3,156.990,12.885,1,,260.000,0.000,40
17,80.00,car_flow_E#10.5,71.429,14.806,0,,260.000,0.000,40
17,80.00,car_flow_E#10.2,159.936,9.504,0,,260.000,0.000,40
17,80.00,car_flow_E#10.3,185.203,5.058,0,,260.000,0.000,40
17,80.00,car_flow_E#10.1,276.329,13.715,0,,260.000,0.000,40
17,80.00,car_flow_E#10.0,354.878,8.247,0,,260.000,0.000,40
17,80.00,car_flow_E#10.6,38.825,14.080,1,,260.000,0.000,40
17,80.00,car_flow_E#10.4,113.480,14.410,1,,260.000,0.000,40
17,85.00,car_flow_E#10.5,142.913,13.927,0,,260.000,0.000,39
17,85.00,car_flow_E#10.4,182.014,12.049,0,,260.000,0.000,39
17,85.00,car_flow_E#10.2,208.021,10.306,0,,260.000,0.000,39
17,85.00,car_flow_E#10.3,242.444,13.173,0,,260.000,0.000,39
17,85.00,car_flow_E#10.8,11.172,12.744,1,,260.000,0.000,39
17,85.00,car_flow_E#10.7,43.510,12.815,1,,260.000,0.000,39
17,85.00,car_flow_E#10.6,112.553,14.537,1,,260.000,0.000,39
17,85.00,car_flow_E#10.1,339.455,11.722,1,,260.000,0.000,39
17,90.00,car_flow_E#10.6,183.183,12.319,0,,260.000,0.000,42
17,90.00,car_flow_E#10.5,211.598,13.498,0,,260.000,0.000,42
17,90.00,car_flow_E#10.4,238.793,11.841,0,,260.000,0.000,42
17,90.00,car_flow_E#10.2,259.681,10.265,0,,260.000,0.000,42
17,90.00,car_flow_E#10.3,308.287,12.970,0,,260.000,0.000,42
17,90.00,car_flow_E#10.8,73.525,12.742,1,,260.000,0.000,42
17,90.00,car_flow_E#10.7,105.276,12.586,1,,260.000,0.000,42
17,95.00,car_flow_E#10.9,9.185,11.577,0,,260.000,0.000,49
17,95.00,car_flow_E#10.7,167.536,12.308,0,,260.000,0.000,49
17,95.00,car_flow_E#10.6,246.235,11.284,0,,260.000,0.000,49
17,95.00,car_flow_E#10.5,269.217,10.399,0,,260.000,0.000,49
17,95.00,car_flow_E#10.4,289.612,9.004,0,,260.000,0.000,49
17,95.00,car_flow_E#10.2,309.183,9.849,0,,260.000,0.000,49
17,95.00,car_flow_E#10.3,358.067,5.133,0,,260.000,0.000,49
17,95.00,car_flow_E#10.8,138.849,13.227,1,,260.000,0.000,49
17,100.00,car_flow_E#10.9,64.812,11.662,0,,260.000,0.000,55
17,100.00,car_flow_E#10.7,230.115,12.202,0,,260.000,0.000,55
17,100.00,car_flow_E#10.6,300.049,11.567,0,,260.000,0.000,55
17,100.00,car_flow_E#10.5,323.144,12.430,0,,260.000,0.000,55
17,100.00,car_flow_E#10.4,342.116,9.481,0,,260.000,0.000,55
17,100.00,car_flow_E#10.3,362.519,0.000,0,,260.000,0.000,55
17,100.00,car_flow_E#10.11,3.462,14.410,1,,260.000,0.000,55
17,100.00,car_flow_E#10.10,37.268,13.564,1,,260.000,0.000,55
17,100.00,car_flow_E#10.8,162.758,1.000,1,,260.000,0.000,55
17,100.00,car_flow_E#10.2,356.762,6.912,1,,260.000,0.000,55
17,105.00,car_flow_E#10.9,119.883,10.386,0,,260.000,0.000,61
17,105.00,car_flow_E#10.8,175.673,4.415,0,,260.000,0.000,61
17,105.00,car_flow_E#10.7,294.511,12.369,0,,260.000,0.000,61
17,105.00,car_flow_E#10.5,347.427,3.294,0,,260.000,0.000,61
17,105.00,car_flow_E#10.4,360.941,4.244,0,,260.000,0.000,61
17,105.00,car_flow_E#10.12,26.828,13.596,1,,260.000,0.000,61
17,105.00,car_flow_E#10.11,74.100,14.697,1,,260.000,0.000,61
17,105.00,car_flow_E#10.10,105.790,13.984,1,,260.000,0.000,61
17,105.00,car_flow_E#10.6,346.410,7.492,1,,260.000,0.000,61
17,110.00,car_flow_E#10.13,5.936,9.969,0,,260.000,0.000,62
17,110.00,car_flow_E#10.9,175.945,11.703,0,,260.000,0.000,62
17,110.00,car_flow_E#10.8,225.375,12.612,0,,260.000,0.000,62
17,110.00,car_flow_E#10.7,357.947,12.533,0,,260.000,0.000,62
17,110.00,car_flow_E#10.12,94.577,14.368,1,,260.000,0.000,62
17,110.00,car_flow_E#10.11,143.449,13.771,1,,260.000,0.000,62
17,110.00,car_flow_E#10.10,172.528,11.573,1,,260.000,0.000,62
17,115.00,car_flow_E#10.13,56.598,9.739,0,,260.000,0.000,61
17,115.00,car_flow_E#10.10,197.043,5.297,0,,260.000,0.000,61
17,115.00,car_flow_E#10.9,232.000,10.641,0,,260.000,0.000,61
17,115.00,car_flow_E#10.8,289.515,12.428,0,,260.000,0.000,61
17,115.00,car_flow_E#10.15,43.457,14.887,1,,260.000,0.000,61
17,115.00,car_flow_E#10.12,153.308,7.829,1,,260.000,0.000,61
17,115.00,car_flow_E#10.11,169.532,1.000,1,,260.000,0.000,61
17,120.00,car_flow_E#10.14,45.411,9.923,0,,260.000,0.000,61
17,120.00,car_flow_E#10.13,108.335,10.484,0,,260.000,0.000,61
17,120.00,car_flow_E#10.12,170.592,1.954,0,,260.000,0.000,61
17,120.00,car_flow_E#10.11,182.225,4.193,0,,260.000,0.000,61
17,120.00,car_flow_E#10.10,254.826,14.260,0,,260.000,0.000,61
17,120.00,car_flow_E#10.9,286.747,11.071,0,,260.000,0.000,61
17,120.00,car_flow_E#10.8,350.178,9.826,0,,260.000,0.000,61
17,120.00,car_flow_E#10.16,33.076,14.275,1,,260.000,0.000,61
17,120.00,car_flow_E#10.15,115.926,14.346,1,,260.000,0.000,61
18,30.00,car_flow_E#10.0,43.331,10.631,0,,260.000,0.000,13
18,35.00,car_flow_E#10.1,66.223,14.386,0,,260.000,0.000,18
18,35.00,car_flow_E#10.0,99.711,11.451,0,,260.000,0.000,18
18,40.00,car_flow_E#10.1,132.219,12.635,0,,260.000,0.000,25
18,40.00,car_flow_E#10.0,158.087,11.526,0,,260.000,0.000,25
18,40.00,car_flow_E#10.3,22.279,13.567,1,,260.000,0.000,25
18,40.00,car_flow_E#10.2,50.891,14.181,1,,260.000,0.000,25
18,45.00,car_flow_E#10.1,192.838,11.873,0,,260.000,0.000,31
18,45.00,car_flow_E#10.0,215.732,12.033,0,,260.000,0.000,31
18,45.00,car_flow_E#10.3,90.079,13.231,1,,260.000,0.000,31
18,45.00,car_flow_E#10.2,118.640,13.737,1,,260.000,0.000,31
18,50.00,car_flow_E#10.4,33.993,11.311,0,,260.000,0.000,34
18,50.00,car_flow_E#10.3,159.725,14.021,0,,260.000,0.000,34
18,50.00,car_flow_E#10.2,187.797,13.239,0,,260.000,0.000,34
18,50.00,car_flow_E#10.1,251.678,11.201,0,,260.000,0.000,34
18,50.00,car_flow_E#10.0,273.081,11.117,0,,260.000,0.000,34
18,55.00,car_flow_E#10.4,89.801,11.489,0,,260.000,0.000,42
18,55.00,car_flow_E#10.3,227.313,13.194,0,,260.000,0.000,42
18,55.00,car_flow_E#10.2,257.064,13.967,0,,260.000,0.000,42
18,55.00,car_flow_E#10.1,308.736,12.009,0,,260.000,0.000,42
18,55.00,car_flow_E#10.0,329.828,11.480,0,,260.000,0.000,42
18,55.00,car_flow_E#10.5,59.652,15.591,1,,260.000,0.000,42
18,60.00,car_flow_E#10.7,18.058,13.204,0,,260.000,0.000,47
18,60.00,car_flow_E#10.4,146.423,11.701,0,,260.000,0.000,47
18,60.00,car_flow_E#10.3,295.488,13.147,0,,260.000,0.000,47
18,60.00,car_flow_E#10.2,323.677,11.095,0,,260.000,0.000,47
18,60.00,car_flow_E#10.0,351.456,3.488,0,,260.000,0.000,47
18,60.00,car_flow_E#10.6,51.827,12.938,1,,260.000,0.000,47
18,60.00,car_flow_E#10.5,136.402,15.705,1,,260.000,0.000,47
18,60.00,car_flow_E#10.1,356.697,6.981,1,,260.000,0.000,47
18,65.00,car_flow_E#10.7,82.258,13.174,0,,260.000,0.000,48
18,65.00,car_flow_E#10.4,201.585,11.046,0,,260.000,0.000,48
18,65.00,car_flow_E#10.2,344.679,4.018,0,,260.000,0.000,48
18,65.00,car_flow_E#10.0,362.503,0.017,0,,260.000,0.000,48
18,65.00,car_flow_E#10.9,12.034,12.730,1,,260.000,0.000,48
18,65.00,car_flow_E#10.8,60.974,12.885,1,,260.000,0.000,48
18,65.00,car_flow_E#10.6,117.363,13.236,1,,260.000,0.000,48
18,65.00,car_flow_E#10.5,170.220,1.000,1,,260.000,0.000,48
18,65.00,car_flow_E#10.3,343.946,9.537,1,,260.000,0.000,48
18,65.00,car_flow_E#10.1,362.518,0.003,1,,260.000,0.000,48
18,70.00,car_flow_E#10.7,146.434,13.120,0,,260.000,0.000,56
18,70.00,car_flow_E#10.5,181.220,2.500,0,,260.000,0.000,56
18,70.00,car_flow_E#10.4,259.260,11.451,0,,260.000,0.000,56
18,70.00,car_flow_E#10.2,356.016,0.003,0,,260.000,0.000,56
18,70.00,car_flow_E#10.0,362.519,0.000,0,,260.000,0.000,56
18,70.00,car_flow_E#10.11,10.927,15.900,1,,260.000,0.000,56
18,70.00,car_flow_E#10.9,73.735,12.473,1,,260.000,0.000,56
18,70.00,car_flow_E#10.8,128.537,12.725,1,,260.000,0.000,56
18,70.00,car_flow_E#10.6,184.315,13.703,1,,260.000,0.000,56
18,70.00,car_flow_E#10.3,356.012,0.036,1,,260.000,0.000,56
18,70.00,car_flow_E#10.1,362.519,0.000,1,,260.000,0.000,56
18,75.00,car_flow_E#10.10,23.042,9.366,0,,260.000,0.000,56
18,75.00,car_flow_E#10.7,189.822,6.821,0,,260.000,0.000,56
18,75.00,car_flow_E#10.5,202.640,1.601,0,,260.000,0.000,56
18,75.00,car_flow_E#10.6,214.881,4.956,0,,260.000,0.000,56
18,75.00,car_flow_E#10.4,315.912,11.854,0,,260.000,0.000,56
18,75.00,car_flow_E#10.2,356.018,0.000,0,,260.000,0.000,56
18,75.00,car_flow_E#10.0,362.519,0.000,0,,260.000,0.000,56
18,75.00,car_flow_E#10.11,90.635,16.140,1,,260.000,0.000,56
18,75.00,car_flow_E#10.9,130.555,8.830,1,,260.000,0.000,56
18,75.00,car_flow_E#10.8,151.123,1.000,1,,260.000,0.000,56
18,75.00,car_flow_E#10.3,356.018,0.000,1,,260.000,0.000,56
18,75.00,car_flow_E#10.1,362.519,0.000,1,,260.000,0.000,56
18,80.00,car_flow_E#10.12,24.689,12.139,0,,260.000,0.000,55
18,80.00,car_flow_E#10.10,67.340,9.054,0,,260.000,0.000,55
18,80.00,car_flow_E#10.11,136.389,4.120,0,,260.000,0.000,55
18,80.00,car_flow_E#10.8,165.038,5.415,0,,260.000,0.000,55
18,80.00,car_flow_E#10.7,221.302,9.248,0,,260.000,0.000,55
18,80.00,car_flow_E#10.5,242.611,12.011,0,,260.000,0.000,55
18,80.00,car_flow_E#10.6,271.181,13.710,0,,260.000,0.000,55
18,80.00,car_flow_E#10.4,349.122,1.591,0,,260.000,0.000,55
18,80.00,car_flow_E#10.2,356.018,0.000,0,,260.000,0.000,55
18,80.00,car_flow_E#10.0,362.519,0.000,0,,260.000,0.000,55
18,80.00,car_flow_E#10.9,147.300,1.000,1,,260.000,0.000,55
18,80.00,car_flow_E#10.3,356.018,0.000,1,,260.000,0.000,55
18,80.00,car_flow_E#10.1,362.519,0.000,1,,260.000,0.000,55
18,85.00,car_flow_E#10.12,82.261,11.375,0,,260.000,0.000,57
18,85.00,car_flow_E#10.10,111.371,8.454,0,,260.000,0.000,57
18,85.00,car_flow_E#10.11,188.945,14.879,0,,260.000,0.000,57
18,85.00,car_flow_E#10.8,220.453,13.292,0,,260.000,0.000,57
18,85.00,car_flow_E#10.7,282.987,12.882,0,,260.000,0.000,57
18,85.00,car_flow_E#10.5,311.997,12.258,0,,260.000,0.000,57
18,85.00,car_flow_E#10.4,349.517,0.000,0,,260.000,0.000,57
18,85.00,car_flow_E#10.2,356.018,0.000,0,,260.000,0.000,57
18,85.00,car_flow_E#10.0,362.519,0.000,0,,260.000,0.000,57
18,85.00,car_flow_E#10.9,189.314,11.927,1,,260.000,0.000,57
18,85.00,car_flow_E#10.6,332.438,8.635,1,,260.000,0.000,57
18,85.00,car_flow_E#10.3,356.018,0.000,1,,260.000,0.000,57
18,85.00,car_flow_E#10.1,362.519,0.000,1,,260.000,0.000,57
18,90.00,car_flow_E#10.12,134.352,9.117,0,,260.000,0.000,60
18,90.00,car_flow_E#10.10,154.406,8.429,0,,260.000,0.000,60
18,90.00,car_flow_E#10.9,213.755,4.159,0,,260.000,0.000,60
18,90.00,car_flow_E#10.11,263.481,14.302,0,,260.000,0.000,60
18,90.00,car_flow_E#10.8,288.963,13.154,0,,260.000,0.000,60
18,90.00,car_flow_E#10.5,342.215,1.021,0,,260.000,0.000,60
18,90.00,car_flow_E#10.4,349.517,0.000,0,,260.000,0.000,60
18,90.00,car_flow_E#10.2,356.018,0.000,0,,260.000,0.000,60
18,90.00,car_flow_E#10.0,362.519,0.000,0,,260.000,0.000,60
18,90.00,car_flow_E#10.7,334.358,7.787,1,,260.000,0.000,60
18,90.00,car_flow_E#10.6,349.511,0.013,1,,260.000,0.000,60
18,90.00,car_flow_E#10.3,356.018,0.000,1,,260.000,0.000,60
18,90.00,car_flow_E#10.1,362.519,0.000,1,,260.000,0.000,60
18,95.00,car_flow_E#10.12,180.866,10.260,0,,260.000,0.000,63
18,95.00,car_flow_E#10.10,198.722,8.185,0,,260.000,0.000,63
18,95.00,car_flow_E#10.9,264.435,11.985,0,,260.000,0.000,63
18,95.00,car_flow_E#10.11,319.911,7.014,0,,260.000,0.000,63
18,95.00,car_flow_E#10.8,334.430,4.396,0,,260.000,0.000,63
18,95.00,car_flow_E#10.5,343.016,0.000,0,,260.000,0.000,63
18,95.00,car_flow_E#10.4,349.517,0.000,0,,260.000,0.000,63
18,95.00,car_flow_E#10.2,356.018,0.000,0,,260.000,0.000,63
18,95.00,car_flow_E#10.0,362.519,0.000,0,,260.000,0.000,63
18,95.00,car_flow_E#10.7,343.004,0.034,1,,260.000,0.000,63
18,95.00,car_flow_E#10.6,349.517,0.000,1,,260.000,0.000,63
18,95.00,car_flow_E#10.3,356.018,0.000,1,,260.000,0.000,63
18,95.00,car_flow_E#10.1,362.519,0.000,1,,260.000,0.000,63
18,100.00,car_flow_E#10.12,224.077,8.458,0,,260.000,0.000,66
18,100.00,car_flow_E#10.10,241.760,8.324,0,,260.000,0.000,66
18,100.00,car_flow_E#10.9,321.030,8.699,0,,260.000,0.000,66
18,100.00,car_flow_E#10.8,336.515,0.000,0,,260.000,0.000,66
18,100.00,car_flow_E#10.5,343.016,0.000,0,,260.000,0.000,66
18,100.00,car_flow_E#10.4,349.517,0.000,0,,260.000,0.000,66
18,100.00,car_flow_E#10.2,356.018,0.000,0,,260.000,0.000,66
18,100.00,car_flow_E#10.0,362.519,0.000,0,,260.000,0.000,66
18,100.00,car_flow_E#10.11,336.173,0.436,1,,260.000,0.000,66
18,100.00,car_flow_E#10.7,343.016,0.000,1,,260.000,0.000,66
18,100.00,car_flow_E#10.6,349.517,0.000,1,,260.000,0.000,66
18,100.00,car_flow_E#10.3,356.018,0.000,1,,260.000,0.000,66
18,100.00,car_flow_E#10.1,362.519,0.000,1,,260.000,0.000,66
18,105.00,car_flow_E#10.13,52.215,13.419,0,,260.000,0.000,67
18,105.00,car_flow_E#10.12,268.910,9.747,0,,260.000,0.000,67
18,105.00,car_flow_E#10.10,287.048,9.338,0,,260.000,0.000,67
18,105.00,car_flow_E#10.9,330.014,0.000,0,,260.000,0.000,67
18,105.00,car_flow_E#10.8,336.515,0.000,0,,260.000,0.000,67
18,105.00,car_flow_E#10.5,343.016,0.000,0,,260.000,0.000,67
18,105.00,car_flow_E#10.4,350.231,0.714,0,,260.000,0.000,67
18,105.00,car_flow_E#10.2,360.701,3.413,0,,260.000,0.000,67
18,105.00,car_flow_E#10.11,336.515,0.000,1,,260.000,0.000,67
18,105.00,car_flow_E#10.7,343.016,0.000,1,,260.000,0.000,67
18,105.00,car_flow_E#10.6,350.736,1.219,1,,260.000,0.000,67
18,105.00,car_flow_E#10.3,362.374,4.449,1,,260.000,0.000,67
18,110.00,car_flow_E#10.14,36.450,11.521,0,,260.000,0.000,65
18,110.00,car_flow_E#10.13,117.168,13.413,0,,260.000,0.000,65
18,110.00,car_flow_E#10.12,310.985,6.486,0,,260.000,0.000,65
18,110.00,car_flow_E#10.10,323.176,4.500,0,,260.000,0.000,65
18,110.00,car_flow_E#10.9,335.635,3.360,0,,260.000,0.000,65
18,110.00,car_flow_E#10.8,349.925,5.921,0,,260.000,0.000,65
18,110.00,car_flow_E#10.11,350.338,6.288,1,,260.000,0.000,65
18,115.00,car_flow_E#10.14,97.275,11.961,0,,260.000,0.000,65
18,115.00,car_flow_E#10.13,180.301,12.456,0,,260.000,0.000,65
18,115.00,car_flow_E#10.12,325.645,1.689,0,,260.000,0.000,65
18,115.00,car_flow_E#10.10,337.378,4.602,0,,260.000,0.000,65
18,115.00,car_flow_E#10.15,37.547,14.424,1,,260.000,0.000,65
18,120.00,car_flow_E#10.14,157.773,11.712,0,,260.000,0.000,56
18,120.00,car_flow_E#10.13,241.883,12.179,0,,260.000,0.000,56
18,120.00,car_flow_E#10.12,337.061,4.627,0,,260.000,0.000,56
18,120.00,car_flow_E#10.10,362.467,0.836,0,,260.000,0.000,56
18,120.00,car_flow_E#10.16,26.959,13.976,1,,260.000,0.000,56
18,120.00,car_flow_E#10.15,104.606,13.095,1,,260.000,0.000,56
19,25.00,car_flow_E#10.0,9.194,11.311,0,,260.000,0.000,11
19,30.00,car_flow_E#10.1,33.780,13.913,0,,260.000,0.000,15
19,30.00,car_flow_E#10.0,63.493,10.490,0,,260.000,0.000,15
19,35.00,car_flow_E#10.1,93.625,11.445,0,,260.000,0.000,23
19,35.00,car_flow_E#10.0,114.740,10.135,0,,260.000,0.000,23
19,40.00,car_flow_E#10.1,147.435,10.943,0,,260.000,0.000,29
19,40.00,car_flow_E#10.0,167.030,10.517,0,,260.000,0.000,29
19,45.00,car_flow_E#10.1,200.977,10.976,0,,260.000,0.000,33
19,45.00,car_flow_E#10.0,222.186,11.317,0,,260.000,0.000,33
19,50.00,car_flow_E#10.2,31.651,10.701,0,,260.000,0.000,32
19,50.00,car_flow_E#10.1,257.003,11.197,0,,260.000,0.000,32
19,50.00,car_flow_E#10.0,275.368,9.954,0,,260.000,0.000,32
19,55.00,car_flow_E#10.3,33.888,11.212,0,,260.000,0.000,37
19,55.00,car_flow_E#10.2,87.191,10.415,0,,260.000,0.000,37
19,55.00,car_flow_E#10.1,308.170,9.985,0,,260.000,0.000,37
19,55.00,car_flow_E#10.0,328.901,11.321,0,,260.000,0.000,37
19,55.00,car_flow_E#10.4,27.338,14.116,1,,260.000,0.000,37
19,60.00,car_flow_E#10.3,91.934,11.981,0,,260.000,0.000,35
19,60.00,car_flow_E#10.2,143.069,11.245,0,,260.000,0.000,35
19,60.00,car_flow_E#10.0,350.160,3.598,0,,260.000,0.000,35
19,60.00,car_flow_E#10.6,7.925,14.464,1,,260.000,0.000,35
19,60.00,car_flow_E#10.5,54.122,16.428,1,,260.000,0.000,35
19,60.00,car_flow_E#10.4,92.971,12.767,1,,260.000,0.000,35
19,60.00,car_flow_E#10.1,354.167,7.197,1,,260.000,0.000,35
19,65.00,car_flow_E#10.3,150.578,11.874,0,,260.000,0.000,38
19,65.00,car_flow_E#10.2,197.355,10.645,0,,260.000,0.000,38
19,65.00,car_flow_E#10.6,77.530,14.343,1,,260.000,0.000,38
19,65.00,car_flow_E#10.5,130.223,13.890,1,,260.000,0.000,38
19,65.00,car_flow_E#10.4,160.539,13.916,1,,260.000,0.000,38
19,65.00,car_flow_E#10.1,363.418,0.006,1,,260.000,0.000,38
19,70.00,car_flow_E#10.3,180.239,1.358,0,,260.000,0.000,39
19,70.00,car_flow_E#10.4,190.988,4.200,0,,260.000,0.000,39
19,70.00,car_flow_E#10.2,251.536,10.436,0,,260.000,0.000,39
19,70.00,car_flow_E#10.6,139.334,8.582,1,,260.000,0.000,39
19,70.00,car_flow_E#10.5,156.782,1.000,1,,260.000,0.000,39
19,75.00,car_flow_E#10.5,169.467,4.185,0,,260.000,0.000,45
19,75.00,car_flow_E#10.3,216.942,11.036,0,,260.000,0.000,45
19,75.00,car_flow_E#10.4,240.547,12.960,0,,260.000,0.000,45
19,75.00,car_flow_E#10.2,305.464,11.605,0,,260.000,0.000,45
19,75.00,car_flow_E#10.6,155.669,1.000,1,,260.000,0.000,45
19,80.00,car_flow_E#10.6,169.127,4.958,0,,260.000,0.000,45
19,80.00,car_flow_E#10.5,225.075,16.071,0,,260.000,0.000,45
19,80.00,car_flow_E#10.3,274.199,11.385,0,,260.000,0.000,45
19,80.00,car_flow_E#10.4,308.130,13.635,0,,260.000,0.000,45
19,80.00,car_flow_E#10.2,360.248,10.383,0,,260.000,0.000,45
19,85.00,car_flow_E#10.8,1.923,13.239,0,,260.000,0.000,45
19,85.00,car_flow_E#10.7,43.311,11.130,0,,260.000,0.000,45
19,85.00,car_flow_E#10.6,226.736,14.644,0,,260.000,0.000,45
19,85.00,car_flow_E#10.5,301.106,13.944,0,,260.000,0.000,45
19,85.00,car_flow_E#10.3,333.104,10.852,0,,260.000,0.000,45
19,90.00,car_flow_E#10.9,0.636,13.580,0,,260.000,0.000,47
19,90.00,car_flow_E#10.8,70.468,14.111,0,,260.000,0.000,47
19,90.00,car_flow_E#10.7,98.336,10.568,0,,260.000,0.000,47
19,90.00,car_flow_E#10.6,296.033,13.821,0,,260.000,0.000,47
19,90.00,car_flow_E#10.3,353.538,4.177,0,,260.000,0.000,47
19,95.00,car_flow_E#10.9,65.329,13.042,0,,260.000,0.000,48
19,95.00,car_flow_E#10.8,129.258,10.741,0,,260.000,0.000,48
19,95.00,car_flow_E#10.7,152.383,11.209,0,,260.000,0.000,48
19,95.00,car_flow_E#10.3,362.519,0.001,0,,260.000,0.000,48
19,95.00,car_flow_E#10.10,42.243,15.371,1,,260.000,0.000,48
19,95.00,car_flow_E#10.6,353.496,8.173,1,,260.000,0.000,48
19,100.00,car_flow_E#10.9,129.297,12.916,0,,260.000,0.000,52
19,100.00,car_flow_E#10.8,185.592,10.565,0,,260.000,0.000,52
19,100.00,car_flow_E#10.7,205.188,9.882,0,,260.000,0.000,52
19,100.00,car_flow_E#10.3,362.519,0.000,0,,260.000,0.000,52
19,100.00,car_flow_E#10.11,39.075,12.780,1,,260.000,0.000,52
19,100.00,car_flow_E#10.10,121.048,15.780,1,,260.000,0.000,52
19,100.00,car_flow_E#10.6,362.472,0.080,1,,260.000,0.000,52
19,105.00,car_flow_E#10.9,193.183,12.819,0,,260.000,0.000,58
19,105.00,car_flow_E#10.8,236.779,9.420,0,,260.000,0.000,58
19,105.00,car_flow_E#10.7,256.287,9.962,0,,260.000,0.000,58
19,105.00,car_flow_E#10.3,363.401,0.158,0,,260.000,0.000,58
19,105.00,car_flow_E#10.12,22.555,11.169,1,,260.000,0.000,58
19,105.00,car_flow_E#10.11,102.814,12.924,1,,260.000,0.000,58
19,105.00,car_flow_E#10.10,155.169,1.000,1,,260.000,0.000,58
19,105.00,car_flow_E#10.6,363.419,0.018,1,,260.000,0.000,58
19,110.00,car_flow_E#10.13,46.715,12.014,0,,260.000,0.000,56
19,110.00,car_flow_E#10.10,168.718,5.049,0,,260.000,0.000,56
19,110.00,car_flow_E#10.9,258.013,13.198,0,,260.000,0.000,56
19,110.00,car_flow_E#10.8,288.012,9.935,0,,260.000,0.000,56
19,110.00,car_flow_E#10.7,309.958,11.264,0,,260.000,0.000,56
19,110.00,car_flow_E#10.12,82.505,12.472,1,,260.000,0.000,56
19,110.00,car_flow_E#10.11,163.767,12.004,1,,260.000,0.000,56
19,110.00,car_flow_E#10.6,363.419,0.000,1,,260.000,0.000,56
19,115.00,car_flow_E#10.13,105.581,11.721,0,,260.000,0.000,52
19,115.00,car_flow_E#10.11,189.516,5.237,0,,260.000,0.000,52
19,115.00,car_flow_E#10.10,209.034,12.031,0,,260.000,0.000,52
19,115.00,car_flow_E#10.9,319.064,13.133,0,,260.000,0.000,52
19,115.00,car_flow_E#10.7,360.933,10.326,0,,260.000,0.000,52
19,115.00,car_flow_E#10.14,59.358,13.264,1,,260.000,0.000,52
19,115.00,car_flow_E#10.12,140.380,11.444,1,,260.000,0.000,52
19,115.00,car_flow_E#10.8,342.035,12.317,1,,260.000,0.000,52
19,120.00,car_flow_E#10.13,165.910,12.299,0,,260.000,0.000,51
19,120.00,car_flow_E#10.11,243.875,12.376,0,,260.000,0.000,51
19,120.00,car_flow_E#10.10,287.337,16.300,0,,260.000,0.000,51
19,120.00,car_flow_E#10.9,362.348,3.109,0,,260.000,0.000,51
19,120.00,car_flow_E#10.15,59.260,12.025,1,,260.000,0.000,51
19,120.00,car_flow_E#10.14,127.240,13.341,1,,260.000,0.000,51
19,120.00,car_flow_E#10.12,161.047,1.000,1,,260.000,0.000,51
19,120.00,car_flow_E#10.8,362.455,0.653,1,,260.000,0.000,51
20,40.00,car_flow_E#10.0,9.681,11.820,0,,260.000,0.000,23
20,45.00,car_flow_E#10.0,71.133,12.124,0,,260.000,0.000,25
20,50.00,car_flow_E#10.0,133.585,11.820,0,,260.000,0.000,27
20,55.00,car_flow_E#10.0,194.833,11.946,0,,260.000,0.000,28
20,60.00,car_flow_E#10.1,16.835,10.550,0,,260.000,0.000,29
20,60.00,car_flow_E#10.0,257.761,13.044,0,,260.000,0.000,29
20,60.00,car_flow_E#10.2,2.078,12.070,1,,260.000,0.000,29
20,65.00,car_flow_E#10.4,7.091,12.889,0,,260.000,0.000,31
20,65.00,car_flow_E#10.1,69.012,9.677,0,,260.000,0.000,31
20,65.00,car_flow_E#10.0,317.831,11.633,0,,260.000,0.000,31
20,65.00,car_flow_E#10.3,39.198,12.462,1,,260.000,0.000,31
20,65.00,car_flow_E#10.2,61.989,11.853,1,,260.000,0.000,31
20,70.00,car_flow_E#10.4,73.398,12.943,0,,260.000,0.000,33
20,70.00,car_flow_E#10.1,120.733,10.690,0,,260.000,0.000,33
20,70.00,car_flow_E#10.0,360.840,3.684,0,,260.000,0.000,33
20,70.00,car_flow_E#10.6,10.159,13.602,1,,260.000,0.000,33
20,70.00,car_flow_E#10.5,57.600,14.644,1,,260.000,0.000,33
20,70.00,car_flow_E#10.3,99.497,12.595,1,,260.000,0.000,33
20,70.00,car_flow_E#10.2,121.664,12.502,1,,260.000,0.000,33
20,75.00,car_flow_E#10.4,140.440,13.697,0,,260.000,0.000,42
20,75.00,car_flow_E#10.1,172.505,10.279,0,,260.000,0.000,42
20,75.00,car_flow_E#10.0,362.519,0.000,0,,260.000,0.000,42
20,75.00,car_flow_E#10.6,76.315,13.676,1,,260.000,0.000,42
20,75.00,car_flow_E#10.5,120.020,8.208,1,,260.000,0.000,42
20,75.00,car_flow_E#10.3,135.697,1.723,1,,260.000,0.000,42
20,75.00,car_flow_E#10.2,143.917,1.000,1,,260.000,0.000,42
20,80.00,car_flow_E#10.6,123.078,5.788,0,,260.000,0.000,45
20,80.00,car_flow_E#10.4,201.767,10.977,0,,260.000,0.000,45
20,80.00,car_flow_E#10.1,225.428,10.994,0,,260.000,0.000,45
20,80.00,car_flow_E#10.0,362.519,0.000,0,,260.000,0.000,45
20,80.00,car_flow_E#10.7,43.641,14.138,1,,260.000,0.000,45
20,80.00,car_flow_E#10.5,134.100,1.000,1,,260.000,0.000,45
20,80.00,car_flow_E#10.3,141.782,1.000,1,,260.000,0.000,45
20,80.00,car_flow_E#10.2,180.533,11.985,1,,260.000,0.000,45
20,85.00,car_flow_E#10.6,177.534,11.390,0,,260.000,0.000,48
20,85.00,car_flow_E#10.2,206.180,5.193,0,,260.000,0.000,48
20,85.00,car_flow_E#10.4,255.736,11.101,0,,260.000,0.000,48
20,85.00,car_flow_E#10.1,276.073,10.223,0,,260.000,0.000,48
20,85.00,car_flow_E#10.0,362.519,0.000,0,,260.000,0.000,48
20,85.00,car_flow_E#10.8,45.701,11.791,1,,260.000,0.000,48
20,85.00,car_flow_E#10.7,113.718,13.578,1,,260.000,0.000,48
20,85.00,car_flow_E#10.5,162.919,10.094,1,,260.000,0.000,48
20,85.00,car_flow_E#10.3,184.828,12.255,1,,260.000,0.000,48
20,90.00,car_flow_E#10.5,183.012,2.500,0,,260.000,0.000,49
20,90.00,car_flow_E#10.3,210.925,4.832,0,,260.000,0.000,49
20,90.00,car_flow_E#10.6,230.294,12.403,0,,260.000,0.000,49
20,90.00,car_flow_E#10.2,259.290,11.352,0,,260.000,0.000,49
20,90.00,car_flow_E#10.4,308.930,10.649,0,,260.000,0.000,49
20,90.00,car_flow_E#10.1,327.615,9.908,0,,260.000,0.000,49
20,90.00,car_flow_E#10.0,362.519,0.000,0,,260.000,0.000,49
20,90.00,car_flow_E#10.8,106.328,12.019,1,,260.000,0.000,49
20,90.00,car_flow_E#10.7,183.870,14.947,1,,260.000,0.000,49
20,95.00,car_flow_E#10.10,26.475,14.401,0,,260.000,0.000,50
20,95.00,car_flow_E#10.8,165.988,11.519,0,,260.000,0.000,50
20,95.00,car_flow_E#10.5,206.391,0.805,0,,260.000,0.000,50
20,95.00,car_flow_E#10.7,218.376,4.718,0,,260.000,0.000,50
20,95.00,car_flow_E#10.3,264.351,12.255,0,,260.000,0.000,50
20,95.00,car_flow_E#10.6,293.577,12.557,0,,260.000,0.000,50
20,95.00,car_flow_E#10.2,316.478,10.775,0,,260.000,0.000,50
20,95.00,car_flow_E#10.1,346.373,3.750,0,,260.000,0.000,50
20,95.00,car_flow_E#10.0,363.419,0.001,0,,260.000,0.000,50
20,95.00,car_flow_E#10.9,53.503,13.540,1,,260.000,0.000,50
20,95.00,car_flow_E#10.4,355.115,8.172,1,,260.000,0.000,50
20,100.00,car_flow_E#10.10,100.382,15.240,0,,260.000,0.000,52
20,100.00,car_flow_E#10.8,216.379,10.353,0,,260.000,0.000,52
20,100.00,car_flow_E#10.5,242.329,11.677,0,,260.000,0.000,52
20,100.00,car_flow_E#10.7,274.782,13.732,0,,260.000,0.000,52
20,100.00,car_flow_E#10.3,324.232,12.001,0,,260.000,0.000,52
20,100.00,car_flow_E#10.6,345.005,9.581,0,,260.000,0.000,52
20,100.00,car_flow_E#10.11,56.477,14.426,1,,260.000,0.000,52
20,100.00,car_flow_E#10.9,120.541,13.474,1,,260.000,0.000,52
20,100.00,car_flow_E#10.2,354.725,4.745,1,,260.000,0.000,52
20,100.00,car_flow_E#10.4,363.367,0.085,1,,260.000,0.000,52
20,105.00,car_flow_E#10.10,173.454,14.823,0,,260.000,0.000,53
20,105.00,car_flow_E#10.8,277.407,11.565,0,,260.000,0.000,53
20,105.00,car_flow_E#10.5,308.645,10.350,0,,260.000,0.000,53
20,105.00,car_flow_E#10.3,348.178,4.242,0,,260.000,0.000,53
20,105.00,car_flow_E#10.12,30.463,13.859,1,,260.000,0.000,53
20,105.00,car_flow_E#10.11,121.738,10.629,1,,260.000,0.000,53
20,105.00,car_flow_E#10.9,145.436,1.000,1,,260.000,0.000,53
20,105.00,car_flow_E#10.7,330.857,7.213,1,,260.000,0.000,53
20,105.00,car_flow_E#10.2,357.524,0.614,1,,260.000,0.000,53
20,110.00,car_flow_E#10.10,247.566,14.530,0,,260.000,0.000,51
20,110.00,car_flow_E#10.8,337.494,12.512,0,,260.000,0.000,51
20,110.00,car_flow_E#10.12,95.452,12.815,1,,260.000,0.000,51
20,110.00,car_flow_E#10.11,141.182,1.000,1,,260.000,0.000,51
20,110.00,car_flow_E#10.9,181.026,11.069,1,,260.000,0.000,51
20,115.00,car_flow_E#10.9,204.171,4.576,0,,260.000,0.000,50
20,115.00,car_flow_E#10.10,320.265,14.304,0,,260.000,0.000,50
20,115.00,car_flow_E#10.8,360.627,1.897,0,,260.000,0.000,50
20,115.00,car_flow_E#10.13,34.484,11.566,1,,260.000,0.000,50
20,115.00,car_flow_E#10.12,153.581,11.803,1,,260.000,0.000,50
20,115.00,car_flow_E#10.11,182.281,12.380,1,,260.000,0.000,50
20,120.00,car_flow_E#10.14,57.236,11.318,0,,260.000,0.000,49
20,120.00,car_flow_E#10.12,177.973,4.483,0,,260.000,0.000,49
20,120.00,car_flow_E#10.11,208.593,4.671,0,,260.000,0.000,49
20,120.00,car_flow_E#10.9,258.367,13.283,0,,260.000,0.000,49
20,120.00,car_flow_E#10.10,352.497,5.017,0,,260.000,0.000,49
20,120.00,car_flow_E#10.8,362.519,0.000,0,,260.000,0.000,49
20,120.00,car_flow_E#10.15,27.337,14.088,1,,260.000,0.000,49
20,120.00,car_flow_E#10.13,94.171,12.708,1,,260.000,0.000,49
21,30.00,car_flow_E#10.0,38.860,10.940,0,,260.000,0.000,4
21,35.00,car_flow_E#10.0,96.653,11.461,0,,260.000,0.000,5
21,40.00,car_flow_E#10.1,33.587,11.349,0,,260.000,0.000,14
21,40.00,car_flow_E#10.0,153.699,11.464,0,,260.000,0.000,14
21,45.00,car_flow_E#10.1,91.041,11.541,0,,260.000,0.000,15
21,45.00,car_flow_E#10.0,209.579,11.024,0,,260.000,0.000,15
21,45.00,car_flow_E#10.2,50.255,12.871,1,,260.000,0.000,15
21,50.00,car_flow_E#10.1,147.653,12.075,0,,260.000,0.000,16
21,50.00,car_flow_E#10.0,267.260,11.803,0,,260.000,0.000,16
21,50.00,car_flow_E#10.2,111.229,11.995,1,,260.000,0.000,16
21,55.00,car_flow_E#10.2,172.095,12.370,0,,260.000,0.000,18
21,55.00,car_flow_E#10.1,206.054,11.622,0,,260.000,0.000,18
21,55.00,car_flow_E#10.0,326.155,11.391,0,,260.000,0.000,18
21,55.00,car_flow_E#10.3,28.155,12.753,1,,260.000,0.000,18
21,60.00,car_flow_E#10.2,232.638,12.578,0,,260.000,0.000,22
21,60.00,car_flow_E#10.1,263.183,10.919,0,,260.000,0.000,22
21,60.00,car_flow_E#10.0,348.650,4.623,0,,260.000,0.000,22
21,60.00,car_flow_E#10.5,24.972,12.334,1,,260.000,0.000,22
21,60.00,car_flow_E#10.4,46.867,11.479,1,,260.000,0.000,22
21,60.00,car_flow_E#10.3,90.458,12.935,1,,260.000,0.000,22
21,65.00,car_flow_E#10.4,106.891,11.592,0,,260.000,0.000,24
21,65.00,car_flow_E#10.3,153.518,12.243,0,,260.000,0.000,24
21,65.00,car_flow_E#10.2,295.126,12.023,0,,260.000,0.000,24
21,65.00,car_flow_E#10.1,322.281,12.253,0,,260.000,0.000,24
21,65.00,car_flow_E#10.0,362.494,0.170,0,,260.000,0.000,24
21,65.00,car_flow_E#10.5,84.633,10.729,1,,260.000,0.000,24
21,70.00,car_flow_E#10.4,165.260,11.276,0,,260.000,0.000,29
21,70.00,car_flow_E#10.3,216.336,12.093,0,,260.000,0.000,29
21,70.00,car_flow_E#10.1,346.517,3.777,0,,260.000,0.000,29
21,70.00,car_flow_E#10.0,362.519,0.000,0,,260.000,0.000,29
21,70.00,car_flow_E#10.6,63.479,12.455,1,,260.000,0.000,29
21,70.00,car_flow_E#10.5,149.921,13.427,1,,260.000,0.000,29
21,70.00,car_flow_E#10.2,346.629,9.654,1,,260.000,0.000,29
21,75.00,car_flow_E#10.4,224.297,11.975,0,,260.000,0.000,34
21,75.00,car_flow_E#10.3,279.883,12.884,0,,260.000,0.000,34
21,75.00,car_flow_E#10.1,358.224,1.800,0,,260.000,0.000,34
21,75.00,car_flow_E#10.7,45.177,14.656,1,,260.000,0.000,34
21,75.00,car_flow_E#10.6,129.806,13.074,1,,260.000,0.000,34
21,75.00,car_flow_E#10.5,174.628,1.000,1,,260.000,0.000,34
21,80.00,car_flow_E#10.8,5.237,13.536,0,,260.000,0.000,36
21,80.00,car_flow_E#10.5,187.686,4.559,0,,260.000,0.000,36
21,80.00,car_flow_E#10.4,283.662,11.651,0,,260.000,0.000,36
21,80.00,car_flow_E#10.3,344.497,12.939,0,,260.000,0.000,36
21,80.00,car_flow_E#10.9,5.393,16.814,1,,260.000,0.000,36
21,80.00,car_flow_E#10.7,116.261,13.770,1,,260.000,0.000,36
21,80.00,car_flow_E#10.6,153.101,1.000,1,,260.000,0.000,36
21,85.00,car_flow_E#10.8,72.249,13.308,0,,260.000,0.000,37
21,85.00,car_flow_E#10.6,165.682,4.081,0,,260.000,0.000,37
21,85.00,car_flow_E#10.7,186.282,14.405,0,,260.000,0.000,37
21,85.00,car_flow_E#10.5,242.125,13.449,0,,260.000,0.000,37
21,85.00,car_flow_E#10.3,363.520,0.000,0,,260.000,0.000,37
21,85.00,car_flow_E#10.10,7.057,13.768,1,,260.000,0.000,37
21,85.00,car_flow_E#10.9,89.530,17.229,1,,260.000,0.000,37
21,85.00,car_flow_E#10.4,341.265,10.254,1,,260.000,0.000,37
21,90.00,car_flow_E#10.8,137.773,12.489,0,,260.000,0.000,35
21,90.00,car_flow_E#10.9,173.242,16.397,0,,260.000,0.000,35
21,90.00,car_flow_E#10.6,213.134,12.680,0,,260.000,0.000,35
21,90.00,car_flow_E#10.7,257.614,14.459,0,,260.000,0.000,35
21,90.00,car_flow_E#10.5,305.518,13.564,0,,260.000,0.000,35
21,90.00,car_flow_E#10.3,363.520,0.000,0,,260.000,0.000,35
21,90.00,car_flow_E#10.11,22.203,15.041,1,,260.000,0.000,35
21,90.00,car_flow_E#10.10,70.511,13.754,1,,260.000,0.000,35
21,90.00,car_flow_E#10.4,362.494,0.045,1,,260.000,0.000,35
21,95.00,car_flow_E#10.8,203.164,13.138,0,,260.000,0.000,35
21,95.00,car_flow_E#10.9,251.850,15.448,0,,260.000,0.000,35
21,95.00,car_flow_E#10.6,280.609,12.792,0,,260.000,0.000,35
21,95.00,car_flow_E#10.5,356.070,6.903,0,,260.000,0.000,35
21,95.00,car_flow_E#10.11,97.508,14.778,1,,260.000,0.000,35
21,95.00,car_flow_E#10.10,136.597,12.561,1,,260.000,0.000,35
21,95.00,car_flow_E#10.7,327.492,12.285,1,,260.000,0.000,35
21,100.00,car_flow_E#10.11,154.089,9.792,0,,260.000,0.000,38
21,100.00,car_flow_E#10.8,268.620,13.274,0,,260.000,0.000,38
21,100.00,car_flow_E#10.9,321.738,13.500,0,,260.000,0.000,38
21,100.00,car_flow_E#10.10,158.939,1.000,1,,260.000,0.000,38
21,100.00,car_flow_E#10.6,344.689,11.595,1,,260.000,0.000,38
21,105.00,car_flow_E#10.10,172.011,4.573,0,,260.000,0.000,38
21,105.00,car_flow_E#10.11,226.382,14.477,0,,260.000,0.000,38
21,105.00,car_flow_E#10.9,349.867,3.929,0,,260.000,0.000,38
21,105.00,car_flow_E#10.8,328.527,9.264,1,,260.000,0.000,38
21,110.00,car_flow_E#10.12,11.483,11.629,0,,260.000,0.000,39
21,110.00,car_flow_E#10.10,226.072,12.666,0,,260.000,0.000,39
21,110.00,car_flow_E#10.11,301.441,15.657,0,,260.000,0.000,39
21,110.00,car_flow_E#10.9,362.446,0.161,0,,260.000,0.000,39
21,110.00,car_flow_E#10.8,362.313,2.686,1,,260.000,0.000,39
21,115.00,car_flow_E#10.13,44.811,12.291,0,,260.000,0.000,41
21,115.00,car_flow_E#10.12,70.752,11.965,0,,260.000,0.000,41
21,115.00,car_flow_E#10.10,289.978,12.702,0,,260.000,0.000,41
21,115.00,car_flow_E#10.11,352.306,4.968,0,,260.000,0.000,41
21,115.00,car_flow_E#10.9,362.519,0.000,0,,260.000,0.000,41
21,115.00,car_flow_E#10.8,362.519,0.000,1,,260.000,0.000,41
21,120.00,car_flow_E#10.13,105.946,12.545,0,,260.000,0.000,41
21,120.00,car_flow_E#10.12,128.394,11.024,0,,260.000,0.000,41
21,120.00,car_flow_E#10.11,359.873,2.291,0,,260.000,0.000,41
21,120.00,car_flow_E#10.14,42.384,13.750,1,,260.000,0.000,41
21,120.00,car_flow_E#10.10,346.899,9.467,1,,260.000,0.000,41
22,30.00,car_flow_E#10.0,53.121,13.131,0,,260.000,0.000,12
