episode,time_s,vehicle_id,position_m,speed_mps,lane,tail_pos_m,rear_pos_m,queue_length_m,ttc_conflicts
1,25.00,car_flow_E#10.1,20.622,15.637,0,,260.000,0.000,4
1,25.00,car_flow_E#10.0,67.055,14.982,0,,260.000,0.000,4
1,30.00,car_flow_E#10.2,31.988,14.226,0,,260.000,0.000,2
1,30.00,car_flow_E#10.1,98.497,15.479,0,,260.000,0.000,2
1,30.00,car_flow_E#10.0,142.233,14.951,0,,260.000,0.000,2
1,35.00,car_flow_E#10.3,45.702,14.129,0,,260.000,0.000,2
1,35.00,car_flow_E#10.2,103.641,14.281,0,,260.000,0.000,2
1,35.00,car_flow_E#10.1,176.579,15.651,0,,260.000,0.000,2
1,35.00,car_flow_E#10.0,217.406,15.052,0,,260.000,0.000,2
1,40.00,car_flow_E#10.4,46.551,11.754,0,,260.000,0.000,2
1,40.00,car_flow_E#10.3,115.977,14.044,0,,260.000,0.000,2
1,40.00,car_flow_E#10.2,175.105,14.422,0,,260.000,0.000,2
1,40.00,car_flow_E#10.1,254.710,15.715,0,,260.000,0.000,2
1,40.00,car_flow_E#10.0,292.602,14.979,0,,260.000,0.000,2
1,40.00,car_flow_E#10.5,42.520,15.904,1,,260.000,0.000,2
1,45.00,car_flow_E#10.4,105.032,11.581,0,,260.000,0.000,2
1,45.00,car_flow_E#10.3,186.213,13.972,0,,260.000,0.000,2
1,45.00,car_flow_E#10.2,246.618,14.297,0,,260.000,0.000,2
1,45.00,car_flow_E#10.1,327.723,10.839,0,,260.000,0.000,2
1,45.00,car_flow_E#10.0,355.511,6.778,0,,260.000,0.000,2
1,45.00,car_flow_E#10.5,122.366,15.945,1,,260.000,0.000,2
1,50.00,car_flow_E#10.7,21.037,13.118,0,,260.000,0.000,0
1,50.00,car_flow_E#10.6,65.080,14.179,0,,260.000,0.000,0
1,50.00,car_flow_E#10.4,163.336,11.564,0,,260.000,0.000,0
1,50.00,car_flow_E#10.3,256.542,14.182,0,,260.000,0.000,0
1,50.00,car_flow_E#10.2,317.576,13.128,0,,260.000,0.000,0
1,50.00,car_flow_E#10.0,362.519,0.000,0,,260.000,0.000,0
1,50.00,car_flow_E#10.5,165.153,5.007,1,,260.000,0.000,0
1,50.00,car_flow_E#10.1,360.697,3.537,1,,260.000,0.000,0
1,55.00,car_flow_E#10.7,86.237,13.012,0,,260.000,0.000,0
1,55.00,car_flow_E#10.6,135.458,14.038,0,,260.000,0.000,0
1,55.00,car_flow_E#10.4,221.677,11.552,0,,260.000,0.000,0
1,55.00,car_flow_E#10.3,326.873,14.027,0,,260.000,0.000,0
1,55.00,car_flow_E#10.8,8.361,13.969,1,,260.000,0.000,0
1,55.00,car_flow_E#10.5,185.801,6.918,1,,260.000,0.000,0
1,60.00,car_flow_E#10.9,16.018,14.718,0,,260.000,0.000,0
1,60.00,car_flow_E#10.7,151.402,12.911,0,,260.000,0.000,0
1,60.00,car_flow_E#10.6,205.810,13.942,0,,260.000,0.000,0
1,60.00,car_flow_E#10.4,280.019,11.588,0,,260.000,0.000,0
1,60.00,car_flow_E#10.3,362.519,0.029,0,,260.000,0.000,0
1,60.00,car_flow_E#10.8,77.620,13.933,1,,260.000,0.000,0
1,60.00,car_flow_E#10.5,248.802,16.120,1,,260.000,0.000,0
1,65.00,car_flow_E#10.9,90.011,14.929,0,,260.000,0.000,2
1,65.00,car_flow_E#10.7,216.402,13.128,0,,260.000,0.000,2
1,65.00,car_flow_E#10.6,276.098,14.053,0,,260.000,0.000,2
1,65.00,car_flow_E#10.4,336.640,8.946,0,,260.000,0.000,2
1,65.00,car_flow_E#10.3,363.419,0.000,0,,260.000,0.000,2
1,65.00,car_flow_E#10.8,146.813,13.943,1,,260.000,0.000,2
1,65.00,car_flow_E#10.5,328.202,14.555,1,,260.000,0.000,2
1,70.00,car_flow_E#10.10,58.505,12.729,0,,260.000,0.000,3
1,70.00,car_flow_E#10.9,163.932,14.768,0,,260.000,0.000,3
1,70.00,car_flow_E#10.7,281.418,13.022,0,,260.000,0.000,3
1,70.00,car_flow_E#10.4,356.288,0.747,0,,260.000,0.000,3
1,70.00,car_flow_E#10.3,363.419,0.000,0,,260.000,0.000,3
1,70.00,car_flow_E#10.8,179.643,3.118,1,,260.000,0.000,3
1,70.00,car_flow_E#10.6,334.958,7.283,1,,260.000,0.000,3
1,70.00,car_flow_E#10.5,362.519,0.014,1,,260.000,0.000,3
1,75.00,car_flow_E#10.10,121.971,12.605,0,,260.000,0.000,3
1,75.00,car_flow_E#10.9,237.940,14.666,0,,260.000,0.000,3
1,75.00,car_flow_E#10.4,356.915,0.004,0,,260.000,0.000,3
1,75.00,car_flow_E#10.3,363.419,0.000,0,,260.000,0.000,3
1,75.00,car_flow_E#10.8,197.301,6.842,1,,260.000,0.000,3
1,75.00,car_flow_E#10.7,333.079,5.757,1,,260.000,0.000,3
1,75.00,car_flow_E#10.6,350.026,0.445,1,,260.000,0.000,3
1,75.00,car_flow_E#10.5,362.519,0.000,1,,260.000,0.000,3
1,80.00,car_flow_E#10.10,185.323,12.602,0,,260.000,0.000,0
1,80.00,car_flow_E#10.9,310.404,11.970,0,,260.000,0.000,0
1,80.00,car_flow_E#10.4,356.918,0.000,0,,260.000,0.000,0
1,80.00,car_flow_E#10.3,363.419,0.000,0,,260.000,0.000,0
1,80.00,car_flow_E#10.8,256.357,13.679,1,,260.000,0.000,0
1,80.00,car_flow_E#10.7,343.767,0.175,1,,260.000,0.000,0
1,80.00,car_flow_E#10.6,350.415,0.002,1,,260.000,0.000,0
1,80.00,car_flow_E#10.5,362.519,0.000,1,,260.000,0.000,0
1,85.00,car_flow_E#10.10,248.846,12.590,0,,260.000,0.000,0
1,85.00,car_flow_E#10.8,323.577,12.763,0,,260.000,0.000,0
1,85.00,car_flow_E#10.9,354.626,9.908,0,,260.000,0.000,0
1,85.00,car_flow_E#10.7,352.987,5.524,1,,260.000,0.000,0
1,90.00,car_flow_E#10.10,312.414,12.761,0,,260.000,0.000,0
1,95.00,car_flow_E#10.11,53.778,12.836,0,,260.000,0.000,2
1,95.00,car_flow_E#10.10,360.752,3.567,0,,260.000,0.000,2
1,100.00,car_flow_E#10.11,117.776,12.681,0,,260.000,0.000,2
1,105.00,car_flow_E#10.11,181.562,12.653,0,,260.000,0.000,2
1,110.00,car_flow_E#10.11,245.534,12.680,0,,260.000,0.000,2
1,115.00,car_flow_E#10.11,309.557,12.837,0,,260.000,0.000,0
1,120.00,car_flow_E#10.12,37.629,13.534,0,,260.000,0.000,0
1,120.00,car_flow_E#10.11,360.011,4.121,0,,260.000,0.000,0
2,30.00,car_flow_E#10.0,65.600,13.239,0,,260.000,0.000,1
2,35.00,car_flow_E#10.0,131.846,13.300,0,,260.000,0.000,0
2,40.00,car_flow_E#10.1,53.874,12.526,0,,260.000,0.000,0
2,40.00,car_flow_E#10.0,198.099,13.124,0,,260.000,0.000,0
2,40.00,car_flow_E#10.2,4.715,13.389,1,,260.000,0.000,0
2,45.00,car_flow_E#10.1,117.044,12.766,0,,260.000,0.000,2
2,45.00,car_flow_E#10.0,264.183,13.246,0,,260.000,0.000,2
2,45.00,car_flow_E#10.4,14.072,13.933,1,,260.000,0.000,2
2,45.00,car_flow_E#10.2,71.038,13.218,1,,260.000,0.000,2
2,50.00,car_flow_E#10.3,51.305,10.793,0,,260.000,0.000,2
2,50.00,car_flow_E#10.1,180.312,12.528,0,,260.000,0.000,2
2,50.00,car_flow_E#10.0,330.265,13.208,0,,260.000,0.000,2
2,50.00,car_flow_E#10.4,84.381,14.172,1,,260.000,0.000,2
2,50.00,car_flow_E#10.2,137.488,13.337,1,,260.000,0.000,2
2,55.00,car_flow_E#10.3,104.688,10.630,0,,260.000,0.000,0
2,55.00,car_flow_E#10.1,243.450,12.518,0,,260.000,0.000,0
2,55.00,car_flow_E#10.5,64.536,14.381,1,,260.000,0.000,0
2,55.00,car_flow_E#10.4,144.699,7.876,1,,260.000,0.000,0
2,55.00,car_flow_E#10.2,167.659,3.035,1,,260.000,0.000,0
2,60.00,car_flow_E#10.3,158.098,10.665,0,,260.000,0.000,0
2,60.00,car_flow_E#10.1,306.626,12.544,0,,260.000,0.000,0
2,60.00,car_flow_E#10.5,132.069,10.290,1,,260.000,0.000,0
2,60.00,car_flow_E#10.4,163.773,2.986,1,,260.000,0.000,0
2,60.00,car_flow_E#10.2,185.451,6.893,1,,260.000,0.000,0
2,65.00,car_flow_E#10.3,211.492,10.545,0,,260.000,0.000,0
2,65.00,car_flow_E#10.5,155.798,2.988,1,,260.000,0.000,0
2,65.00,car_flow_E#10.4,181.135,6.526,1,,260.000,0.000,0
2,65.00,car_flow_E#10.2,238.163,8.583,1,,260.000,0.000,0
2,70.00,car_flow_E#10.3,262.255,10.797,0,,260.000,0.000,0
2,70.00,car_flow_E#10.2,285.594,13.383,0,,260.000,0.000,0
2,70.00,car_flow_E#10.5,173.248,6.614,1,,260.000,0.000,0
2,70.00,car_flow_E#10.4,234.943,9.479,1,,260.000,0.000,0
2,75.00,car_flow_E#10.4,284.425,13.596,0,,260.000,0.000,0
2,75.00,car_flow_E#10.3,315.724,10.811,0,,260.000,0.000,0
2,75.00,car_flow_E#10.2,348.937,9.293,0,,260.000,0.000,0
2,75.00,car_flow_E#10.5,229.325,10.860,1,,260.000,0.000,0
2,80.00,car_flow_E#10.5,287.136,14.415,0,,260.000,0.000,0
2,80.00,car_flow_E#10.4,335.650,6.116,0,,260.000,0.000,0
2,80.00,car_flow_E#10.3,352.474,2.888,0,,260.000,0.000,0
2,80.00,car_flow_E#10.2,362.519,0.000,0,,260.000,0.000,0
2,80.00,car_flow_E#10.6,53.302,13.907,1,,260.000,0.000,0
2,85.00,car_flow_E#10.7,60.153,12.395,0,,260.000,0.000,0
2,85.00,car_flow_E#10.5,341.557,7.290,0,,260.000,0.000,0
2,85.00,car_flow_E#10.2,362.519,0.000,0,,260.000,0.000,0
2,85.00,car_flow_E#10.8,38.839,14.792,1,,260.000,0.000,0
2,85.00,car_flow_E#10.6,123.489,13.947,1,,260.000,0.000,0
2,85.00,car_flow_E#10.4,354.661,1.316,1,,260.000,0.000,0
2,85.00,car_flow_E#10.3,362.519,0.000,1,,260.000,0.000,0
2,90.00,car_flow_E#10.9,51.108,12.841,0,,260.000,0.000,0
2,90.00,car_flow_E#10.7,121.390,12.245,0,,260.000,0.000,0
2,90.00,car_flow_E#10.5,355.738,0.326,0,,260.000,0.000,0
2,90.00,car_flow_E#10.2,362.519,0.000,0,,260.000,0.000,0
2,90.00,car_flow_E#10.10,46.789,15.736,1,,260.000,0.000,0
2,90.00,car_flow_E#10.8,112.278,12.858,1,,260.000,0.000,0
2,90.00,car_flow_E#10.6,156.340,3.153,1,,260.000,0.000,0
2,90.00,car_flow_E#10.4,356.012,0.007,1,,260.000,0.000,0
2,90.00,car_flow_E#10.3,362.519,0.000,1,,260.000,0.000,0
2,95.00,car_flow_E#10.9,115.943,13.107,0,,260.000,0.000,0
2,95.00,car_flow_E#10.7,182.592,12.181,0,,260.000,0.000,0
2,95.00,car_flow_E#10.11,5.496,14.834,1,,260.000,0.000,0
2,95.00,car_flow_E#10.10,120.784,12.735,1,,260.000,0.000,0
2,95.00,car_flow_E#10.8,156.846,7.400,1,,260.000,0.000,0
2,95.00,car_flow_E#10.6,174.020,6.807,1,,260.000,0.000,0
2,100.00,car_flow_E#10.9,180.986,12.899,0,,260.000,0.000,0
2,100.00,car_flow_E#10.7,243.882,12.232,0,,260.000,0.000,0
2,100.00,car_flow_E#10.11,80.157,14.889,1,,260.000,0.000,0
2,100.00,car_flow_E#10.10,149.016,2.842,1,,260.000,0.000,0
2,100.00,car_flow_E#10.8,180.528,6.639,1,,260.000,0.000,0
2,100.00,car_flow_E#10.6,230.699,10.549,1,,260.000,0.000,0
2,105.00,car_flow_E#10.9,244.569,13.117,0,,260.000,0.000,0
2,105.00,car_flow_E#10.6,273.647,12.006,0,,260.000,0.000,0
2,105.00,car_flow_E#10.7,304.923,12.143,0,,260.000,0.000,0
2,105.00,car_flow_E#10.11,154.830,15.022,1,,260.000,0.000,0
2,105.00,car_flow_E#10.10,194.754,14.659,1,,260.000,0.000,0
2,105.00,car_flow_E#10.8,234.739,9.767,1,,260.000,0.000,0
2,110.00,car_flow_E#10.12,55.235,13.403,0,,260.000,0.000,0
2,110.00,car_flow_E#10.8,275.701,12.094,0,,260.000,0.000,0
2,110.00,car_flow_E#10.9,309.395,12.656,0,,260.000,0.000,0
2,110.00,car_flow_E#10.6,338.084,9.784,0,,260.000,0.000,0
2,110.00,car_flow_E#10.7,360.290,7.138,0,,260.000,0.000,0
2,110.00,car_flow_E#10.11,200.583,9.513,1,,260.000,0.000,0
2,110.00,car_flow_E#10.10,238.600,8.630,1,,260.000,0.000,0
2,115.00,car_flow_E#10.13,11.605,11.548,0,256.943,260.000,3.057,0
2,115.00,car_flow_E#10.12,121.837,13.260,0,256.943,260.000,3.057,0
2,115.00,car_flow_E#10.8,328.304,6.704,0,256.943,260.000,3.057,0
2,115.00,car_flow_E#10.7,363.520,0.000,0,256.943,260.000,3.057,0
2,115.00,car_flow_E#10.11,243.506,4.631,1,256.943,260.000,3.057,0
2,115.00,car_flow_E#10.10,256.943,0.607,1,256.943,260.000,3.057,0
2,115.00,car_flow_E#10.9,346.260,3.720,1,256.943,260.000,3.057,0
2,115.00,car_flow_E#10.6,357.932,2.881,1,256.943,260.000,3.057,0
2,120.00,car_flow_E#10.14,29.559,11.342,0,,260.000,0.000,0
2,120.00,car_flow_E#10.13,69.923,11.762,0,,260.000,0.000,0
2,120.00,car_flow_E#10.12,188.414,13.352,0,,260.000,0.000,0
2,120.00,car_flow_E#10.11,263.999,7.823,0,,260.000,0.000,0
2,120.00,car_flow_E#10.10,277.033,9.549,0,,260.000,0.000,0
2,120.00,car_flow_E#10.8,355.936,8.696,0,,260.000,0.000,0
2,120.00,car_flow_E#10.15,28.155,14.727,1,,260.000,0.000,0
2,120.00,car_flow_E#10.9,361.285,5.163,1,,260.000,0.000,0
3,55.00,car_flow_E#10.1,5.791,13.906,0,,260.000,0.000,0
3,55.00,car_flow_E#10.0,69.097,14.052,0,,260.000,0.000,0
3,60.00,car_flow_E#10.2,26.616,13.015,0,,260.000,0.000,0
3,60.00,car_flow_E#10.1,76.056,13.947,0,,260.000,0.000,0
3,60.00,car_flow_E#10.0,138.720,13.979,0,,260.000,0.000,0
3,65.00,car_flow_E#10.2,91.271,12.815,0,,260.000,0.000,0
3,65.00,car_flow_E#10.1,146.385,14.067,0,,260.000,0.000,0
3,65.00,car_flow_E#10.0,208.336,13.901,0,,260.000,0.000,0
3,70.00,car_flow_E#10.2,155.861,12.774,0,,260.000,0.000,0
3,70.00,car_flow_E#10.1,216.642,14.028,0,,260.000,0.000,0
3,70.00,car_flow_E#10.0,278.071,13.888,0,,260.000,0.000,0
3,75.00,car_flow_E#10.3,31.141,12.972,0,,260.000,0.000,0
3,75.00,car_flow_E#10.2,220.412,12.938,0,,260.000,0.000,0
3,75.00,car_flow_E#10.1,287.011,14.065,0,,260.000,0.000,0
3,75.00,car_flow_E#10.0,345.280,10.414,0,,260.000,0.000,0
3,80.00,car_flow_E#10.3,96.037,12.824,0,,260.000,0.000,0
3,80.00,car_flow_E#10.2,285.008,13.053,0,,260.000,0.000,0
3,80.00,car_flow_E#10.1,357.235,14.061,0,,260.000,0.000,0
3,85.00,car_flow_E#10.3,160.922,13.116,0,,260.000,0.000,0
3,85.00,car_flow_E#10.2,342.477,7.464,0,,260.000,0.000,0
3,85.00,car_flow_E#10.1,363.520,0.000,0,,260.000,0.000,0
3,90.00,car_flow_E#10.4,53.522,11.892,0,,260.000,0.000,0
3,90.00,car_flow_E#10.3,225.757,12.881,0,,260.000,0.000,0
3,90.00,car_flow_E#10.1,363.520,0.000,0,,260.000,0.000,0
3,90.00,car_flow_E#10.2,362.518,0.079,1,,260.000,0.000,0
3,95.00,car_flow_E#10.4,112.613,11.793,0,,260.000,0.000,0
3,95.00,car_flow_E#10.3,290.744,13.109,0,,260.000,0.000,0
3,95.00,car_flow_E#10.1,363.520,0.000,0,,260.000,0.000,0
3,95.00,car_flow_E#10.2,362.519,0.000,1,,260.000,0.000,0
3,100.00,car_flow_E#10.4,171.591,11.766,0,,260.000,0.000,0
3,100.00,car_flow_E#10.3,345.548,6.429,0,,260.000,0.000,0
3,100.00,car_flow_E#10.1,363.520,0.000,0,,260.000,0.000,0
3,100.00,car_flow_E#10.2,362.519,0.000,1,,260.000,0.000,0
3,105.00,car_flow_E#10.5,67.650,15.062,0,,260.000,0.000,2
3,105.00,car_flow_E#10.4,230.443,11.798,0,,260.000,0.000,2
3,105.00,car_flow_E#10.3,356.831,0.208,0,,260.000,0.000,2
3,105.00,car_flow_E#10.1,363.520,0.000,0,,260.000,0.000,2
3,105.00,car_flow_E#10.2,362.519,0.000,1,,260.000,0.000,2
3,110.00,car_flow_E#10.6,4.880,14.462,0,,260.000,0.000,2
3,110.00,car_flow_E#10.5,142.294,15.007,0,,260.000,0.000,2
3,110.00,car_flow_E#10.4,289.513,11.889,0,,260.000,0.000,2
3,110.00,car_flow_E#10.3,360.393,2.688,0,,260.000,0.000,2
3,110.00,car_flow_E#10.2,363.414,0.000,1,,260.000,0.000,2
3,115.00,car_flow_E#10.7,30.170,13.250,0,,260.000,0.000,2
3,115.00,car_flow_E#10.6,77.564,14.426,0,,260.000,0.000,2
3,115.00,car_flow_E#10.5,216.809,14.831,0,,260.000,0.000,2
3,115.00,car_flow_E#10.4,342.773,6.831,0,,260.000,0.000,2
3,115.00,car_flow_E#10.3,362.519,0.000,0,,260.000,0.000,2
3,115.00,car_flow_E#10.2,363.414,0.000,1,,260.000,0.000,2
3,120.00,car_flow_E#10.7,96.859,13.229,0,,260.000,0.000,0
3,120.00,car_flow_E#10.6,150.214,14.542,0,,260.000,0.000,0
3,120.00,car_flow_E#10.5,291.151,14.787,0,,260.000,0.000,0
3,120.00,car_flow_E#10.4,355.768,0.291,0,,260.000,0.000,0
3,120.00,car_flow_E#10.3,362.519,0.000,0,,260.000,0.000,0
3,120.00,car_flow_E#10.2,363.414,0.000,1,,260.000,0.000,0
4,25.00,car_flow_E#10.0,25.815,13.024,0,,260.000,0.000,0
4,30.00,car_flow_E#10.1,30.934,12.649,0,,260.000,0.000,0
4,30.00,car_flow_E#10.0,90.332,12.872,0,,260.000,0.000,0
4,35.00,car_flow_E#10.1,94.443,12.664,0,,260.000,0.000,0
4,35.00,car_flow_E#10.0,154.938,13.037,0,,260.000,0.000,0
4,40.00,car_flow_E#10.1,157.950,12.691,0,,260.000,0.000,0
4,40.00,car_flow_E#10.0,219.446,12.770,0,,260.000,0.000,0
4,45.00,car_flow_E#10.1,221.461,12.725,0,,260.000,0.000,0
4,45.00,car_flow_E#10.0,283.916,12.934,0,,260.000,0.000,0
4,50.00,car_flow_E#10.1,285.102,12.692,0,,260.000,0.000,2
4,50.00,car_flow_E#10.0,346.637,9.965,0,,260.000,0.000,2
4,55.00,car_flow_E#10.1,341.642,7.206,0,,260.000,0.000,4
4,55.00,car_flow_E#10.0,362.519,0.000,0,,260.000,0.000,4
4,65.00,car_flow_E#10.3,17.486,13.424,0,,260.000,0.000,2
4,65.00,car_flow_E#10.2,68.928,14.975,0,,260.000,0.000,2
4,70.00,car_flow_E#10.3,84.887,13.420,0,,260.000,0.000,1
4,70.00,car_flow_E#10.2,143.846,15.082,0,,260.000,0.000,1
4,75.00,car_flow_E#10.4,22.799,14.143,0,,260.000,0.000,2
4,75.00,car_flow_E#10.3,152.239,13.360,0,,260.000,0.000,2
4,75.00,car_flow_E#10.2,218.740,14.940,0,,260.000,0.000,2
4,80.00,car_flow_E#10.4,94.014,14.166,0,,260.000,0.000,1
4,80.00,car_flow_E#10.3,219.673,13.359,0,,260.000,0.000,1
4,80.00,car_flow_E#10.2,293.607,14.870,0,,260.000,0.000,1
4,85.00,car_flow_E#10.5,54.146,13.690,0,,260.000,0.000,0
4,85.00,car_flow_E#10.4,165.231,14.209,0,,260.000,0.000,0
4,85.00,car_flow_E#10.3,287.135,13.476,0,,260.000,0.000,0
4,85.00,car_flow_E#10.2,355.827,6.627,0,,260.000,0.000,0
4,90.00,car_flow_E#10.6,23.969,13.000,0,,260.000,0.000,0
4,90.00,car_flow_E#10.5,121.803,13.550,0,,260.000,0.000,0
4,90.00,car_flow_E#10.4,236.647,14.323,0,,260.000,0.000,0
4,90.00,car_flow_E#10.3,350.330,11.182,0,,260.000,0.000,0
4,95.00,car_flow_E#10.7,47.643,12.445,0,,260.000,0.000,0
4,95.00,car_flow_E#10.6,88.630,13.027,0,,260.000,0.000,0
4,95.00,car_flow_E#10.5,189.619,13.600,0,,260.000,0.000,0
4,95.00,car_flow_E#10.4,308.053,14.408,0,,260.000,0.000,0
4,95.00,car_flow_E#10.3,362.705,0.000,0,,260.000,0.000,0
4,95.00,car_flow_E#10.8,86.184,17.435,1,,260.000,0.000,0
4,100.00,car_flow_E#10.7,110.184,12.583,0,,260.000,0.000,0
4,100.00,car_flow_E#10.6,153.172,12.942,0,,260.000,0.000,0
4,100.00,car_flow_E#10.5,257.364,13.464,0,,260.000,0.000,0
4,100.00,car_flow_E#10.8,173.833,17.557,1,,260.000,0.000,0
4,105.00,car_flow_E#10.7,173.116,12.579,0,,260.000,0.000,0
4,105.00,car_flow_E#10.6,217.718,12.869,0,,260.000,0.000,0
4,105.00,car_flow_E#10.5,325.188,13.569,0,,260.000,0.000,0
4,105.00,car_flow_E#10.8,231.869,10.336,1,,260.000,0.000,0
4,110.00,car_flow_E#10.9,40.310,13.344,0,,260.000,0.000,0
4,110.00,car_flow_E#10.7,233.186,9.080,0,,260.000,0.000,0
4,110.00,car_flow_E#10.6,282.417,13.036,0,,260.000,0.000,0
4,110.00,car_flow_E#10.5,362.517,0.546,0,,260.000,0.000,0
4,110.00,car_flow_E#10.10,28.791,14.336,1,,260.000,0.000,0
4,110.00,car_flow_E#10.8,256.338,1.182,1,,260.000,0.000,0
4,115.00,car_flow_E#10.11,15.466,13.291,0,,260.000,0.000,2
4,115.00,car_flow_E#10.9,107.186,13.475,0,,260.000,0.000,2
4,115.00,car_flow_E#10.7,258.126,6.484,0,,260.000,0.000,2
4,115.00,car_flow_E#10.8,270.390,7.755,0,,260.000,0.000,2
4,115.00,car_flow_E#10.6,346.930,12.852,0,,260.000,0.000,2
4,115.00,car_flow_E#10.10,100.898,14.298,1,,260.000,0.000,2
4,120.00,car_flow_E#10.11,81.778,13.322,0,,260.000,0.000,2
4,120.00,car_flow_E#10.9,173.973,13.424,0,,260.000,0.000,2
4,120.00,car_flow_E#10.7,311.917,11.098,0,,260.000,0.000,2
4,120.00,car_flow_E#10.8,330.116,10.654,0,,260.000,0.000,2
4,120.00,car_flow_E#10.6,363.413,0.000,0,,260.000,0.000,2
4,120.00,car_flow_E#10.12,19.201,15.938,1,,260.000,0.000,2
4,120.00,car_flow_E#10.10,171.982,12.533,1,,260.000,0.000,2
5,25.00,car_flow_E#10.0,14.963,14.976,0,,260.000,0.000,2
5,30.00,car_flow_E#10.0,90.133,14.890,0,,260.000,0.000,2
5,35.00,car_flow_E#10.0,165.185,14.917,0,,260.000,0.000,1
5,40.00,car_flow_E#10.1,51.237,12.453,0,,260.000,0.000,0
5,40.00,car_flow_E#10.0,240.421,15.159,0,,260.000,0.000,0
5,40.00,car_flow_E#10.2,45.987,14.239,1,,260.000,0.000,0
5,45.00,car_flow_E#10.3,61.968,12.985,0,,260.000,0.000,0
5,45.00,car_flow_E#10.1,114.146,12.684,0,,260.000,0.000,0
5,45.00,car_flow_E#10.0,315.572,14.955,0,,260.000,0.000,0
5,45.00,car_flow_E#10.4,47.425,13.919,1,,260.000,0.000,0
5,45.00,car_flow_E#10.2,117.933,14.510,1,,260.000,0.000,0
5,50.00,car_flow_E#10.5,45.748,13.470,0,,260.000,0.000,0
5,50.00,car_flow_E#10.3,126.587,12.932,0,,260.000,0.000,0
5,50.00,car_flow_E#10.1,176.723,12.481,0,,260.000,0.000,0
5,50.00,car_flow_E#10.0,361.902,2.207,0,,260.000,0.000,0
5,50.00,car_flow_E#10.4,116.876,13.884,1,,260.000,0.000,0
5,50.00,car_flow_E#10.2,189.971,14.525,1,,260.000,0.000,0
5,55.00,car_flow_E#10.7,20.340,13.903,0,,260.000,0.000,0
5,55.00,car_flow_E#10.6,60.637,14.561,0,,260.000,0.000,0
5,55.00,car_flow_E#10.5,112.931,13.586,0,,260.000,0.000,0
5,55.00,car_flow_E#10.3,188.954,11.460,0,,260.000,0.000,0
5,55.00,car_flow_E#10.1,218.483,8.212,0,,260.000,0.000,0
5,55.00,car_flow_E#10.4,181.881,9.910,1,,260.000,0.000,0
5,55.00,car_flow_E#10.2,232.699,8.969,1,,260.000,0.000,0
5,60.00,car_flow_E#10.7,90.537,14.049,0,,260.000,0.000,0
5,60.00,car_flow_E#10.6,132.734,14.539,0,,260.000,0.000,0
5,60.00,car_flow_E#10.5,180.034,13.475,0,,260.000,0.000,0
5,60.00,car_flow_E#10.1,263.733,10.782,0,,260.000,0.000,0
5,60.00,car_flow_E#10.4,208.886,6.419,1,,260.000,0.000,0
5,60.00,car_flow_E#10.3,237.425,6.368,1,,260.000,0.000,0
5,60.00,car_flow_E#10.2,256.003,1.460,1,,260.000,0.000,0
5,65.00,car_flow_E#10.8,12.543,12.474,0,,260.000,0.000,0
5,65.00,car_flow_E#10.7,160.818,13.906,0,,260.000,0.000,0
5,65.00,car_flow_E#10.6,204.671,14.215,0,,260.000,0.000,0
5,65.00,car_flow_E#10.5,241.162,10.329,0,,260.000,0.000,0
5,65.00,car_flow_E#10.2,268.900,6.767,0,,260.000,0.000,0
5,65.00,car_flow_E#10.1,325.925,12.545,0,,260.000,0.000,0
5,65.00,car_flow_E#10.4,242.443,4.347,1,,260.000,0.000,0
5,65.00,car_flow_E#10.3,255.431,1.886,1,,260.000,0.000,0
5,70.00,car_flow_E#10.8,75.003,12.337,0,250.826,260.000,9.174,0
5,70.00,car_flow_E#10.7,230.008,11.776,0,250.826,260.000,9.174,0
5,70.00,car_flow_E#10.6,275.591,14.565,0,250.826,260.000,9.174,0
5,70.00,car_flow_E#10.5,303.386,12.598,0,250.826,260.000,9.174,0
5,70.00,car_flow_E#10.2,326.797,11.034,0,250.826,260.000,9.174,0
5,70.00,car_flow_E#10.1,362.519,0.411,0,250.826,260.000,9.174,0
5,70.00,car_flow_E#10.4,250.826,0.194,1,250.826,260.000,9.174,0
5,70.00,car_flow_E#10.3,257.488,0.013,1,250.826,260.000,9.174,0
5,75.00,car_flow_E#10.9,12.372,13.371,0,250.997,260.000,9.003,0
5,75.00,car_flow_E#10.8,137.405,12.421,0,250.997,260.000,9.003,0
5,75.00,car_flow_E#10.7,256.324,2.778,0,250.997,260.000,9.003,0
5,75.00,car_flow_E#10.6,332.426,11.126,0,250.997,260.000,9.003,0
5,75.00,car_flow_E#10.5,352.656,10.335,0,250.997,260.000,9.003,0
5,75.00,car_flow_E#10.4,250.997,0.001,1,250.997,260.000,9.003,0
5,75.00,car_flow_E#10.3,257.499,0.000,1,250.997,260.000,9.003,0
5,80.00,car_flow_E#10.10,46.563,13.227,0,,260.000,0.000,2
5,80.00,car_flow_E#10.9,78.863,13.238,0,,260.000,0.000,2
5,80.00,car_flow_E#10.8,199.839,12.418,0,,260.000,0.000,2
5,80.00,car_flow_E#10.4,251.509,1.261,0,,260.000,0.000,2
5,80.00,car_flow_E#10.3,259.149,2.688,0,,260.000,0.000,2
5,80.00,car_flow_E#10.7,297.073,14.037,0,,260.000,0.000,2
5,80.00,car_flow_E#10.5,363.323,0.000,0,,260.000,0.000,2
5,80.00,car_flow_E#10.6,357.000,1.506,1,,260.000,0.000,2
5,85.00,car_flow_E#10.10,112.511,13.054,0,,260.000,0.000,2
5,85.00,car_flow_E#10.9,145.348,13.282,0,,260.000,0.000,2
5,85.00,car_flow_E#10.8,259.375,12.595,0,,260.000,0.000,2
5,85.00,car_flow_E#10.4,285.729,12.396,0,,260.000,0.000,2
5,85.00,car_flow_E#10.3,302.499,12.820,0,,260.000,0.000,2
5,85.00,car_flow_E#10.7,348.551,5.109,0,,260.000,0.000,2
5,85.00,car_flow_E#10.5,363.323,0.000,0,,260.000,0.000,2
5,85.00,car_flow_E#10.11,44.151,14.627,1,,260.000,0.000,2
5,85.00,car_flow_E#10.6,362.519,0.000,1,,260.000,0.000,2
5,90.00,car_flow_E#10.12,36.687,15.461,0,,260.000,0.000,2
5,90.00,car_flow_E#10.10,178.457,13.181,0,,260.000,0.000,2
5,90.00,car_flow_E#10.9,211.907,13.425,0,,260.000,0.000,2
5,90.00,car_flow_E#10.8,312.890,7.630,0,,260.000,0.000,2
5,90.00,car_flow_E#10.4,331.061,5.252,0,,260.000,0.000,2
5,90.00,car_flow_E#10.3,344.854,3.877,0,,260.000,0.000,2
5,90.00,car_flow_E#10.7,356.731,0.111,0,,260.000,0.000,2
5,90.00,car_flow_E#10.5,363.323,0.000,0,,260.000,0.000,2
5,90.00,car_flow_E#10.11,118.258,14.722,1,,260.000,0.000,2
5,90.00,car_flow_E#10.6,362.519,0.000,1,,260.000,0.000,2
5,95.00,car_flow_E#10.12,113.568,15.374,0,,260.000,0.000,2
5,95.00,car_flow_E#10.11,192.072,14.756,0,,260.000,0.000,2
5,95.00,car_flow_E#10.10,244.319,13.151,0,,260.000,0.000,2
5,95.00,car_flow_E#10.9,278.366,13.321,0,,260.000,0.000,2
5,95.00,car_flow_E#10.8,334.827,1.730,0,,260.000,0.000,2
5,95.00,car_flow_E#10.4,343.332,0.506,0,,260.000,0.000,2
5,95.00,car_flow_E#10.3,350.270,0.063,0,,260.000,0.000,2
5,95.00,car_flow_E#10.7,356.822,0.001,0,,260.000,0.000,2
5,95.00,car_flow_E#10.5,363.323,0.000,0,,260.000,0.000,2
5,95.00,car_flow_E#10.13,3.038,16.044,1,,260.000,0.000,2
5,95.00,car_flow_E#10.6,362.519,0.000,1,,260.000,0.000,2
5,100.00,car_flow_E#10.12,190.392,15.295,0,,260.000,0.000,0
5,100.00,car_flow_E#10.11,265.973,14.906,0,,260.000,0.000,0
5,100.00,car_flow_E#10.10,305.143,11.239,0,,260.000,0.000,0
5,100.00,car_flow_E#10.9,329.137,10.104,0,,260.000,0.000,0
5,100.00,car_flow_E#10.13,82.584,15.923,1,,260.000,0.000,0
5,100.00,car_flow_E#10.8,342.712,4.252,1,,260.000,0.000,0
5,100.00,car_flow_E#10.4,352.699,5.732,1,,260.000,0.000,0
5,105.00,car_flow_E#10.15,5.236,14.481,0,,260.000,0.000,0
5,105.00,car_flow_E#10.12,267.262,15.397,0,,260.000,0.000,0
5,105.00,car_flow_E#10.11,339.770,14.688,0,,260.000,0.000,0
5,105.00,car_flow_E#10.14,37.212,14.203,1,,260.000,0.000,0
5,105.00,car_flow_E#10.13,162.121,16.010,1,,260.000,0.000,0
5,105.00,car_flow_E#10.8,358.937,5.415,1,,260.000,0.000,0
5,110.00,car_flow_E#10.15,76.838,14.231,0,,260.000,0.000,0
5,110.00,car_flow_E#10.12,335.831,9.109,0,,260.000,0.000,0
5,110.00,car_flow_E#10.11,363.294,0.000,0,,260.000,0.000,0
5,110.00,car_flow_E#10.16,43.035,16.236,1,,260.000,0.000,0
5,110.00,car_flow_E#10.14,108.885,14.314,1,,260.000,0.000,0
5,110.00,car_flow_E#10.13,212.117,10.202,1,,260.000,0.000,0
5,110.00,car_flow_E#10.8,363.275,0.000,1,,260.000,0.000,0
5,115.00,car_flow_E#10.15,148.564,14.470,0,,260.000,0.000,0
5,115.00,car_flow_E#10.12,356.148,0.763,0,,260.000,0.000,0
5,115.00,car_flow_E#10.11,363.294,0.000,0,,260.000,0.000,0
5,115.00,car_flow_E#10.16,123.671,16.062,1,,260.000,0.000,0
5,115.00,car_flow_E#10.14,180.483,14.183,1,,260.000,0.000,0
5,115.00,car_flow_E#10.13,252.961,3.413,1,,260.000,0.000,0
5,115.00,car_flow_E#10.8,363.275,0.000,1,,260.000,0.000,0
5,120.00,car_flow_E#10.15,220.165,14.279,0,,260.000,0.000,0
5,120.00,car_flow_E#10.13,280.294,10.391,0,,260.000,0.000,0
5,120.00,car_flow_E#10.12,356.790,0.004,0,,260.000,0.000,0
5,120.00,car_flow_E#10.11,363.294,0.000,0,,260.000,0.000,0
5,120.00,car_flow_E#10.16,167.209,5.562,1,,260.000,0.000,0
5,120.00,car_flow_E#10.14,222.316,8.875,1,,260.000,0.000,0
5,120.00,car_flow_E#10.8,363.275,0.000,1,,260.000,0.000,0
6,25.00,car_flow_E#10.0,13.365,13.471,0,,260.000,0.000,0
6,30.00,car_flow_E#10.0,80.272,13.279,0,,260.000,0.000,0
6,30.00,car_flow_E#10.1,51.638,14.384,1,,260.000,0.000,0
6,35.00,car_flow_E#10.2,27.208,12.261,0,,260.000,0.000,0
6,35.00,car_flow_E#10.0,147.343,13.457,0,,260.000,0.000,0
6,35.00,car_flow_E#10.1,123.948,14.353,1,,260.000,0.000,0
6,40.00,car_flow_E#10.3,24.635,15.404,0,,260.000,0.000,0
6,40.00,car_flow_E#10.2,88.821,12.176,0,,260.000,0.000,0
6,40.00,car_flow_E#10.0,214.372,13.269,0,,260.000,0.000,0
6,40.00,car_flow_E#10.1,158.837,3.696,1,,260.000,0.000,0
6,45.00,car_flow_E#10.3,101.749,15.438,0,,260.000,0.000,0
6,45.00,car_flow_E#10.2,150.536,12.426,0,,260.000,0.000,0
6,45.00,car_flow_E#10.0,281.297,13.317,0,,260.000,0.000,0
6,45.00,car_flow_E#10.1,177.396,6.649,1,,260.000,0.000,0
6,50.00,car_flow_E#10.5,5.354,13.498,0,,260.000,0.000,0
6,50.00,car_flow_E#10.4,54.874,15.214,0,,260.000,0.000,0
6,50.00,car_flow_E#10.3,178.545,14.697,0,,260.000,0.000,0
6,50.00,car_flow_E#10.2,211.919,11.500,0,,260.000,0.000,0
6,50.00,car_flow_E#10.0,346.152,10.153,0,,260.000,0.000,0
6,50.00,car_flow_E#10.1,233.055,10.149,1,,260.000,0.000,0
6,55.00,car_flow_E#10.5,72.862,13.376,0,,260.000,0.000,0
6,55.00,car_flow_E#10.4,131.060,15.116,0,,260.000,0.000,0
6,55.00,car_flow_E#10.3,229.275,6.313,0,,260.000,0.000,0
6,55.00,car_flow_E#10.2,246.139,2.969,0,,260.000,0.000,0
6,55.00,car_flow_E#10.0,362.519,0.000,0,,260.000,0.000,0
6,55.00,car_flow_E#10.6,30.642,15.116,1,,260.000,0.000,0
6,55.00,car_flow_E#10.1,256.597,1.019,1,,260.000,0.000,0
6,60.00,car_flow_E#10.8,19.356,13.680,0,,260.000,0.000,0
6,60.00,car_flow_E#10.5,140.328,13.368,0,,260.000,0.000,0
6,60.00,car_flow_E#10.4,204.857,12.348,0,,260.000,0.000,0
6,60.00,car_flow_E#10.3,245.857,3.248,0,,260.000,0.000,0
6,60.00,car_flow_E#10.2,255.430,4.374,0,,260.000,0.000,0
6,60.00,car_flow_E#10.1,265.469,5.915,0,,260.000,0.000,0
6,60.00,car_flow_E#10.0,362.519,0.000,0,,260.000,0.000,0
6,60.00,car_flow_E#10.7,68.071,15.277,1,,260.000,0.000,0
6,60.00,car_flow_E#10.6,106.218,15.197,1,,260.000,0.000,0
6,65.00,car_flow_E#10.8,87.644,13.698,0,,260.000,0.000,2
6,65.00,car_flow_E#10.5,207.778,13.584,0,,260.000,0.000,2
6,65.00,car_flow_E#10.4,263.675,12.721,0,,260.000,0.000,2
6,65.00,car_flow_E#10.3,287.612,11.478,0,,260.000,0.000,2
6,65.00,car_flow_E#10.2,303.714,12.436,0,,260.000,0.000,2
6,65.00,car_flow_E#10.1,321.165,12.378,0,,260.000,0.000,2
6,65.00,car_flow_E#10.0,362.519,0.000,0,,260.000,0.000,2
6,65.00,car_flow_E#10.7,144.076,15.373,1,,260.000,0.000,2
6,65.00,car_flow_E#10.6,181.455,14.944,1,,260.000,0.000,2
6,70.00,car_flow_E#10.9,6.729,11.165,0,,260.000,0.000,7
6,70.00,car_flow_E#10.8,153.375,11.168,0,,260.000,0.000,7
6,70.00,car_flow_E#10.5,275.471,13.635,0,,260.000,0.000,7
6,70.00,car_flow_E#10.4,313.666,8.128,0,,260.000,0.000,7
6,70.00,car_flow_E#10.3,330.844,6.912,0,,260.000,0.000,7
6,70.00,car_flow_E#10.2,345.412,6.152,0,,260.000,0.000,7
6,70.00,car_flow_E#10.10,11.000,13.781,1,,260.000,0.000,7
6,70.00,car_flow_E#10.7,184.184,4.807,1,,260.000,0.000,7
6,70.00,car_flow_E#10.6,226.894,9.415,1,,260.000,0.000,7
6,70.00,car_flow_E#10.1,359.536,4.972,1,,260.000,0.000,7
6,75.00,car_flow_E#10.9,62.618,11.176,0,,260.000,0.000,9
6,75.00,car_flow_E#10.8,217.859,11.392,0,,260.000,0.000,9
6,75.00,car_flow_E#10.5,324.618,6.593,0,,260.000,0.000,9
6,75.00,car_flow_E#10.4,342.491,3.586,0,,260.000,0.000,9
6,75.00,car_flow_E#10.3,353.712,2.028,0,,260.000,0.000,9
6,75.00,car_flow_E#10.2,362.519,0.000,0,,260.000,0.000,9
6,75.00,car_flow_E#10.11,12.177,17.181,1,,260.000,0.000,9
6,75.00,car_flow_E#10.10,80.175,13.972,1,,260.000,0.000,9
6,75.00,car_flow_E#10.7,203.776,6.291,1,,260.000,0.000,9
6,75.00,car_flow_E#10.6,255.895,1.630,1,,260.000,0.000,9
6,75.00,car_flow_E#10.1,363.171,0.000,1,,260.000,0.000,9
6,80.00,car_flow_E#10.12,7.955,14.488,0,257.491,260.000,2.509,7
6,80.00,car_flow_E#10.9,118.470,11.152,0,257.491,260.000,2.509,7
6,80.00,car_flow_E#10.8,250.465,1.939,0,257.491,260.000,2.509,7
6,80.00,car_flow_E#10.5,341.884,0.991,0,257.491,260.000,2.509,7
6,80.00,car_flow_E#10.4,349.359,0.157,0,257.491,260.000,2.509,7
6,80.00,car_flow_E#10.3,356.004,0.017,0,257.491,260.000,2.509,7
6,80.00,car_flow_E#10.2,362.519,0.000,0,257.491,260.000,2.509,7
6,80.00,car_flow_E#10.11,97.424,16.990,1,257.491,260.000,2.509,7
6,80.00,car_flow_E#10.10,149.448,13.910,1,257.491,260.000,2.509,7
6,80.00,car_flow_E#10.7,243.438,3.745,1,257.491,260.000,2.509,7
6,80.00,car_flow_E#10.6,257.491,0.010,1,257.491,260.000,2.509,7
6,80.00,car_flow_E#10.1,363.171,0.000,1,257.491,260.000,2.509,7
6,85.00,car_flow_E#10.13,44.334,15.132,0,,260.000,0.000,6
6,85.00,car_flow_E#10.12,80.774,14.511,0,,260.000,0.000,6
6,85.00,car_flow_E#10.9,173.675,9.492,0,,260.000,0.000,6
6,85.00,car_flow_E#10.8,256.661,4.844,0,,260.000,0.000,6
6,85.00,car_flow_E#10.6,266.835,6.585,0,,260.000,0.000,6
6,85.00,car_flow_E#10.5,343.005,0.011,0,,260.000,0.000,6
6,85.00,car_flow_E#10.4,349.516,0.001,0,,260.000,0.000,6
6,85.00,car_flow_E#10.3,356.018,0.000,0,,260.000,0.000,6
6,85.00,car_flow_E#10.2,362.519,0.000,0,,260.000,0.000,6
6,85.00,car_flow_E#10.11,160.681,7.489,1,,260.000,0.000,6
6,85.00,car_flow_E#10.10,182.102,3.051,1,,260.000,0.000,6
6,85.00,car_flow_E#10.7,247.387,2.022,1,,260.000,0.000,6
6,85.00,car_flow_E#10.1,363.171,0.000,1,,260.000,0.000,6
6,90.00,car_flow_E#10.13,119.668,14.955,0,,260.000,0.000,4
6,90.00,car_flow_E#10.12,153.374,14.452,0,,260.000,0.000,4
6,90.00,car_flow_E#10.9,227.799,11.315,0,,260.000,0.000,4
6,90.00,car_flow_E#10.7,272.358,8.843,0,,260.000,0.000,4
6,90.00,car_flow_E#10.8,307.402,12.501,0,,260.000,0.000,4
6,90.00,car_flow_E#10.6,324.103,13.101,0,,260.000,0.000,4
6,90.00,car_flow_E#10.4,363.485,7.328,0,,260.000,0.000,4
6,90.00,car_flow_E#10.11,183.669,6.097,1,,260.000,0.000,4
6,90.00,car_flow_E#10.10,198.728,6.070,1,,260.000,0.000,4
6,90.00,car_flow_E#10.5,355.757,7.159,1,,260.000,0.000,4
6,95.00,car_flow_E#10.13,194.397,13.516,0,,260.000,0.000,4
6,95.00,car_flow_E#10.12,223.019,10.831,0,,260.000,0.000,4
6,95.00,car_flow_E#10.9,283.820,11.293,0,,260.000,0.000,4
6,95.00,car_flow_E#10.7,340.827,15.295,0,,260.000,0.000,4
6,95.00,car_flow_E#10.11,229.724,7.654,1,,260.000,0.000,4
6,95.00,car_flow_E#10.10,245.224,6.542,1,,260.000,0.000,4
6,100.00,car_flow_E#10.13,237.400,4.149,0,247.274,260.000,12.726,4
6,100.00,car_flow_E#10.12,250.729,0.734,0,247.274,260.000,12.726,4
6,100.00,car_flow_E#10.9,337.902,8.613,0,247.274,260.000,12.726,4
6,100.00,car_flow_E#10.7,363.192,0.000,0,247.274,260.000,12.726,4
6,100.00,car_flow_E#10.11,247.274,0.000,1,247.274,260.000,12.726,4
6,100.00,car_flow_E#10.10,257.313,0.218,1,247.274,260.000,12.726,4
6,105.00,car_flow_E#10.13,240.874,0.574,0,,260.000,0.000,4
6,105.00,car_flow_E#10.12,257.027,4.974,0,,260.000,0.000,4
6,105.00,car_flow_E#10.10,267.229,6.755,0,,260.000,0.000,4
6,105.00,car_flow_E#10.7,363.192,0.000,0,,260.000,0.000,4
6,105.00,car_flow_E#10.11,248.020,1.548,1,,260.000,0.000,4
6,105.00,car_flow_E#10.9,361.805,2.378,1,,260.000,0.000,4
6,110.00,car_flow_E#10.14,49.557,13.698,0,,260.000,0.000,2
6,110.00,car_flow_E#10.13,258.676,7.304,0,,260.000,0.000,2
6,110.00,car_flow_E#10.11,271.074,9.078,0,,260.000,0.000,2
6,110.00,car_flow_E#10.12,308.527,12.863,0,,260.000,0.000,2
6,110.00,car_flow_E#10.10,325.598,13.273,0,,260.000,0.000,2
6,110.00,car_flow_E#10.9,363.419,0.000,1,,260.000,0.000,2
6,115.00,car_flow_E#10.14,117.466,13.670,0,,260.000,0.000,2
6,115.00,car_flow_E#10.13,321.126,15.135,0,,260.000,0.000,2
6,115.00,car_flow_E#10.11,341.306,16.922,0,,260.000,0.000,2
6,120.00,car_flow_E#10.14,185.482,13.439,0,,260.000,0.000,4
6,120.00,car_flow_E#10.11,363.042,0.000,0,,260.000,0.000,4
6,120.00,car_flow_E#10.13,356.240,0.365,1,,260.000,0.000,4
7,40.00,car_flow_E#10.0,52.721,13.227,0,,260.000,0.000,0
7,45.00,car_flow_E#10.1,53.231,12.806,0,,260.000,0.000,0
7,45.00,car_flow_E#10.0,118.195,13.121,0,,260.000,0.000,0
7,45.00,car_flow_E#10.2,34.479,16.590,1,,260.000,0.000,0
7,50.00,car_flow_E#10.1,116.539,12.678,0,,260.000,0.000,0
7,50.00,car_flow_E#10.0,183.523,13.092,0,,260.000,0.000,0
7,50.00,car_flow_E#10.2,117.590,16.671,1,,260.000,0.000,0
7,55.00,car_flow_E#10.1,179.948,12.805,0,,260.000,0.000,0
7,55.00,car_flow_E#10.2,200.628,16.388,0,,260.000,0.000,0
7,55.00,car_flow_E#10.0,248.871,13.042,0,,260.000,0.000,0
7,60.00,car_flow_E#10.4,5.298,12.730,0,,260.000,0.000,0
7,60.00,car_flow_E#10.3,35.636,11.835,0,,260.000,0.000,0
7,60.00,car_flow_E#10.1,243.189,12.592,0,,260.000,0.000,0
7,60.00,car_flow_E#10.2,281.241,15.191,0,,260.000,0.000,0
7,60.00,car_flow_E#10.0,314.159,12.942,0,,260.000,0.000,0
7,65.00,car_flow_E#10.4,69.157,12.668,0,,260.000,0.000,0
7,65.00,car_flow_E#10.3,95.621,12.121,0,,260.000,0.000,0
7,65.00,car_flow_E#10.1,306.521,12.740,0,,260.000,0.000,0
7,65.00,car_flow_E#10.2,342.220,7.197,0,,260.000,0.000,0
7,65.00,car_flow_E#10.0,361.360,2.930,0,,260.000,0.000,0
7,65.00,car_flow_E#10.5,38.421,14.690,1,,260.000,0.000,0
7,70.00,car_flow_E#10.6,59.295,13.578,0,,260.000,0.000,0
7,70.00,car_flow_E#10.4,132.996,12.647,0,,260.000,0.000,0
7,70.00,car_flow_E#10.3,155.566,11.854,0,,260.000,0.000,0
7,70.00,car_flow_E#10.1,361.640,12.621,0,,260.000,0.000,0
7,70.00,car_flow_E#10.5,111.965,14.706,1,,260.000,0.000,0
7,75.00,car_flow_E#10.7,67.201,13.345,0,,260.000,0.000,0
7,75.00,car_flow_E#10.6,126.560,13.421,0,,260.000,0.000,0
7,75.00,car_flow_E#10.4,195.181,12.248,0,,260.000,0.000,0
7,75.00,car_flow_E#10.3,215.489,12.085,0,,260.000,0.000,0
7,75.00,car_flow_E#10.5,182.175,11.278,1,,260.000,0.000,0
7,80.00,car_flow_E#10.8,53.157,12.182,0,,260.000,0.000,0
7,80.00,car_flow_E#10.7,134.321,13.521,0,,260.000,0.000,0
7,80.00,car_flow_E#10.6,193.818,13.583,0,,260.000,0.000,0
7,80.00,car_flow_E#10.4,255.679,11.938,0,,260.000,0.000,0
7,80.00,car_flow_E#10.3,275.282,12.039,0,,260.000,0.000,0
7,80.00,car_flow_E#10.9,65.058,14.763,1,,260.000,0.000,0
7,80.00,car_flow_E#10.5,210.740,6.268,1,,260.000,0.000,0
7,85.00,car_flow_E#10.10,60.855,13.818,0,,260.000,0.000,0
7,85.00,car_flow_E#10.8,114.140,12.108,0,,260.000,0.000,0
7,85.00,car_flow_E#10.7,201.717,13.333,0,,260.000,0.000,0
7,85.00,car_flow_E#10.6,260.480,13.510,0,,260.000,0.000,0
7,85.00,car_flow_E#10.4,315.872,12.019,0,,260.000,0.000,0
7,85.00,car_flow_E#10.3,335.158,12.003,0,,260.000,0.000,0
7,85.00,car_flow_E#10.11,12.105,14.994,1,,260.000,0.000,0
7,85.00,car_flow_E#10.9,138.761,14.683,1,,260.000,0.000,0
7,85.00,car_flow_E#10.5,250.871,4.425,1,,260.000,0.000,0
7,90.00,car_flow_E#10.12,16.921,12.222,0,257.442,260.000,2.558,0
7,90.00,car_flow_E#10.10,129.972,13.911,0,257.442,260.000,2.558,0
7,90.00,car_flow_E#10.8,173.451,9.290,0,257.442,260.000,2.558,0
7,90.00,car_flow_E#10.7,245.829,4.890,0,257.442,260.000,2.558,0
7,90.00,car_flow_E#10.6,323.855,9.769,0,257.442,260.000,2.558,0
7,90.00,car_flow_E#10.4,352.836,2.718,0,257.442,260.000,2.558,0
7,90.00,car_flow_E#10.3,362.519,0.000,0,257.442,260.000,2.558,0
7,90.00,car_flow_E#10.11,87.652,15.023,1,257.442,260.000,2.558,0
7,90.00,car_flow_E#10.9,175.403,3.962,1,257.442,260.000,2.558,0
7,90.00,car_flow_E#10.5,257.442,0.067,1,257.442,260.000,2.558,0
7,95.00,car_flow_E#10.12,78.589,12.238,0,257.499,260.000,2.501,0
7,95.00,car_flow_E#10.10,198.096,11.848,0,257.499,260.000,2.501,0
7,95.00,car_flow_E#10.8,227.262,8.223,0,257.499,260.000,2.501,0
7,95.00,car_flow_E#10.7,250.994,0.004,0,257.499,260.000,2.501,0
7,95.00,car_flow_E#10.3,362.519,0.000,0,257.499,260.000,2.501,0
7,95.00,car_flow_E#10.11,158.473,12.057,1,257.499,260.000,2.501,0
7,95.00,car_flow_E#10.9,194.144,6.834,1,257.499,260.000,2.501,0
7,95.00,car_flow_E#10.5,257.499,0.000,1,257.499,260.000,2.501,0
7,95.00,car_flow_E#10.6,353.802,2.008,1,257.499,260.000,2.501,0
7,95.00,car_flow_E#10.4,362.519,0.000,1,257.499,260.000,2.501,0
7,100.00,car_flow_E#10.12,140.126,12.348,0,,260.000,0.000,0
7,100.00,car_flow_E#10.10,235.401,3.597,0,,260.000,0.000,0
7,100.00,car_flow_E#10.8,251.814,6.114,0,,260.000,0.000,0
7,100.00,car_flow_E#10.7,263.849,7.271,0,,260.000,0.000,0
7,100.00,car_flow_E#10.5,275.673,8.693,0,,260.000,0.000,0
7,100.00,car_flow_E#10.3,362.519,0.000,0,,260.000,0.000,0
7,100.00,car_flow_E#10.13,56.775,14.964,1,,260.000,0.000,0
7,100.00,car_flow_E#10.11,189.423,6.749,1,,260.000,0.000,0
7,100.00,car_flow_E#10.9,242.555,7.288,1,,260.000,0.000,0
7,100.00,car_flow_E#10.6,356.007,0.012,1,,260.000,0.000,0
7,100.00,car_flow_E#10.4,362.519,0.000,1,,260.000,0.000,0
7,105.00,car_flow_E#10.14,49.148,13.669,0,257.202,260.000,2.798,0
7,105.00,car_flow_E#10.12,201.850,12.145,0,257.202,260.000,2.798,0
7,105.00,car_flow_E#10.10,249.574,1.139,0,257.202,260.000,2.798,0
7,105.00,car_flow_E#10.8,300.277,8.969,0,257.202,260.000,2.798,0
7,105.00,car_flow_E#10.7,316.098,8.590,0,257.202,260.000,2.798,0
7,105.00,car_flow_E#10.5,332.206,8.003,0,257.202,260.000,2.798,0
7,105.00,car_flow_E#10.3,362.519,0.000,0,257.202,260.000,2.798,0
7,105.00,car_flow_E#10.13,131.770,15.053,1,257.202,260.000,2.798,0
7,105.00,car_flow_E#10.11,237.052,6.747,1,257.202,260.000,2.798,0
7,105.00,car_flow_E#10.9,257.202,0.350,1,257.202,260.000,2.798,0
7,105.00,car_flow_E#10.6,356.018,0.000,1,257.202,260.000,2.798,0
7,105.00,car_flow_E#10.4,362.519,0.000,1,257.202,260.000,2.798,0
7,110.00,car_flow_E#10.14,117.959,13.737,0,,260.000,0.000,0
7,110.00,car_flow_E#10.11,250.809,4.490,0,,260.000,0.000,0
7,110.00,car_flow_E#10.10,263.125,7.259,0,,260.000,0.000,0
7,110.00,car_flow_E#10.9,275.323,8.914,0,,260.000,0.000,0
7,110.00,car_flow_E#10.8,329.503,3.309,0,,260.000,0.000,0
7,110.00,car_flow_E#10.7,340.208,1.970,0,,260.000,0.000,0
7,110.00,car_flow_E#10.5,349.079,0.511,0,,260.000,0.000,0
7,110.00,car_flow_E#10.3,362.519,0.000,0,,260.000,0.000,0
7,110.00,car_flow_E#10.13,170.168,4.337,1,,260.000,0.000,0
7,110.00,car_flow_E#10.12,238.182,4.611,1,,260.000,0.000,0
7,110.00,car_flow_E#10.6,356.018,0.000,1,,260.000,0.000,0
7,110.00,car_flow_E#10.4,362.519,0.000,1,,260.000,0.000,0
7,115.00,car_flow_E#10.15,59.306,11.809,0,,260.000,0.000,0
7,115.00,car_flow_E#10.14,186.696,13.887,0,,260.000,0.000,0
7,115.00,car_flow_E#10.11,286.082,10.578,0,,260.000,0.000,0
7,115.00,car_flow_E#10.10,309.734,8.418,0,,260.000,0.000,0
7,115.00,car_flow_E#10.9,324.997,8.356,0,,260.000,0.000,0
7,115.00,car_flow_E#10.8,346.109,6.410,0,,260.000,0.000,0
7,115.00,car_flow_E#10.7,357.826,7.682,0,,260.000,0.000,0
7,115.00,car_flow_E#10.13,189.474,6.669,1,,260.000,0.000,0
7,115.00,car_flow_E#10.12,254.874,2.307,1,,260.000,0.000,0
7,120.00,car_flow_E#10.16,28.832,13.136,0,257.483,260.000,2.517,2
7,120.00,car_flow_E#10.15,118.724,11.803,0,257.483,260.000,2.517,2
7,120.00,car_flow_E#10.14,242.685,6.634,0,257.483,260.000,2.517,2
7,120.00,car_flow_E#10.11,326.041,5.110,0,257.483,260.000,2.517,2
7,120.00,car_flow_E#10.10,339.875,3.672,0,257.483,260.000,2.517,2
7,120.00,car_flow_E#10.7,363.520,0.000,0,257.483,260.000,2.517,2
7,120.00,car_flow_E#10.13,237.694,6.576,1,257.483,260.000,2.517,2
7,120.00,car_flow_E#10.12,257.483,0.019,1,257.483,260.000,2.517,2
7,120.00,car_flow_E#10.9,350.787,3.322,1,257.483,260.000,2.517,2
7,120.00,car_flow_E#10.8,360.544,3.693,1,257.483,260.000,2.517,2
8,25.00,car_flow_E#10.0,23.038,12.825,0,,260.000,0.000,2
8,30.00,car_flow_E#10.1,19.014,12.317,0,,260.000,0.000,2
8,30.00,car_flow_E#10.0,86.879,12.657,0,,260.000,0.000,2
8,35.00,car_flow_E#10.1,80.464,12.360,0,,260.000,0.000,2
8,35.00,car_flow_E#10.0,150.674,12.663,0,,260.000,0.000,2
8,40.00,car_flow_E#10.1,141.726,12.328,0,,260.000,0.000,0
8,40.00,car_flow_E#10.0,214.485,12.834,0,,260.000,0.000,0
8,45.00,car_flow_E#10.1,202.974,12.238,0,,260.000,0.000,0
8,45.00,car_flow_E#10.0,278.325,12.921,0,,260.000,0.000,0
8,45.00,car_flow_E#10.2,48.255,14.185,1,,260.000,0.000,0
8,50.00,car_flow_E#10.1,264.274,12.210,0,,260.000,0.000,0
8,50.00,car_flow_E#10.0,341.777,11.393,0,,260.000,0.000,0
8,50.00,car_flow_E#10.2,118.605,14.180,1,,260.000,0.000,0
8,55.00,car_flow_E#10.2,188.763,14.180,0,,260.000,0.000,0
8,55.00,car_flow_E#10.1,325.391,11.559,0,,260.000,0.000,0
8,55.00,car_flow_E#10.0,362.519,0.000,0,,260.000,0.000,0
8,60.00,car_flow_E#10.2,258.971,14.025,0,,260.000,0.000,0
8,60.00,car_flow_E#10.0,362.519,0.000,0,,260.000,0.000,0
8,60.00,car_flow_E#10.1,357.327,5.713,1,,260.000,0.000,0
8,65.00,car_flow_E#10.3,5.513,15.645,0,,260.000,0.000,0
8,65.00,car_flow_E#10.2,327.134,11.002,0,,260.000,0.000,0
8,65.00,car_flow_E#10.0,362.519,0.000,0,,260.000,0.000,0
8,65.00,car_flow_E#10.1,362.519,0.000,1,,260.000,0.000,0
8,70.00,car_flow_E#10.3,83.008,15.519,0,,260.000,0.000,0
8,70.00,car_flow_E#10.2,354.539,1.364,0,,260.000,0.000,0
8,70.00,car_flow_E#10.0,362.519,0.000,0,,260.000,0.000,0
8,70.00,car_flow_E#10.1,362.519,0.000,1,,260.000,0.000,0
8,75.00,car_flow_E#10.3,160.422,15.465,0,,260.000,0.000,0
8,80.00,car_flow_E#10.4,8.076,14.350,0,,260.000,0.000,2
8,80.00,car_flow_E#10.3,237.797,15.435,0,,260.000,0.000,2
8,85.00,car_flow_E#10.5,12.697,13.989,0,,260.000,0.000,6
8,85.00,car_flow_E#10.4,79.334,14.396,0,,260.000,0.000,6
8,85.00,car_flow_E#10.3,315.253,15.504,0,,260.000,0.000,6
8,90.00,car_flow_E#10.6,41.634,13.253,0,,260.000,0.000,7
8,90.00,car_flow_E#10.5,82.195,13.941,0,,260.000,0.000,7
8,90.00,car_flow_E#10.4,150.485,14.134,0,,260.000,0.000,7
8,90.00,car_flow_E#10.3,361.912,2.201,0,,260.000,0.000,7
8,95.00,car_flow_E#10.6,107.728,13.329,0,,260.000,0.000,7
8,95.00,car_flow_E#10.5,151.600,13.830,0,,260.000,0.000,7
8,95.00,car_flow_E#10.4,221.909,14.403,0,,260.000,0.000,7
8,95.00,car_flow_E#10.7,4.315,14.607,1,,260.000,0.000,7
8,100.00,car_flow_E#10.6,173.704,13.319,0,,260.000,0.000,10
8,100.00,car_flow_E#10.5,221.059,13.783,0,,260.000,0.000,10
8,100.00,car_flow_E#10.4,293.308,14.382,0,,260.000,0.000,10
8,100.00,car_flow_E#10.7,77.044,14.463,1,,260.000,0.000,10
8,105.00,car_flow_E#10.8,20.082,12.764,0,,260.000,0.000,10
8,105.00,car_flow_E#10.6,239.716,13.187,0,,260.000,0.000,10
8,105.00,car_flow_E#10.5,290.496,13.946,0,,260.000,0.000,10
8,105.00,car_flow_E#10.4,354.963,7.010,0,,260.000,0.000,10
8,105.00,car_flow_E#10.7,149.849,14.624,1,,260.000,0.000,10
8,110.00,car_flow_E#10.8,84.424,12.937,0,,260.000,0.000,9
8,110.00,car_flow_E#10.6,305.642,13.031,0,,260.000,0.000,9
8,110.00,car_flow_E#10.5,345.547,6.030,0,,260.000,0.000,9
8,110.00,car_flow_E#10.4,362.519,0.000,0,,260.000,0.000,9
8,110.00,car_flow_E#10.7,186.113,3.960,1,,260.000,0.000,9
8,115.00,car_flow_E#10.9,59.094,14.451,0,,260.000,0.000,9
8,115.00,car_flow_E#10.8,148.842,13.007,0,,260.000,0.000,9
8,115.00,car_flow_E#10.4,362.519,0.000,0,,260.000,0.000,9
8,115.00,car_flow_E#10.7,204.939,6.725,1,,260.000,0.000,9
8,115.00,car_flow_E#10.6,349.645,4.244,1,,260.000,0.000,9
8,115.00,car_flow_E#10.5,362.519,0.000,1,,260.000,0.000,9
8,120.00,car_flow_E#10.9,131.052,14.489,0,,260.000,0.000,8
8,120.00,car_flow_E#10.8,212.949,11.879,0,,260.000,0.000,8
8,120.00,car_flow_E#10.4,362.519,0.000,0,,260.000,0.000,8
8,120.00,car_flow_E#10.7,248.661,5.451,1,,260.000,0.000,8
8,120.00,car_flow_E#10.6,355.966,0.059,1,,260.000,0.000,8
8,120.00,car_flow_E#10.5,362.519,0.000,1,,260.000,0.000,8
9,35.00,car_flow_E#10.0,30.629,13.816,0,,260.000,0.000,0
9,40.00,car_flow_E#10.0,98.907,13.670,0,,260.000,0.000,0
9,45.00,car_flow_E#10.1,53.509,12.783,0,,260.000,0.000,0
9,45.00,car_flow_E#10.0,167.329,13.818,0,,260.000,0.000,0
9,45.00,car_flow_E#10.2,32.737,13.968,1,,260.000,0.000,0
9,50.00,car_flow_E#10.1,117.243,12.780,0,,260.000,0.000,0
9,50.00,car_flow_E#10.0,235.654,13.664,0,,260.000,0.000,0
9,50.00,car_flow_E#10.2,102.747,13.955,1,,260.000,0.000,0
9,55.00,car_flow_E#10.1,180.952,12.814,0,,260.000,0.000,0
9,55.00,car_flow_E#10.0,303.970,13.741,0,,260.000,0.000,0
9,55.00,car_flow_E#10.2,171.579,12.036,1,,260.000,0.000,0
9,60.00,car_flow_E#10.4,1.385,13.368,0,,260.000,0.000,0
9,60.00,car_flow_E#10.3,67.535,13.574,0,,260.000,0.000,0
9,60.00,car_flow_E#10.1,244.679,12.731,0,,260.000,0.000,0
9,60.00,car_flow_E#10.0,358.762,5.040,0,,260.000,0.000,0
9,60.00,car_flow_E#10.2,202.031,6.218,1,,260.000,0.000,0
9,65.00,car_flow_E#10.4,67.463,13.251,0,,260.000,0.000,0
9,65.00,car_flow_E#10.3,134.833,13.366,0,,260.000,0.000,0
9,65.00,car_flow_E#10.1,308.280,12.779,0,,260.000,0.000,0
9,65.00,car_flow_E#10.0,362.519,0.000,0,,260.000,0.000,0
9,65.00,car_flow_E#10.5,53.928,14.083,1,,260.000,0.000,0
9,65.00,car_flow_E#10.2,246.393,6.065,1,,260.000,0.000,0
9,70.00,car_flow_E#10.4,133.632,13.155,0,,260.000,0.000,0
9,70.00,car_flow_E#10.3,202.172,13.448,0,,260.000,0.000,0
9,70.00,car_flow_E#10.2,283.027,12.203,0,,260.000,0.000,0
9,70.00,car_flow_E#10.5,124.712,14.070,1,,260.000,0.000,0
9,75.00,car_flow_E#10.6,36.764,13.065,0,,260.000,0.000,0
9,75.00,car_flow_E#10.4,199.741,13.095,0,,260.000,0.000,0
9,75.00,car_flow_E#10.3,269.489,13.522,0,,260.000,0.000,0
9,75.00,car_flow_E#10.2,352.365,13.859,0,,260.000,0.000,0
9,75.00,car_flow_E#10.5,158.221,3.412,1,,260.000,0.000,0
9,80.00,car_flow_E#10.6,102.539,13.221,0,,260.000,0.000,0
9,80.00,car_flow_E#10.4,265.744,13.363,0,,260.000,0.000,0
9,80.00,car_flow_E#10.3,333.712,9.671,0,,260.000,0.000,0
9,80.00,car_flow_E#10.2,363.520,0.000,0,,260.000,0.000,0
9,80.00,car_flow_E#10.5,176.084,6.587,1,,260.000,0.000,0
9,85.00,car_flow_E#10.6,168.245,13.216,0,,260.000,0.000,0
9,85.00,car_flow_E#10.4,330.146,10.702,0,,260.000,0.000,0
9,85.00,car_flow_E#10.2,363.520,0.000,0,,260.000,0.000,0
9,85.00,car_flow_E#10.7,17.424,14.497,1,,260.000,0.000,0
9,85.00,car_flow_E#10.5,231.554,10.415,1,,260.000,0.000,0
9,85.00,car_flow_E#10.3,361.547,2.627,1,,260.000,0.000,0
9,90.00,car_flow_E#10.6,233.963,13.119,0,,260.000,0.000,0
9,90.00,car_flow_E#10.5,287.279,14.244,0,,260.000,0.000,0
9,90.00,car_flow_E#10.4,355.749,1.285,0,,260.000,0.000,0
9,90.00,car_flow_E#10.2,363.520,0.000,0,,260.000,0.000,0
9,90.00,car_flow_E#10.7,90.128,14.465,1,,260.000,0.000,0
9,90.00,car_flow_E#10.3,362.519,0.000,1,,260.000,0.000,0
9,95.00,car_flow_E#10.6,299.785,13.054,0,,260.000,0.000,0
9,95.00,car_flow_E#10.5,348.974,11.334,0,,260.000,0.000,0
9,95.00,car_flow_E#10.7,162.745,14.421,1,,260.000,0.000,0
9,100.00,car_flow_E#10.6,348.881,4.786,0,,260.000,0.000,0
9,100.00,car_flow_E#10.5,362.921,0.000,0,,260.000,0.000,0
9,100.00,car_flow_E#10.7,205.131,8.627,1,,260.000,0.000,0
9,105.00,car_flow_E#10.8,57.492,12.850,0,,260.000,0.000,0
9,105.00,car_flow_E#10.7,250.116,4.751,1,,260.000,0.000,0
9,110.00,car_flow_E#10.8,122.027,12.928,0,,260.000,0.000,2
9,110.00,car_flow_E#10.7,285.963,12.553,0,,260.000,0.000,2
9,115.00,car_flow_E#10.9,63.679,12.987,0,,260.000,0.000,2
9,115.00,car_flow_E#10.8,186.688,12.878,0,,260.000,0.000,2
9,115.00,car_flow_E#10.7,351.359,8.481,0,,260.000,0.000,2
9,115.00,car_flow_E#10.10,35.834,13.888,1,,260.000,0.000,2
9,120.00,car_flow_E#10.13,7.842,14.785,0,,260.000,0.000,2
9,120.00,car_flow_E#10.11,51.706,12.673,0,,260.000,0.000,2
9,120.00,car_flow_E#10.9,127.773,12.908,0,,260.000,0.000,2
9,120.00,car_flow_E#10.8,251.286,12.922,0,,260.000,0.000,2
9,120.00,car_flow_E#10.12,47.939,14.634,1,,260.000,0.000,2
9,120.00,car_flow_E#10.10,104.684,13.636,1,,260.000,0.000,2
10,25.00,car_flow_E#10.0,40.031,13.277,0,,260.000,0.000,0
10,30.00,car_flow_E#10.0,106.782,13.312,0,,260.000,0.000,0
10,35.00,car_flow_E#10.0,173.552,13.220,0,,260.000,0.000,0
10,40.00,car_flow_E#10.0,240.234,13.303,0,,260.000,0.000,0
10,45.00,car_flow_E#10.1,15.865,15.846,0,,260.000,0.000,0
10,45.00,car_flow_E#10.0,307.044,13.252,0,,260.000,0.000,0
10,50.00,car_flow_E#10.2,36.217,14.918,0,,260.000,0.000,0
10,50.00,car_flow_E#10.1,95.390,15.791,0,,260.000,0.000,0
10,55.00,car_flow_E#10.3,27.723,12.868,0,,260.000,0.000,0
10,55.00,car_flow_E#10.2,110.482,14.873,0,,260.000,0.000,0
10,55.00,car_flow_E#10.1,174.911,15.795,0,,260.000,0.000,0
10,60.00,car_flow_E#10.4,50.591,13.141,0,,260.000,0.000,0
10,60.00,car_flow_E#10.3,91.400,12.863,0,,260.000,0.000,0
10,60.00,car_flow_E#10.2,184.798,14.978,0,,260.000,0.000,0
10,60.00,car_flow_E#10.1,254.546,15.905,0,,260.000,0.000,0
10,65.00,car_flow_E#10.4,116.474,13.197,0,,260.000,0.000,0
10,65.00,car_flow_E#10.3,155.077,12.817,0,,260.000,0.000,0
10,65.00,car_flow_E#10.2,258.955,14.807,0,,260.000,0.000,0
10,65.00,car_flow_E#10.1,334.030,15.884,0,,260.000,0.000,0
10,70.00,car_flow_E#10.4,182.323,13.345,0,,260.000,0.000,0
10,70.00,car_flow_E#10.3,218.690,12.649,0,,260.000,0.000,0
10,70.00,car_flow_E#10.2,333.138,14.944,0,,260.000,0.000,0
10,75.00,car_flow_E#10.6,30.698,12.880,0,,260.000,0.000,0
10,75.00,car_flow_E#10.5,57.800,12.713,0,,260.000,0.000,0
10,75.00,car_flow_E#10.4,248.250,13.168,0,,260.000,0.000,0
10,75.00,car_flow_E#10.3,282.303,12.720,0,,260.000,0.000,0
10,75.00,car_flow_E#10.2,363.382,0.000,0,,260.000,0.000,0
10,75.00,car_flow_E#10.7,17.280,17.051,1,,260.000,0.000,0
10,80.00,car_flow_E#10.6,95.353,12.845,0,,260.000,0.000,0
10,80.00,car_flow_E#10.5,120.675,12.626,0,,260.000,0.000,0
10,80.00,car_flow_E#10.4,313.392,11.313,0,,260.000,0.000,0
10,80.00,car_flow_E#10.3,340.470,7.772,0,,260.000,0.000,0
10,80.00,car_flow_E#10.2,363.382,0.000,0,,260.000,0.000,0
10,80.00,car_flow_E#10.7,102.766,17.075,1,,260.000,0.000,0
10,85.00,car_flow_E#10.6,160.143,12.832,0,,260.000,0.000,0
10,85.00,car_flow_E#10.5,183.558,12.655,0,,260.000,0.000,0
10,85.00,car_flow_E#10.4,351.474,4.693,0,,260.000,0.000,0
10,85.00,car_flow_E#10.7,188.411,17.190,1,,260.000,0.000,0
10,90.00,car_flow_E#10.8,31.096,14.758,0,,260.000,0.000,0
10,90.00,car_flow_E#10.6,224.945,12.802,0,,260.000,0.000,0
10,90.00,car_flow_E#10.5,246.408,12.556,0,,260.000,0.000,0
10,90.00,car_flow_E#10.4,362.519,0.000,0,,260.000,0.000,0
10,90.00,car_flow_E#10.7,242.410,7.363,1,,260.000,0.000,0
10,95.00,car_flow_E#10.9,45.454,12.713,0,257.188,260.000,2.812,2
10,95.00,car_flow_E#10.8,105.015,14.870,0,257.188,260.000,2.812,2
10,95.00,car_flow_E#10.6,288.943,12.731,0,257.188,260.000,2.812,2
10,95.00,car_flow_E#10.5,309.315,12.524,0,257.188,260.000,2.812,2
10,95.00,car_flow_E#10.7,257.188,0.376,1,257.188,260.000,2.812,2
10,100.00,car_flow_E#10.9,109.501,12.700,0,,260.000,0.000,2
10,100.00,car_flow_E#10.8,178.949,14.878,0,,260.000,0.000,2
10,100.00,car_flow_E#10.7,276.023,8.863,0,,260.000,0.000,2
10,100.00,car_flow_E#10.6,343.482,6.716,0,,260.000,0.000,2
10,100.00,car_flow_E#10.5,359.778,4.327,0,,260.000,0.000,2
10,105.00,car_flow_E#10.10,42.641,10.867,0,,260.000,0.000,0
10,105.00,car_flow_E#10.9,173.567,12.871,0,,260.000,0.000,0
10,105.00,car_flow_E#10.8,252.913,14.679,0,,260.000,0.000,0
10,105.00,car_flow_E#10.7,334.576,9.300,0,,260.000,0.000,0
10,105.00,car_flow_E#10.5,362.519,0.000,0,,260.000,0.000,0
10,105.00,car_flow_E#10.11,25.267,15.984,1,,260.000,0.000,0
10,105.00,car_flow_E#10.6,360.814,3.440,1,,260.000,0.000,0
10,110.00,car_flow_E#10.10,97.256,10.885,0,,260.000,0.000,0
10,110.00,car_flow_E#10.9,237.637,12.960,0,,260.000,0.000,0
10,110.00,car_flow_E#10.8,324.649,11.764,0,,260.000,0.000,0
10,110.00,car_flow_E#10.5,362.519,0.000,0,,260.000,0.000,0
10,110.00,car_flow_E#10.11,105.226,16.106,1,,260.000,0.000,0
10,110.00,car_flow_E#10.7,355.320,0.763,1,,260.000,0.000,0
10,110.00,car_flow_E#10.6,362.519,0.000,1,,260.000,0.000,0
10,115.00,car_flow_E#10.10,151.934,10.808,0,,260.000,0.000,0
10,115.00,car_flow_E#10.9,301.799,12.757,0,,260.000,0.000,0
10,115.00,car_flow_E#10.8,354.263,1.647,0,,260.000,0.000,0
10,115.00,car_flow_E#10.5,362.519,0.000,0,,260.000,0.000,0
10,115.00,car_flow_E#10.11,185.075,15.973,1,,260.000,0.000,0
10,115.00,car_flow_E#10.7,356.015,0.004,1,,260.000,0.000,0
10,115.00,car_flow_E#10.6,362.519,0.000,1,,260.000,0.000,0
10,120.00,car_flow_E#10.12,78.030,15.831,0,,260.000,0.000,0
10,120.00,car_flow_E#10.10,206.486,10.861,0,,260.000,0.000,0
10,120.00,car_flow_E#10.9,344.523,3.507,0,,260.000,0.000,0
10,120.00,car_flow_E#10.8,356.009,0.012,0,,260.000,0.000,0
10,120.00,car_flow_E#10.5,362.519,0.000,0,,260.000,0.000,0
10,120.00,car_flow_E#10.11,235.159,9.406,1,,260.000,0.000,0
10,120.00,car_flow_E#10.7,356.018,0.000,1,,260.000,0.000,0
10,120.00,car_flow_E#10.6,362.519,0.000,1,,260.000,0.000,0
11,25.00,car_flow_E#10.0,3.853,13.831,0,,260.000,0.000,2
11,30.00,car_flow_E#10.0,73.516,13.927,0,,260.000,0.000,2
11,35.00,car_flow_E#10.0,143.082,13.878,0,,260.000,0.000,2
11,40.00,car_flow_E#10.0,212.640,13.780,0,,260.000,0.000,2
11,45.00,car_flow_E#10.0,282.285,13.957,0,,260.000,0.000,2
11,50.00,car_flow_E#10.1,13.852,11.543,0,,260.000,0.000,2
11,50.00,car_flow_E#10.0,351.870,13.905,0,,260.000,0.000,2
11,50.00,car_flow_E#10.2,22.751,14.120,1,,260.000,0.000,2
11,55.00,car_flow_E#10.1,71.722,11.675,0,,260.000,0.000,2
11,55.00,car_flow_E#10.2,94.081,14.183,1,,260.000,0.000,2
11,60.00,car_flow_E#10.1,129.465,11.562,0,,260.000,0.000,2
11,60.00,car_flow_E#10.2,165.221,14.241,1,,260.000,0.000,2
11,65.00,car_flow_E#10.1,187.209,11.575,0,,260.000,0.000,2
11,65.00,car_flow_E#10.2,206.879,8.745,1,,260.000,0.000,2
11,70.00,car_flow_E#10.3,43.629,11.635,0,,260.000,0.000,2
11,70.00,car_flow_E#10.1,240.802,6.823,0,,260.000,0.000,2
11,70.00,car_flow_E#10.2,250.838,4.441,1,,260.000,0.000,2
11,75.00,car_flow_E#10.3,101.508,11.535,0,,260.000,0.000,3
11,75.00,car_flow_E#10.1,250.742,0.214,0,,260.000,0.000,3
11,75.00,car_flow_E#10.2,257.438,0.068,0,,260.000,0.000,3
11,80.00,car_flow_E#10.3,159.417,11.594,0,,260.000,0.000,3
11,80.00,car_flow_E#10.1,265.754,7.354,0,,260.000,0.000,3
11,80.00,car_flow_E#10.2,278.077,9.129,0,,260.000,0.000,3
11,85.00,car_flow_E#10.4,20.154,12.432,0,,260.000,0.000,2
11,85.00,car_flow_E#10.3,217.251,11.486,0,,260.000,0.000,2
11,85.00,car_flow_E#10.1,319.239,11.410,0,,260.000,0.000,2
11,85.00,car_flow_E#10.2,342.146,11.320,0,,260.000,0.000,2
11,90.00,car_flow_E#10.4,82.922,12.447,0,,260.000,0.000,0
11,90.00,car_flow_E#10.3,274.976,11.577,0,,260.000,0.000,0
11,90.00,car_flow_E#10.2,362.519,0.000,0,,260.000,0.000,0
11,90.00,car_flow_E#10.1,353.400,2.280,1,,260.000,0.000,0
11,95.00,car_flow_E#10.4,145.666,12.468,0,,260.000,0.000,0
11,95.00,car_flow_E#10.3,332.670,11.177,0,,260.000,0.000,0
11,95.00,car_flow_E#10.5,28.853,15.177,1,,260.000,0.000,0
11,100.00,car_flow_E#10.4,208.361,12.428,0,,260.000,0.000,0
11,100.00,car_flow_E#10.3,362.519,0.000,0,,260.000,0.000,0
11,100.00,car_flow_E#10.5,104.470,15.218,1,,260.000,0.000,0
11,105.00,car_flow_E#10.6,2.836,14.183,0,,260.000,0.000,0
11,105.00,car_flow_E#10.4,271.111,12.545,0,,260.000,0.000,0
11,105.00,car_flow_E#10.3,362.519,0.000,0,,260.000,0.000,0
11,105.00,car_flow_E#10.5,179.977,15.026,1,,260.000,0.000,0
11,110.00,car_flow_E#10.6,73.420,14.165,0,,260.000,0.000,0
11,110.00,car_flow_E#10.4,333.881,12.581,0,,260.000,0.000,0
11,110.00,car_flow_E#10.7,45.062,16.184,1,,260.000,0.000,0
11,110.00,car_flow_E#10.5,225.693,9.574,1,,260.000,0.000,0
11,115.00,car_flow_E#10.6,143.961,14.080,0,,260.000,0.000,0
11,115.00,car_flow_E#10.5,255.566,1.886,0,,260.000,0.000,0
11,115.00,car_flow_E#10.4,362.519,0.000,0,,260.000,0.000,0
11,115.00,car_flow_E#10.7,125.362,16.160,1,,260.000,0.000,0
11,120.00,car_flow_E#10.8,45.248,13.422,0,,260.000,0.000,0
11,120.00,car_flow_E#10.6,214.481,13.958,0,,260.000,0.000,0
11,120.00,car_flow_E#10.5,294.703,13.448,0,,260.000,0.000,0
11,120.00,car_flow_E#10.4,362.519,0.000,0,,260.000,0.000,0
11,120.00,car_flow_E#10.7,169.331,5.539,1,,260.000,0.000,0
12,35.00,car_flow_E#10.0,50.166,16.724,1,,260.000,0.000,0
12,40.00,car_flow_E#10.1,14.517,14.466,0,,260.000,0.000,0
12,40.00,car_flow_E#10.0,133.905,16.781,1,,260.000,0.000,0
12,45.00,car_flow_E#10.1,87.463,14.490,0,,260.000,0.000,0
12,45.00,car_flow_E#10.0,181.013,6.177,1,,260.000,0.000,0
12,50.00,car_flow_E#10.1,160.485,14.528,0,,260.000,0.000,0
12,50.00,car_flow_E#10.0,203.080,6.667,1,,260.000,0.000,0
12,55.00,car_flow_E#10.1,229.266,9.899,0,,260.000,0.000,0
12,55.00,car_flow_E#10.3,1.982,14.370,1,,260.000,0.000,0
12,55.00,car_flow_E#10.2,51.594,13.482,1,,260.000,0.000,0
12,55.00,car_flow_E#10.0,247.523,5.911,1,,260.000,0.000,0
12,60.00,car_flow_E#10.5,7.176,14.447,0,257.372,260.000,2.628,0
12,60.00,car_flow_E#10.4,55.335,15.375,0,257.372,260.000,2.628,0
12,60.00,car_flow_E#10.1,250.740,0.000,0,257.372,260.000,2.628,0
12,60.00,car_flow_E#10.3,73.117,14.142,1,257.372,260.000,2.628,0
12,60.00,car_flow_E#10.2,118.849,13.396,1,257.372,260.000,2.628,0
12,60.00,car_flow_E#10.0,257.372,0.156,1,257.372,260.000,2.628,0
12,65.00,car_flow_E#10.5,78.869,14.390,0,,260.000,0.000,0
12,65.00,car_flow_E#10.4,132.168,15.266,0,,260.000,0.000,0
12,65.00,car_flow_E#10.2,186.045,13.486,0,,260.000,0.000,0
12,65.00,car_flow_E#10.1,256.064,4.194,0,,260.000,0.000,0
12,65.00,car_flow_E#10.0,265.987,5.834,0,,260.000,0.000,0
12,65.00,car_flow_E#10.3,144.317,14.244,1,,260.000,0.000,0
12,70.00,car_flow_E#10.5,147.099,11.386,0,,260.000,0.000,0
12,70.00,car_flow_E#10.4,198.084,14.671,0,,260.000,0.000,0
12,70.00,car_flow_E#10.2,253.172,13.441,0,,260.000,0.000,0
12,70.00,car_flow_E#10.1,305.904,14.465,0,,260.000,0.000,0
12,70.00,car_flow_E#10.0,326.447,16.730,0,,260.000,0.000,0
12,70.00,car_flow_E#10.3,178.738,3.548,1,,260.000,0.000,0
12,75.00,car_flow_E#10.5,215.630,14.427,0,,260.000,0.000,0
12,75.00,car_flow_E#10.4,274.772,15.353,0,,260.000,0.000,0
12,75.00,car_flow_E#10.2,318.797,10.966,0,,260.000,0.000,0
12,75.00,car_flow_E#10.1,352.948,2.895,0,,260.000,0.000,0
12,75.00,car_flow_E#10.0,363.040,0.000,0,,260.000,0.000,0
12,75.00,car_flow_E#10.3,197.183,6.712,1,,260.000,0.000,0
12,80.00,car_flow_E#10.5,287.236,14.400,0,,260.000,0.000,0
12,80.00,car_flow_E#10.4,340.228,12.544,0,,260.000,0.000,0
12,80.00,car_flow_E#10.3,244.983,6.767,1,,260.000,0.000,0
12,85.00,car_flow_E#10.6,33.996,12.201,0,,260.000,0.000,0
12,85.00,car_flow_E#10.3,284.068,12.601,0,,260.000,0.000,0
12,85.00,car_flow_E#10.5,359.119,14.255,0,,260.000,0.000,0
12,85.00,car_flow_E#10.7,52.473,15.285,1,,260.000,0.000,0
12,90.00,car_flow_E#10.8,35.767,13.633,0,,260.000,0.000,0
12,90.00,car_flow_E#10.6,94.651,12.056,0,,260.000,0.000,0
12,90.00,car_flow_E#10.3,349.637,9.066,0,,260.000,0.000,0
12,90.00,car_flow_E#10.9,4.374,14.138,1,,260.000,0.000,0
12,90.00,car_flow_E#10.7,129.524,15.560,1,,260.000,0.000,0
12,95.00,car_flow_E#10.10,12.009,13.672,0,,260.000,0.000,0
12,95.00,car_flow_E#10.8,104.451,13.798,0,,260.000,0.000,0
12,95.00,car_flow_E#10.6,150.858,8.463,0,,260.000,0.000,0
12,95.00,car_flow_E#10.9,75.513,14.272,1,,260.000,0.000,0
12,95.00,car_flow_E#10.7,170.348,4.754,1,,260.000,0.000,0
12,100.00,car_flow_E#10.11,2.973,12.876,0,,260.000,0.000,0
12,100.00,car_flow_E#10.10,80.250,13.698,0,,260.000,0.000,0
12,100.00,car_flow_E#10.8,173.215,13.875,0,,260.000,0.000,0
12,100.00,car_flow_E#10.6,208.330,12.092,0,,260.000,0.000,0
12,100.00,car_flow_E#10.9,146.383,13.587,1,,260.000,0.000,0
12,100.00,car_flow_E#10.7,190.026,6.608,1,,260.000,0.000,0
12,105.00,car_flow_E#10.12,37.546,12.952,0,,260.000,0.000,0
12,105.00,car_flow_E#10.11,66.734,12.834,0,,260.000,0.000,0
12,105.00,car_flow_E#10.10,148.317,13.541,0,,260.000,0.000,0
12,105.00,car_flow_E#10.8,240.100,10.748,0,,260.000,0.000,0
12,105.00,car_flow_E#10.6,269.016,12.139,0,,260.000,0.000,0
12,105.00,car_flow_E#10.13,1.717,15.173,1,,260.000,0.000,0
12,105.00,car_flow_E#10.9,177.540,2.968,1,,260.000,0.000,0
12,105.00,car_flow_E#10.7,240.504,7.370,1,,260.000,0.000,0
12,110.00,car_flow_E#10.14,29.372,14.215,0,,260.000,0.000,0
12,110.00,car_flow_E#10.12,102.691,12.952,0,,260.000,0.000,0
12,110.00,car_flow_E#10.11,130.432,12.702,0,,260.000,0.000,0
12,110.00,car_flow_E#10.10,216.083,12.540,0,,260.000,0.000,0
12,110.00,car_flow_E#10.7,258.321,2.881,0,,260.000,0.000,0
12,110.00,car_flow_E#10.8,305.036,13.054,0,,260.000,0.000,0
12,110.00,car_flow_E#10.6,329.641,12.001,0,,260.000,0.000,0
12,110.00,car_flow_E#10.13,76.773,15.050,1,,260.000,0.000,0
12,110.00,car_flow_E#10.9,194.647,6.255,1,,260.000,0.000,0
12,115.00,car_flow_E#10.14,100.818,14.442,0,,260.000,0.000,0
12,115.00,car_flow_E#10.12,167.889,13.148,0,,260.000,0.000,0
12,115.00,car_flow_E#10.11,193.983,12.788,0,,260.000,0.000,0
12,115.00,car_flow_E#10.10,276.422,13.493,0,,260.000,0.000,0
12,115.00,car_flow_E#10.7,302.138,14.137,0,,260.000,0.000,0
12,115.00,car_flow_E#10.8,350.080,4.059,0,,260.000,0.000,0
12,115.00,car_flow_E#10.6,362.519,0.014,0,,260.000,0.000,0
12,115.00,car_flow_E#10.13,152.006,15.094,1,,260.000,0.000,0
12,115.00,car_flow_E#10.9,242.644,7.280,1,,260.000,0.000,0
12,120.00,car_flow_E#10.14,172.240,14.227,0,,260.000,0.000,0
12,120.00,car_flow_E#10.12,233.039,13.057,0,,260.000,0.000,0
12,120.00,car_flow_E#10.11,256.309,12.768,0,,260.000,0.000,0
12,120.00,car_flow_E#10.9,285.094,13.442,0,,260.000,0.000,0
12,120.00,car_flow_E#10.10,331.230,6.938,0,,260.000,0.000,0
12,120.00,car_flow_E#10.7,348.758,4.547,0,,260.000,0.000,0
12,120.00,car_flow_E#10.6,362.519,0.000,0,,260.000,0.000,0
12,120.00,car_flow_E#10.13,198.028,9.583,1,,260.000,0.000,0
12,120.00,car_flow_E#10.8,362.519,0.001,1,,260.000,0.000,0
13,35.00,car_flow_E#10.0,25.792,12.332,0,,260.000,0.000,2
13,35.00,car_flow_E#10.1,48.141,16.561,1,,260.000,0.000,2
13,40.00,car_flow_E#10.0,87.234,12.318,0,,260.000,0.000,2
13,40.00,car_flow_E#10.1,131.564,16.632,1,,260.000,0.000,2
13,45.00,car_flow_E#10.0,147.252,10.504,0,,260.000,0.000,2
13,45.00,car_flow_E#10.1,177.708,5.628,1,,260.000,0.000,2
13,50.00,car_flow_E#10.2,57.504,12.936,0,,260.000,0.000,2
13,50.00,car_flow_E#10.0,207.778,12.284,0,,260.000,0.000,2
13,50.00,car_flow_E#10.4,16.900,14.277,1,,260.000,0.000,2
13,50.00,car_flow_E#10.1,199.168,7.020,1,,260.000,0.000,2
13,55.00,car_flow_E#10.3,33.643,10.265,0,,260.000,0.000,2
13,55.00,car_flow_E#10.2,122.078,12.950,0,,260.000,0.000,2
13,55.00,car_flow_E#10.0,269.415,12.345,0,,260.000,0.000,2
13,55.00,car_flow_E#10.5,51.680,14.834,1,,260.000,0.000,2
13,55.00,car_flow_E#10.4,88.162,14.105,1,,260.000,0.000,2
13,55.00,car_flow_E#10.1,245.991,6.410,1,,260.000,0.000,2
13,60.00,car_flow_E#10.3,84.397,10.247,0,,260.000,0.000,2
13,60.00,car_flow_E#10.2,186.794,13.037,0,,260.000,0.000,2
13,60.00,car_flow_E#10.1,283.412,12.310,0,,260.000,0.000,2
13,60.00,car_flow_E#10.0,330.944,12.434,0,,260.000,0.000,2
13,60.00,car_flow_E#10.5,126.662,15.083,1,,260.000,0.000,2
13,60.00,car_flow_E#10.4,159.302,14.135,1,,260.000,0.000,2
13,65.00,car_flow_E#10.6,23.568,11.834,0,,260.000,0.000,2
13,65.00,car_flow_E#10.3,135.290,10.122,0,,260.000,0.000,2
13,65.00,car_flow_E#10.2,251.389,12.894,0,,260.000,0.000,2
13,65.00,car_flow_E#10.1,361.722,16.768,0,,260.000,0.000,2
13,65.00,car_flow_E#10.5,165.224,4.324,1,,260.000,0.000,2
13,65.00,car_flow_E#10.4,200.650,8.524,1,,260.000,0.000,2
13,70.00,car_flow_E#10.9,5.522,12.529,0,,260.000,0.000,2
13,70.00,car_flow_E#10.7,31.341,10.457,0,,260.000,0.000,2
13,70.00,car_flow_E#10.6,82.390,11.655,0,,260.000,0.000,2
13,70.00,car_flow_E#10.3,186.152,10.298,0,,260.000,0.000,2
13,70.00,car_flow_E#10.2,316.088,12.907,0,,260.000,0.000,2
13,70.00,car_flow_E#10.8,37.376,12.329,1,,260.000,0.000,2
13,70.00,car_flow_E#10.5,184.312,6.482,1,,260.000,0.000,2
13,70.00,car_flow_E#10.4,248.457,5.433,1,,260.000,0.000,2
13,75.00,car_flow_E#10.10,4.593,11.581,0,,260.000,0.000,2
13,75.00,car_flow_E#10.7,84.147,10.708,0,,260.000,0.000,2
13,75.00,car_flow_E#10.6,141.138,11.784,0,,260.000,0.000,2
13,75.00,car_flow_E#10.3,237.237,10.199,0,,260.000,0.000,2
13,75.00,car_flow_E#10.4,283.572,12.233,0,,260.000,0.000,2
13,75.00,car_flow_E#10.2,361.635,2.558,0,,260.000,0.000,2
13,75.00,car_flow_E#10.9,70.879,13.785,1,,260.000,0.000,2
13,75.00,car_flow_E#10.8,99.483,12.307,1,,260.000,0.000,2
13,75.00,car_flow_E#10.5,236.243,8.233,1,,260.000,0.000,2
13,80.00,car_flow_E#10.10,62.104,11.499,0,,260.000,0.000,2
13,80.00,car_flow_E#10.7,137.000,10.585,0,,260.000,0.000,2
13,80.00,car_flow_E#10.6,199.849,11.647,0,,260.000,0.000,2
13,80.00,car_flow_E#10.5,257.093,2.109,0,,260.000,0.000,2
13,80.00,car_flow_E#10.3,288.214,10.199,0,,260.000,0.000,2
13,80.00,car_flow_E#10.4,354.075,14.291,0,,260.000,0.000,2
13,80.00,car_flow_E#10.9,138.469,12.955,1,,260.000,0.000,2
13,80.00,car_flow_E#10.8,161.709,12.394,1,,260.000,0.000,2
13,85.00,car_flow_E#10.10,119.454,11.578,0,,260.000,0.000,2
13,85.00,car_flow_E#10.7,189.928,10.624,0,,260.000,0.000,2
13,85.00,car_flow_E#10.6,258.584,11.658,0,,260.000,0.000,2
13,85.00,car_flow_E#10.5,297.486,13.407,0,,260.000,0.000,2
13,85.00,car_flow_E#10.3,338.404,8.540,0,,260.000,0.000,2
13,85.00,car_flow_E#10.4,363.520,0.000,0,,260.000,0.000,2
13,85.00,car_flow_E#10.9,167.237,3.010,1,,260.000,0.000,2
13,85.00,car_flow_E#10.8,193.987,6.756,1,,260.000,0.000,2
13,90.00,car_flow_E#10.11,62.971,13.638,0,,260.000,0.000,2
13,90.00,car_flow_E#10.10,176.968,11.484,0,,260.000,0.000,2
13,90.00,car_flow_E#10.7,238.265,5.628,0,,260.000,0.000,2
13,90.00,car_flow_E#10.6,317.319,11.566,0,,260.000,0.000,2
13,90.00,car_flow_E#10.5,347.789,7.066,0,,260.000,0.000,2
13,90.00,car_flow_E#10.12,51.886,15.581,1,,260.000,0.000,2
13,90.00,car_flow_E#10.9,184.116,6.315,1,,260.000,0.000,2
13,90.00,car_flow_E#10.8,243.438,7.233,1,,260.000,0.000,2
13,95.00,car_flow_E#10.11,131.922,13.924,0,257.251,260.000,2.749,2
13,95.00,car_flow_E#10.10,228.282,5.872,0,257.251,260.000,2.749,2
13,95.00,car_flow_E#10.7,249.909,0.780,0,257.251,260.000,2.749,2
13,95.00,car_flow_E#10.12,129.869,15.503,1,257.251,260.000,2.749,2
13,95.00,car_flow_E#10.9,234.018,8.000,1,257.251,260.000,2.749,2
13,95.00,car_flow_E#10.8,257.251,0.309,1,257.251,260.000,2.749,2
13,100.00,car_flow_E#10.13,1.037,13.401,0,246.187,260.000,13.813,2
13,100.00,car_flow_E#10.11,199.990,12.043,0,246.187,260.000,13.813,2
13,100.00,car_flow_E#10.10,239.354,0.290,0,246.187,260.000,13.813,2
13,100.00,car_flow_E#10.7,251.830,1.716,0,246.187,260.000,13.813,2
13,100.00,car_flow_E#10.8,259.755,3.187,0,246.187,260.000,13.813,2
13,100.00,car_flow_E#10.12,170.434,4.595,1,246.187,260.000,13.813,2
13,100.00,car_flow_E#10.9,246.187,0.000,1,246.187,260.000,13.813,2
13,105.00,car_flow_E#10.13,67.587,13.301,0,,260.000,0.000,0
13,105.00,car_flow_E#10.11,237.446,6.212,0,,260.000,0.000,0
13,105.00,car_flow_E#10.10,251.814,5.519,0,,260.000,0.000,0
13,105.00,car_flow_E#10.9,262.981,6.824,0,,260.000,0.000,0
13,105.00,car_flow_E#10.7,287.042,10.688,0,,260.000,0.000,0
13,105.00,car_flow_E#10.8,303.841,12.413,0,,260.000,0.000,0
13,105.00,car_flow_E#10.12,190.309,6.819,1,,260.000,0.000,0
13,110.00,car_flow_E#10.15,20.918,13.102,0,,260.000,0.000,0
13,110.00,car_flow_E#10.14,58.108,13.194,0,,260.000,0.000,0
13,110.00,car_flow_E#10.13,134.284,13.413,0,,260.000,0.000,0
13,110.00,car_flow_E#10.11,283.645,10.281,0,,260.000,0.000,0
13,110.00,car_flow_E#10.10,300.318,10.175,0,,260.000,0.000,0
13,110.00,car_flow_E#10.9,316.485,10.300,0,,260.000,0.000,0
13,110.00,car_flow_E#10.7,338.519,8.293,0,,260.000,0.000,0
13,110.00,car_flow_E#10.8,357.666,5.639,0,,260.000,0.000,0
13,110.00,car_flow_E#10.16,11.493,14.836,1,,260.000,0.000,0
13,110.00,car_flow_E#10.12,241.611,7.765,1,,260.000,0.000,0
13,115.00,car_flow_E#10.17,35.206,13.675,0,,260.000,0.000,4
13,115.00,car_flow_E#10.15,86.026,13.049,0,,260.000,0.000,4
13,115.00,car_flow_E#10.14,124.022,13.051,0,,260.000,0.000,4
13,115.00,car_flow_E#10.13,200.773,13.359,0,,260.000,0.000,4
13,115.00,car_flow_E#10.12,285.702,11.822,0,,260.000,0.000,4
13,115.00,car_flow_E#10.11,321.172,5.106,0,,260.000,0.000,4
13,115.00,car_flow_E#10.10,334.307,4.043,0,,260.000,0.000,4
13,115.00,car_flow_E#10.8,362.519,0.000,0,,260.000,0.000,4
13,115.00,car_flow_E#10.16,85.392,14.841,1,,260.000,0.000,4
13,115.00,car_flow_E#10.9,346.266,3.239,1,,260.000,0.000,4
13,115.00,car_flow_E#10.7,356.805,2.884,1,,260.000,0.000,4
13,120.00,car_flow_E#10.18,20.101,12.101,0,,260.000,0.000,4
13,120.00,car_flow_E#10.17,102.783,13.567,0,,260.000,0.000,4
13,120.00,car_flow_E#10.15,151.141,13.056,0,,260.000,0.000,4
13,120.00,car_flow_E#10.14,189.998,13.305,0,,260.000,0.000,4
13,120.00,car_flow_E#10.13,267.245,13.400,0,,260.000,0.000,4
13,120.00,car_flow_E#10.12,327.786,5.894,0,,260.000,0.000,4
13,120.00,car_flow_E#10.11,343.429,3.751,0,,260.000,0.000,4
13,120.00,car_flow_E#10.8,362.519,0.000,0,,260.000,0.000,4
13,120.00,car_flow_E#10.16,159.288,14.903,1,,260.000,0.000,4
13,120.00,car_flow_E#10.10,347.801,1.323,1,,260.000,0.000,4
13,120.00,car_flow_E#10.9,355.642,0.456,1,,260.000,0.000,4
13,120.00,car_flow_E#10.7,362.519,0.000,1,,260.000,0.000,4
14,35.00,car_flow_E#10.0,39.314,13.078,0,,260.000,0.000,0
14,40.00,car_flow_E#10.1,63.845,12.861,0,,260.000,0.000,0
14,40.00,car_flow_E#10.0,105.140,13.040,0,,260.000,0.000,0
14,40.00,car_flow_E#10.2,25.792,14.473,1,,260.000,0.000,0
14,45.00,car_flow_E#10.3,8.210,13.781,0,,260.000,0.000,0
14,45.00,car_flow_E#10.1,127.480,12.631,0,,260.000,0.000,0
14,45.00,car_flow_E#10.0,170.805,13.147,0,,260.000,0.000,0
14,45.00,car_flow_E#10.2,97.481,14.399,1,,260.000,0.000,0
14,50.00,car_flow_E#10.3,76.687,13.648,0,,260.000,0.000,2
14,50.00,car_flow_E#10.1,191.269,12.816,0,,260.000,0.000,2
14,50.00,car_flow_E#10.0,236.481,12.994,0,,260.000,0.000,2
14,50.00,car_flow_E#10.2,168.640,13.632,1,,260.000,0.000,2
14,55.00,car_flow_E#10.3,145.126,13.774,0,,260.000,0.000,4
14,55.00,car_flow_E#10.1,255.042,12.633,0,,260.000,0.000,4
14,55.00,car_flow_E#10.0,302.081,13.016,0,,260.000,0.000,4
14,55.00,car_flow_E#10.2,206.895,7.702,1,,260.000,0.000,4
14,60.00,car_flow_E#10.3,212.768,12.003,0,,260.000,0.000,5
14,60.00,car_flow_E#10.1,318.792,12.640,0,,260.000,0.000,5
14,60.00,car_flow_E#10.0,357.691,5.644,0,,260.000,0.000,5
14,60.00,car_flow_E#10.2,250.380,4.616,1,,260.000,0.000,5
14,65.00,car_flow_E#10.3,248.005,3.011,0,257.434,260.000,2.566,6
14,65.00,car_flow_E#10.4,49.453,14.924,1,257.434,260.000,2.566,6
14,65.00,car_flow_E#10.2,257.434,0.078,1,257.434,260.000,2.566,6
14,65.00,car_flow_E#10.1,354.315,2.925,1,257.434,260.000,2.566,6
14,70.00,car_flow_E#10.5,32.766,11.706,0,,260.000,0.000,4
14,70.00,car_flow_E#10.3,251.503,1.274,0,,260.000,0.000,4
14,70.00,car_flow_E#10.2,259.161,2.673,0,,260.000,0.000,4
14,70.00,car_flow_E#10.7,1.550,14.060,1,,260.000,0.000,4
14,70.00,car_flow_E#10.6,40.548,14.591,1,,260.000,0.000,4
14,70.00,car_flow_E#10.4,124.689,15.162,1,,260.000,0.000,4
14,70.00,car_flow_E#10.1,363.485,0.331,1,,260.000,0.000,4
14,75.00,car_flow_E#10.5,91.518,11.875,0,,260.000,0.000,0
14,75.00,car_flow_E#10.3,284.118,11.589,0,,260.000,0.000,0
14,75.00,car_flow_E#10.2,299.910,13.711,0,,260.000,0.000,0
14,75.00,car_flow_E#10.7,71.277,14.042,1,,260.000,0.000,0
14,75.00,car_flow_E#10.6,113.026,14.440,1,,260.000,0.000,0
14,75.00,car_flow_E#10.4,163.596,4.299,1,,260.000,0.000,0
14,75.00,car_flow_E#10.1,363.485,0.000,1,,260.000,0.000,0
14,80.00,car_flow_E#10.5,150.144,11.720,0,,260.000,0.000,0
14,80.00,car_flow_E#10.3,341.920,7.165,0,,260.000,0.000,0
14,80.00,car_flow_E#10.2,357.770,5.607,0,,260.000,0.000,0
14,80.00,car_flow_E#10.7,136.490,10.908,1,,260.000,0.000,0
14,80.00,car_flow_E#10.6,163.409,7.918,1,,260.000,0.000,0
14,80.00,car_flow_E#10.4,182.429,6.223,1,,260.000,0.000,0
14,80.00,car_flow_E#10.1,363.485,0.000,1,,260.000,0.000,0
14,85.00,car_flow_E#10.5,208.832,11.609,0,,260.000,0.000,0
14,85.00,car_flow_E#10.3,355.751,0.305,0,,260.000,0.000,0
14,85.00,car_flow_E#10.2,362.519,0.000,0,,260.000,0.000,0
14,85.00,car_flow_E#10.7,161.325,2.930,1,,260.000,0.000,0
14,85.00,car_flow_E#10.6,187.603,7.001,1,,260.000,0.000,0
14,85.00,car_flow_E#10.4,234.469,9.611,1,,260.000,0.000,0
14,85.00,car_flow_E#10.1,363.485,0.000,1,,260.000,0.000,0
14,90.00,car_flow_E#10.8,34.578,15.907,0,,260.000,0.000,0
14,90.00,car_flow_E#10.5,263.646,11.880,0,,260.000,0.000,0
14,90.00,car_flow_E#10.4,288.775,15.111,0,,260.000,0.000,0
14,90.00,car_flow_E#10.3,356.017,0.002,0,,260.000,0.000,0
14,90.00,car_flow_E#10.2,362.519,0.000,0,,260.000,0.000,0
14,90.00,car_flow_E#10.7,178.415,6.467,1,,260.000,0.000,0
14,90.00,car_flow_E#10.6,240.383,8.087,1,,260.000,0.000,0
14,90.00,car_flow_E#10.1,363.485,0.000,1,,260.000,0.000,0
14,95.00,car_flow_E#10.8,113.359,15.816,0,,260.000,0.000,0
14,95.00,car_flow_E#10.6,284.677,13.089,0,,260.000,0.000,0
14,95.00,car_flow_E#10.5,319.381,8.463,0,,260.000,0.000,0
14,95.00,car_flow_E#10.4,341.155,5.120,0,,260.000,0.000,0
14,95.00,car_flow_E#10.3,356.018,0.000,0,,260.000,0.000,0
14,95.00,car_flow_E#10.2,362.519,0.000,0,,260.000,0.000,0
14,95.00,car_flow_E#10.7,232.500,10.153,1,,260.000,0.000,0
14,95.00,car_flow_E#10.1,363.485,0.000,1,,260.000,0.000,0
14,100.00,car_flow_E#10.10,23.479,11.587,0,,260.000,0.000,0
14,100.00,car_flow_E#10.9,58.998,11.935,0,,260.000,0.000,0
14,100.00,car_flow_E#10.8,192.224,15.648,0,,260.000,0.000,0
14,100.00,car_flow_E#10.7,287.370,12.573,0,,260.000,0.000,0
14,100.00,car_flow_E#10.6,327.699,4.604,0,,260.000,0.000,0
14,100.00,car_flow_E#10.5,341.526,1.302,0,,260.000,0.000,0
14,100.00,car_flow_E#10.4,349.419,0.115,0,,260.000,0.000,0
14,100.00,car_flow_E#10.3,356.018,0.000,0,,260.000,0.000,0
14,100.00,car_flow_E#10.2,362.519,0.000,0,,260.000,0.000,0
14,100.00,car_flow_E#10.1,363.485,0.000,1,,260.000,0.000,0
14,105.00,car_flow_E#10.11,41.196,12.240,0,,260.000,0.000,0
14,105.00,car_flow_E#10.10,81.970,11.710,0,,260.000,0.000,0
14,105.00,car_flow_E#10.9,119.429,12.149,0,,260.000,0.000,0
14,105.00,car_flow_E#10.8,270.762,15.080,0,,260.000,0.000,0
14,105.00,car_flow_E#10.7,325.475,3.378,0,,260.000,0.000,0
14,105.00,car_flow_E#10.6,336.348,0.184,0,,260.000,0.000,0
14,105.00,car_flow_E#10.5,343.004,0.013,0,,260.000,0.000,0
14,105.00,car_flow_E#10.4,349.516,0.001,0,,260.000,0.000,0
14,105.00,car_flow_E#10.3,356.018,0.000,0,,260.000,0.000,0
14,105.00,car_flow_E#10.2,362.519,0.000,0,,260.000,0.000,0
14,105.00,car_flow_E#10.12,21.544,15.754,1,,260.000,0.000,0
14,105.00,car_flow_E#10.1,363.485,0.000,1,,260.000,0.000,0
14,110.00,car_flow_E#10.11,102.811,12.203,0,,260.000,0.000,0
14,110.00,car_flow_E#10.10,140.472,11.675,0,,260.000,0.000,0
14,110.00,car_flow_E#10.9,179.847,12.060,0,,260.000,0.000,0
14,110.00,car_flow_E#10.8,320.119,7.259,0,,260.000,0.000,0
14,110.00,car_flow_E#10.4,349.517,0.000,0,,260.000,0.000,0
14,110.00,car_flow_E#10.3,356.018,0.000,0,,260.000,0.000,0
14,110.00,car_flow_E#10.2,362.519,0.000,0,,260.000,0.000,0
14,110.00,car_flow_E#10.12,99.639,15.647,1,,260.000,0.000,0
14,110.00,car_flow_E#10.7,336.307,2.519,1,,260.000,0.000,0
14,110.00,car_flow_E#10.6,345.620,2.489,1,,260.000,0.000,0
14,110.00,car_flow_E#10.5,354.985,1.867,1,,260.000,0.000,0
14,110.00,car_flow_E#10.1,363.485,0.000,1,,260.000,0.000,0
14,115.00,car_flow_E#10.13,6.694,11.224,0,,260.000,0.000,0
14,115.00,car_flow_E#10.11,164.149,11.585,0,,260.000,0.000,0
14,115.00,car_flow_E#10.10,199.069,11.718,0,,260.000,0.000,0
14,115.00,car_flow_E#10.9,240.276,12.137,0,,260.000,0.000,0
14,115.00,car_flow_E#10.8,342.126,0.907,0,,260.000,0.000,0
14,115.00,car_flow_E#10.4,349.517,0.000,0,,260.000,0.000,0
14,115.00,car_flow_E#10.3,356.018,0.000,0,,260.000,0.000,0
14,115.00,car_flow_E#10.2,362.519,0.000,0,,260.000,0.000,0
14,115.00,car_flow_E#10.12,175.929,13.168,1,,260.000,0.000,0
14,115.00,car_flow_E#10.7,343.576,0.368,1,,260.000,0.000,0
14,115.00,car_flow_E#10.6,350.399,0.089,1,,260.000,0.000,0
14,115.00,car_flow_E#10.5,356.975,0.011,1,,260.000,0.000,0
14,115.00,car_flow_E#10.1,363.485,0.000,1,,260.000,0.000,0
14,120.00,car_flow_E#10.13,63.079,11.183,0,,260.000,0.000,0
14,120.00,car_flow_E#10.11,225.343,12.180,0,,260.000,0.000,0
14,120.00,car_flow_E#10.10,257.720,11.721,0,,260.000,0.000,0
14,120.00,car_flow_E#10.9,300.561,12.018,0,,260.000,0.000,0
14,120.00,car_flow_E#10.8,352.072,5.967,0,,260.000,0.000,0
14,120.00,car_flow_E#10.4,363.182,7.516,0,,260.000,0.000,0
14,120.00,car_flow_E#10.12,212.465,7.870,1,,260.000,0.000,0
14,120.00,car_flow_E#10.7,352.982,5.735,1,,260.000,0.000,0
15,30.00,car_flow_E#10.0,17.807,11.705,0,,260.000,0.000,0
15,30.00,car_flow_E#10.1,36.409,15.070,1,,260.000,0.000,0
15,35.00,car_flow_E#10.2,15.614,12.698,0,,260.000,0.000,0
15,35.00,car_flow_E#10.0,75.887,11.571,0,,260.000,0.000,0
15,35.00,car_flow_E#10.1,112.311,15.247,1,,260.000,0.000,0
15,40.00,car_flow_E#10.2,79.096,12.718,0,,260.000,0.000,0
15,40.00,car_flow_E#10.0,133.927,11.524,0,,260.000,0.000,0
15,40.00,car_flow_E#10.1,188.182,15.256,0,,260.000,0.000,0
15,45.00,car_flow_E#10.3,23.169,12.694,0,,260.000,0.000,2
15,45.00,car_flow_E#10.2,142.696,12.723,0,,260.000,0.000,2
15,45.00,car_flow_E#10.0,191.984,11.733,0,,260.000,0.000,2
15,45.00,car_flow_E#10.1,264.271,15.181,0,,260.000,0.000,2
15,45.00,car_flow_E#10.4,5.075,13.765,1,,260.000,0.000,2
15,50.00,car_flow_E#10.3,86.908,12.661,0,,260.000,0.000,2
15,50.00,car_flow_E#10.2,206.404,12.627,0,,260.000,0.000,2
15,50.00,car_flow_E#10.0,249.807,11.618,0,,260.000,0.000,2
15,50.00,car_flow_E#10.1,338.454,12.237,0,,260.000,0.000,2
15,50.00,car_flow_E#10.4,73.667,13.703,1,,260.000,0.000,2
15,55.00,car_flow_E#10.3,150.349,12.632,0,,260.000,0.000,2
15,55.00,car_flow_E#10.2,270.012,12.851,0,,260.000,0.000,2
15,55.00,car_flow_E#10.0,307.777,11.732,0,,260.000,0.000,2
15,55.00,car_flow_E#10.1,362.519,0.000,0,,260.000,0.000,2
15,55.00,car_flow_E#10.5,47.942,16.766,1,,260.000,0.000,2
15,55.00,car_flow_E#10.4,142.269,13.843,1,,260.000,0.000,2
15,60.00,car_flow_E#10.7,10.780,12.634,0,,260.000,0.000,2
15,60.00,car_flow_E#10.6,46.805,13.071,0,,260.000,0.000,2
15,60.00,car_flow_E#10.3,214.060,12.744,0,,260.000,0.000,2
15,60.00,car_flow_E#10.2,333.745,12.582,0,,260.000,0.000,2
15,60.00,car_flow_E#10.5,128.502,13.344,1,,260.000,0.000,2
15,60.00,car_flow_E#10.4,174.649,3.084,1,,260.000,0.000,2
15,65.00,car_flow_E#10.9,3.767,13.641,0,,260.000,0.000,2
15,65.00,car_flow_E#10.7,74.106,12.686,0,,260.000,0.000,2
15,65.00,car_flow_E#10.6,111.831,12.921,0,,260.000,0.000,2
15,65.00,car_flow_E#10.3,277.833,12.829,0,,260.000,0.000,2
15,65.00,car_flow_E#10.2,362.519,0.000,0,,260.000,0.000,2
15,65.00,car_flow_E#10.8,64.315,16.149,1,,260.000,0.000,2
15,65.00,car_flow_E#10.5,158.715,3.078,1,,260.000,0.000,2
15,65.00,car_flow_E#10.4,192.237,6.568,1,,260.000,0.000,2
15,70.00,car_flow_E#10.9,72.504,13.764,0,,260.000,0.000,2
15,70.00,car_flow_E#10.7,137.367,12.761,0,,260.000,0.000,2
15,70.00,car_flow_E#10.6,177.015,13.034,0,,260.000,0.000,2
15,70.00,car_flow_E#10.3,341.517,12.844,0,,260.000,0.000,2
15,70.00,car_flow_E#10.8,138.863,12.579,1,,260.000,0.000,2
15,70.00,car_flow_E#10.5,176.195,6.713,1,,260.000,0.000,2
15,70.00,car_flow_E#10.4,242.274,7.437,1,,260.000,0.000,2
15,75.00,car_flow_E#10.11,13.024,12.268,0,,260.000,0.000,4
15,75.00,car_flow_E#10.10,40.291,11.771,0,,260.000,0.000,4
15,75.00,car_flow_E#10.9,141.263,13.248,0,,260.000,0.000,4
15,75.00,car_flow_E#10.7,200.324,12.270,0,,260.000,0.000,4
15,75.00,car_flow_E#10.6,242.359,12.868,0,,260.000,0.000,4
15,75.00,car_flow_E#10.4,285.131,13.378,0,,260.000,0.000,4
15,75.00,car_flow_E#10.3,363.123,0.000,0,,260.000,0.000,4
15,75.00,car_flow_E#10.8,166.830,2.996,1,,260.000,0.000,4
15,75.00,car_flow_E#10.5,232.067,10.304,1,,260.000,0.000,4
15,80.00,car_flow_E#10.11,73.857,12.252,0,,260.000,0.000,4
15,80.00,car_flow_E#10.10,99.360,11.768,0,,260.000,0.000,4
15,80.00,car_flow_E#10.9,208.115,11.559,0,,260.000,0.000,4
15,80.00,car_flow_E#10.7,243.054,4.386,0,,260.000,0.000,4
15,80.00,car_flow_E#10.6,307.322,13.034,0,,260.000,0.000,4
15,80.00,car_flow_E#10.4,344.094,8.129,0,,260.000,0.000,4
15,80.00,car_flow_E#10.8,183.828,6.497,1,,260.000,0.000,4
15,80.00,car_flow_E#10.5,256.532,1.078,1,,260.000,0.000,4
15,85.00,car_flow_E#10.13,1.750,13.005,0,,260.000,0.000,5
15,85.00,car_flow_E#10.12,36.855,13.062,0,,260.000,0.000,5
15,85.00,car_flow_E#10.11,134.625,12.233,0,,260.000,0.000,5
15,85.00,car_flow_E#10.10,158.452,11.687,0,,260.000,0.000,5
15,85.00,car_flow_E#10.9,241.345,2.505,0,,260.000,0.000,5
15,85.00,car_flow_E#10.7,250.867,0.148,0,,260.000,0.000,5
15,85.00,car_flow_E#10.5,257.494,0.006,0,,260.000,0.000,5
15,85.00,car_flow_E#10.6,350.692,3.603,0,,260.000,0.000,5
15,85.00,car_flow_E#10.4,362.519,0.000,0,,260.000,0.000,5
15,85.00,car_flow_E#10.8,233.616,6.803,1,,260.000,0.000,5
15,90.00,car_flow_E#10.13,66.162,12.782,0,,260.000,0.000,4
15,90.00,car_flow_E#10.12,102.916,13.201,0,,260.000,0.000,4
15,90.00,car_flow_E#10.11,194.623,10.607,0,,260.000,0.000,4
15,90.00,car_flow_E#10.10,215.442,9.456,0,,260.000,0.000,4
15,90.00,car_flow_E#10.9,255.352,6.658,0,,260.000,0.000,4
15,90.00,car_flow_E#10.7,266.926,8.267,0,,260.000,0.000,4
15,90.00,car_flow_E#10.5,280.908,10.330,0,,260.000,0.000,4
15,90.00,car_flow_E#10.4,362.519,0.000,0,,260.000,0.000,4
15,90.00,car_flow_E#10.8,244.635,2.945,1,,260.000,0.000,4
15,90.00,car_flow_E#10.6,362.519,0.000,1,,260.000,0.000,4
15,95.00,car_flow_E#10.14,42.872,13.631,0,257.222,260.000,2.778,4
15,95.00,car_flow_E#10.13,130.598,12.861,0,257.222,260.000,2.778,4
15,95.00,car_flow_E#10.12,168.916,13.304,0,257.222,260.000,2.778,4
15,95.00,car_flow_E#10.11,234.526,4.836,0,257.222,260.000,2.778,4
15,95.00,car_flow_E#10.10,248.087,3.214,0,257.222,260.000,2.778,4
15,95.00,car_flow_E#10.9,306.079,9.126,0,257.222,260.000,2.778,4
15,95.00,car_flow_E#10.7,322.307,9.012,0,257.222,260.000,2.778,4
15,95.00,car_flow_E#10.5,339.953,7.757,0,257.222,260.000,2.778,4
15,95.00,car_flow_E#10.4,362.519,0.000,0,257.222,260.000,2.778,4
15,95.00,car_flow_E#10.8,257.222,0.336,1,257.222,260.000,2.778,4
15,95.00,car_flow_E#10.6,362.519,0.000,1,257.222,260.000,2.778,4
15,100.00,car_flow_E#10.14,110.455,13.585,0,,260.000,0.000,4
15,100.00,car_flow_E#10.13,194.417,11.373,0,,260.000,0.000,4
15,100.00,car_flow_E#10.12,224.807,6.732,0,,260.000,0.000,4
15,100.00,car_flow_E#10.11,244.318,0.204,0,,260.000,0.000,4
15,100.00,car_flow_E#10.10,250.990,0.008,0,,260.000,0.000,4
15,100.00,car_flow_E#10.8,257.498,0.002,0,,260.000,0.000,4
15,100.00,car_flow_E#10.9,336.036,3.299,0,,260.000,0.000,4
15,100.00,car_flow_E#10.7,346.914,1.879,0,,260.000,0.000,4
15,100.00,car_flow_E#10.5,355.653,0.427,0,,260.000,0.000,4
15,100.00,car_flow_E#10.4,362.519,0.000,0,,260.000,0.000,4
15,100.00,car_flow_E#10.6,362.519,0.000,1,,260.000,0.000,4
15,105.00,car_flow_E#10.15,63.498,12.620,0,,260.000,0.000,4
15,105.00,car_flow_E#10.14,178.155,13.511,0,,260.000,0.000,4
15,105.00,car_flow_E#10.13,229.950,5.200,0,,260.000,0.000,4
15,105.00,car_flow_E#10.12,243.057,4.820,0,,260.000,0.000,4
15,105.00,car_flow_E#10.11,253.724,6.098,0,,260.000,0.000,4
15,105.00,car_flow_E#10.10,264.730,7.583,0,,260.000,0.000,4
15,105.00,car_flow_E#10.8,278.201,9.496,0,,260.000,0.000,4
15,105.00,car_flow_E#10.9,342.822,0.190,0,,260.000,0.000,4
15,105.00,car_flow_E#10.7,349.490,0.030,0,,260.000,0.000,4
15,105.00,car_flow_E#10.5,356.016,0.002,0,,260.000,0.000,4
15,105.00,car_flow_E#10.4,362.519,0.000,0,,260.000,0.000,4
15,105.00,car_flow_E#10.16,50.855,15.754,1,,260.000,0.000,4
15,105.00,car_flow_E#10.6,362.519,0.000,1,,260.000,0.000,4
15,110.00,car_flow_E#10.15,127.095,12.733,0,,260.000,0.000,2
15,110.00,car_flow_E#10.14,242.079,10.847,0,,260.000,0.000,2
15,110.00,car_flow_E#10.13,268.797,7.824,0,,260.000,0.000,2
15,110.00,car_flow_E#10.12,283.516,7.268,0,,260.000,0.000,2
15,110.00,car_flow_E#10.11,297.795,7.226,0,,260.000,0.000,2
15,110.00,car_flow_E#10.10,312.325,6.638,0,,260.000,0.000,2
15,110.00,car_flow_E#10.8,327.489,5.458,0,,260.000,0.000,2
15,110.00,car_flow_E#10.7,349.517,0.000,0,,260.000,0.000,2
15,110.00,car_flow_E#10.5,356.018,0.000,0,,260.000,0.000,2
15,110.00,car_flow_E#10.4,362.519,0.000,0,,260.000,0.000,2
15,110.00,car_flow_E#10.16,129.391,15.863,1,,260.000,0.000,2
15,110.00,car_flow_E#10.9,343.014,0.002,1,,260.000,0.000,2
15,110.00,car_flow_E#10.6,362.519,0.000,1,,260.000,0.000,2
15,115.00,car_flow_E#10.15,190.439,12.759,0,,260.000,0.000,2
15,115.00,car_flow_E#10.14,282.970,5.948,0,,260.000,0.000,2
15,115.00,car_flow_E#10.13,298.010,4.589,0,,260.000,0.000,2
15,115.00,car_flow_E#10.12,309.804,3.938,0,,260.000,0.000,2
15,115.00,car_flow_E#10.11,320.925,3.571,0,,260.000,0.000,2
15,115.00,car_flow_E#10.10,331.553,3.857,0,,260.000,0.000,2
15,115.00,car_flow_E#10.8,341.930,4.943,0,,260.000,0.000,2
15,115.00,car_flow_E#10.16,171.876,5.090,1,,260.000,0.000,2
15,115.00,car_flow_E#10.9,352.049,6.020,1,,260.000,0.000,2
15,120.00,car_flow_E#10.15,253.744,12.825,0,,260.000,0.000,2
15,120.00,car_flow_E#10.14,312.500,5.830,0,,260.000,0.000,2
15,120.00,car_flow_E#10.13,325.625,5.395,0,,260.000,0.000,2
15,120.00,car_flow_E#10.12,338.071,4.846,0,,260.000,0.000,2
15,120.00,car_flow_E#10.11,350.307,3.979,0,,260.000,0.000,2
15,120.00,car_flow_E#10.8,362.519,0.000,0,,260.000,0.000,2
15,120.00,car_flow_E#10.16,191.571,6.158,1,,260.000,0.000,2
15,120.00,car_flow_E#10.10,354.413,1.590,1,,260.000,0.000,2
15,120.00,car_flow_E#10.9,362.519,0.000,1,,260.000,0.000,2
16,25.00,car_flow_E#10.1,1.822,14.385,0,,260.000,0.000,0
16,25.00,car_flow_E#10.0,36.418,14.036,0,,260.000,0.000,0
16,30.00,car_flow_E#10.2,2.441,11.356,0,,260.000,0.000,0
16,30.00,car_flow_E#10.1,73.165,14.211,0,,260.000,0.000,0
16,30.00,car_flow_E#10.0,106.788,13.902,0,,260.000,0.000,0
16,35.00,car_flow_E#10.3,28.880,13.114,0,,260.000,0.000,0
16,35.00,car_flow_E#10.2,58.831,11.396,0,,260.000,0.000,0
16,35.00,car_flow_E#10.1,144.589,14.160,0,,260.000,0.000,0
16,35.00,car_flow_E#10.0,177.120,14.064,0,,260.000,0.000,0
16,35.00,car_flow_E#10.4,27.235,15.032,1,,260.000,0.000,0
16,40.00,car_flow_E#10.3,92.476,12.142,0,,260.000,0.000,0
16,40.00,car_flow_E#10.2,115.257,11.306,0,,260.000,0.000,0
16,40.00,car_flow_E#10.1,215.802,14.227,0,,260.000,0.000,0
16,40.00,car_flow_E#10.0,247.366,13.956,0,,260.000,0.000,0
16,40.00,car_flow_E#10.5,18.043,13.233,1,,260.000,0.000,0
16,40.00,car_flow_E#10.4,102.603,14.981,1,,260.000,0.000,0
16,45.00,car_flow_E#10.6,52.989,13.118,0,,260.000,0.000,0
16,45.00,car_flow_E#10.3,151.685,11.602,0,,260.000,0.000,0
16,45.00,car_flow_E#10.2,171.734,11.371,0,,260.000,0.000,0
16,45.00,car_flow_E#10.1,287.061,14.113,0,,260.000,0.000,0
16,45.00,car_flow_E#10.0,317.690,13.915,0,,260.000,0.000,0
16,45.00,car_flow_E#10.7,27.980,14.576,1,,260.000,0.000,0
16,45.00,car_flow_E#10.5,84.773,13.295,1,,260.000,0.000,0
16,45.00,car_flow_E#10.4,178.007,15.177,1,,260.000,0.000,0
16,50.00,car_flow_E#10.8,9.372,11.837,0,,260.000,0.000,0
16,50.00,car_flow_E#10.6,119.125,13.245,0,,260.000,0.000,0
16,50.00,car_flow_E#10.2,228.107,11.420,0,,260.000,0.000,0
16,50.00,car_flow_E#10.1,344.242,6.284,0,,260.000,0.000,0
16,50.00,car_flow_E#10.0,362.064,1.949,0,,260.000,0.000,0
16,50.00,car_flow_E#10.7,101.607,14.827,1,,260.000,0.000,0
16,50.00,car_flow_E#10.5,151.232,13.293,1,,260.000,0.000,0
16,50.00,car_flow_E#10.3,204.570,10.020,1,,260.000,0.000,0
16,50.00,car_flow_E#10.4,224.503,9.761,1,,260.000,0.000,0
16,55.00,car_flow_E#10.9,0.966,14.012,0,,260.000,0.000,0
16,55.00,car_flow_E#10.8,69.058,11.935,0,,260.000,0.000,0
16,55.00,car_flow_E#10.6,185.405,13.156,0,,260.000,0.000,0
16,55.00,car_flow_E#10.2,284.531,11.168,0,,260.000,0.000,0
16,55.00,car_flow_E#10.7,163.703,10.595,1,,260.000,0.000,0
16,55.00,car_flow_E#10.5,188.784,8.386,1,,260.000,0.000,0
16,55.00,car_flow_E#10.3,231.815,6.766,1,,260.000,0.000,0
16,55.00,car_flow_E#10.4,255.341,1.827,1,,260.000,0.000,0
16,55.00,car_flow_E#10.1,363.418,0.120,1,,260.000,0.000,0
16,60.00,car_flow_E#10.9,70.445,13.810,0,,260.000,0.000,0
16,60.00,car_flow_E#10.8,128.899,11.833,0,,260.000,0.000,0
16,60.00,car_flow_E#10.6,243.802,7.017,0,,260.000,0.000,0
16,60.00,car_flow_E#10.4,277.336,9.489,0,,260.000,0.000,0
16,60.00,car_flow_E#10.2,341.030,11.380,0,,260.000,0.000,0
16,60.00,car_flow_E#10.7,191.464,6.505,1,,260.000,0.000,0
16,60.00,car_flow_E#10.5,237.641,6.497,1,,260.000,0.000,0
16,60.00,car_flow_E#10.3,256.002,1.492,1,,260.000,0.000,0
16,60.00,car_flow_E#10.1,363.418,0.000,1,,260.000,0.000,0
16,65.00,car_flow_E#10.9,139.742,13.774,0,250.713,260.000,9.287,0
16,65.00,car_flow_E#10.8,188.728,12.027,0,250.713,260.000,9.287,0
16,65.00,car_flow_E#10.6,259.878,4.414,0,250.713,260.000,9.287,0
16,65.00,car_flow_E#10.4,338.863,10.323,0,250.713,260.000,9.287,0
16,65.00,car_flow_E#10.10,55.667,14.573,1,250.713,260.000,9.287,0
16,65.00,car_flow_E#10.7,234.746,5.574,1,250.713,260.000,9.287,0
16,65.00,car_flow_E#10.5,250.713,0.306,1,250.713,260.000,9.287,0
16,65.00,car_flow_E#10.3,257.485,0.000,1,250.713,260.000,9.287,0
16,65.00,car_flow_E#10.1,363.419,0.000,1,250.713,260.000,9.287,0
16,70.00,car_flow_E#10.11,11.263,11.331,0,244.896,260.000,15.104,0
16,70.00,car_flow_E#10.9,205.721,11.518,0,244.896,260.000,15.104,0
16,70.00,car_flow_E#10.5,252.357,2.339,0,244.896,260.000,15.104,0
16,70.00,car_flow_E#10.3,260.691,3.928,0,244.896,260.000,15.104,0
16,70.00,car_flow_E#10.6,310.042,13.155,0,244.896,260.000,15.104,0
16,70.00,car_flow_E#10.4,362.519,0.000,0,244.896,260.000,15.104,0
16,70.00,car_flow_E#10.10,129.024,14.742,1,244.896,260.000,15.104,0
16,70.00,car_flow_E#10.8,231.979,4.319,1,244.896,260.000,15.104,0
16,70.00,car_flow_E#10.7,244.896,0.579,1,244.896,260.000,15.104,0
16,70.00,car_flow_E#10.1,363.419,0.000,1,244.896,260.000,15.104,0
16,75.00,car_flow_E#10.11,67.591,11.193,0,256.852,260.000,3.148,0
16,75.00,car_flow_E#10.9,244.357,4.492,0,256.852,260.000,3.148,0
16,75.00,car_flow_E#10.5,292.116,12.122,0,256.852,260.000,3.148,0
16,75.00,car_flow_E#10.3,308.048,12.964,0,256.852,260.000,3.148,0
16,75.00,car_flow_E#10.6,351.526,3.203,0,256.852,260.000,3.148,0
16,75.00,car_flow_E#10.4,362.519,0.000,0,256.852,260.000,3.148,0
16,75.00,car_flow_E#10.14,7.182,15.671,1,256.852,260.000,3.148,0
16,75.00,car_flow_E#10.12,76.858,15.305,1,256.852,260.000,3.148,0
16,75.00,car_flow_E#10.10,165.721,3.736,1,256.852,260.000,3.148,0
16,75.00,car_flow_E#10.8,247.466,2.310,1,256.852,260.000,3.148,0
16,75.00,car_flow_E#10.7,256.852,0.757,1,256.852,260.000,3.148,0
16,75.00,car_flow_E#10.1,363.419,0.000,1,256.852,260.000,3.148,0
16,80.00,car_flow_E#10.13,39.229,10.813,0,250.957,260.000,9.043,0
16,80.00,car_flow_E#10.11,123.858,11.201,0,250.957,260.000,9.043,0
16,80.00,car_flow_E#10.9,250.900,0.117,0,250.957,260.000,9.043,0
16,80.00,car_flow_E#10.5,336.307,7.191,0,250.957,260.000,9.043,0
16,80.00,car_flow_E#10.3,350.941,6.936,0,250.957,260.000,9.043,0
16,80.00,car_flow_E#10.14,85.706,15.581,1,250.957,260.000,9.043,0
16,80.00,car_flow_E#10.12,148.264,11.884,1,250.957,260.000,9.043,0
16,80.00,car_flow_E#10.10,183.738,6.361,1,250.957,260.000,9.043,0
16,80.00,car_flow_E#10.8,250.957,0.044,1,250.957,260.000,9.043,0
16,80.00,car_flow_E#10.7,257.496,0.004,1,250.957,260.000,9.043,0
16,80.00,car_flow_E#10.1,363.419,0.000,1,250.957,260.000,9.043,0
16,85.00,car_flow_E#10.15,35.656,14.748,0,,260.000,0.000,0
16,85.00,car_flow_E#10.13,93.802,11.005,0,,260.000,0.000,0
16,85.00,car_flow_E#10.11,180.330,11.246,0,,260.000,0.000,0
16,85.00,car_flow_E#10.9,262.675,7.273,0,,260.000,0.000,0
16,85.00,car_flow_E#10.7,274.363,8.997,0,,260.000,0.000,0
16,85.00,car_flow_E#10.5,355.390,0.706,0,,260.000,0.000,0
16,85.00,car_flow_E#10.3,362.519,0.000,0,,260.000,0.000,0
16,85.00,car_flow_E#10.14,150.562,8.437,1,,260.000,0.000,0
16,85.00,car_flow_E#10.12,174.913,2.943,1,,260.000,0.000,0
16,85.00,car_flow_E#10.10,232.340,7.722,1,,260.000,0.000,0
16,85.00,car_flow_E#10.8,254.273,2.552,1,,260.000,0.000,0
16,85.00,car_flow_E#10.1,363.419,0.000,1,,260.000,0.000,0
16,90.00,car_flow_E#10.16,67.878,14.331,0,,260.000,0.000,0
16,90.00,car_flow_E#10.15,109.769,14.782,0,,260.000,0.000,0
16,90.00,car_flow_E#10.13,148.364,10.833,0,,260.000,0.000,0
16,90.00,car_flow_E#10.11,231.445,7.690,0,,260.000,0.000,0
16,90.00,car_flow_E#10.8,265.684,6.018,0,,260.000,0.000,0
16,90.00,car_flow_E#10.9,315.428,9.026,0,,260.000,0.000,0
16,90.00,car_flow_E#10.7,331.892,8.113,0,,260.000,0.000,0
16,90.00,car_flow_E#10.5,356.015,0.004,0,,260.000,0.000,0
16,90.00,car_flow_E#10.3,362.519,0.000,0,,260.000,0.000,0
16,90.00,car_flow_E#10.17,41.845,17.325,1,,260.000,0.000,0
16,90.00,car_flow_E#10.14,175.956,6.972,1,,260.000,0.000,0
16,90.00,car_flow_E#10.12,192.464,6.824,1,,260.000,0.000,0
16,90.00,car_flow_E#10.10,253.108,3.275,1,,260.000,0.000,0
16,90.00,car_flow_E#10.1,363.419,0.000,1,,260.000,0.000,0
16,95.00,car_flow_E#10.16,140.153,14.507,0,,260.000,0.000,0
16,95.00,car_flow_E#10.15,177.461,12.558,0,,260.000,0.000,0
16,95.00,car_flow_E#10.13,202.890,10.837,0,,260.000,0.000,0
16,95.00,car_flow_E#10.11,250.235,0.840,0,,260.000,0.000,0
16,95.00,car_flow_E#10.10,257.467,0.037,0,,260.000,0.000,0
16,95.00,car_flow_E#10.8,314.365,8.664,0,,260.000,0.000,0
16,95.00,car_flow_E#10.9,340.217,2.032,0,,260.000,0.000,0
16,95.00,car_flow_E#10.7,349.090,0.509,0,,260.000,0.000,0
16,95.00,car_flow_E#10.5,356.018,0.000,0,,260.000,0.000,0
16,95.00,car_flow_E#10.3,362.519,0.000,0,,260.000,0.000,0
16,95.00,car_flow_E#10.18,32.050,15.083,1,,260.000,0.000,0
16,95.00,car_flow_E#10.17,129.134,17.375,1,,260.000,0.000,0
16,95.00,car_flow_E#10.14,222.825,7.392,1,,260.000,0.000,0
16,95.00,car_flow_E#10.12,238.722,6.288,1,,260.000,0.000,0
16,95.00,car_flow_E#10.1,363.419,0.000,1,,260.000,0.000,0
16,100.00,car_flow_E#10.16,200.968,8.533,0,,260.000,0.000,0
16,100.00,car_flow_E#10.15,222.577,5.277,0,,260.000,0.000,0
16,100.00,car_flow_E#10.13,237.101,2.757,0,,260.000,0.000,0
16,100.00,car_flow_E#10.12,255.002,2.057,0,,260.000,0.000,0
16,100.00,car_flow_E#10.11,271.391,9.121,0,,260.000,0.000,0
16,100.00,car_flow_E#10.10,284.796,10.671,0,,260.000,0.000,0
16,100.00,car_flow_E#10.8,337.865,3.359,0,,260.000,0.000,0
16,100.00,car_flow_E#10.9,347.949,3.737,0,,260.000,0.000,0
16,100.00,car_flow_E#10.7,357.749,5.257,0,,260.000,0.000,0
16,100.00,car_flow_E#10.18,107.940,15.199,1,,260.000,0.000,0
16,100.00,car_flow_E#10.17,179.096,6.574,1,,260.000,0.000,0
16,100.00,car_flow_E#10.14,244.911,3.097,1,,260.000,0.000,0
16,105.00,car_flow_E#10.19,45.877,14.584,0,256.676,260.000,3.324,0
16,105.00,car_flow_E#10.15,239.101,2.460,0,256.676,260.000,3.324,0
16,105.00,car_flow_E#10.13,248.386,1.764,0,256.676,260.000,3.324,0
16,105.00,car_flow_E#10.12,284.065,11.530,0,256.676,260.000,3.324,0
16,105.00,car_flow_E#10.11,324.488,8.361,0,256.676,260.000,3.324,0
16,105.00,car_flow_E#10.10,342.140,7.014,0,256.676,260.000,3.324,0
16,105.00,car_flow_E#10.7,362.519,0.000,0,256.676,260.000,3.324,0
16,105.00,car_flow_E#10.18,173.056,10.271,1,256.676,260.000,3.324,0
16,105.00,car_flow_E#10.17,201.106,6.282,1,256.676,260.000,3.324,0
16,105.00,car_flow_E#10.16,228.219,3.360,1,256.676,260.000,3.324,0
16,105.00,car_flow_E#10.14,256.676,0.940,1,256.676,260.000,3.324,0
16,105.00,car_flow_E#10.8,354.383,1.496,1,256.676,260.000,3.324,0
16,105.00,car_flow_E#10.9,362.519,0.000,1,256.676,260.000,3.324,0
16,110.00,car_flow_E#10.20,48.609,12.086,0,,260.000,0.000,0
16,110.00,car_flow_E#10.19,118.920,14.494,0,,260.000,0.000,0
16,110.00,car_flow_E#10.15,245.148,1.647,0,,260.000,0.000,0
16,110.00,car_flow_E#10.13,253.205,2.882,0,,260.000,0.000,0
16,110.00,car_flow_E#10.14,262.182,4.650,0,,260.000,0.000,0
16,110.00,car_flow_E#10.12,331.541,5.666,0,,260.000,0.000,0
16,110.00,car_flow_E#10.11,347.411,1.706,0,,260.000,0.000,0
16,110.00,car_flow_E#10.10,355.754,0.325,0,,260.000,0.000,0
16,110.00,car_flow_E#10.7,362.519,0.000,0,,260.000,0.000,0
16,110.00,car_flow_E#10.18,200.153,6.422,1,,260.000,0.000,0
16,110.00,car_flow_E#10.17,232.433,6.093,1,,260.000,0.000,0
16,110.00,car_flow_E#10.16,245.826,6.525,1,,260.000,0.000,0
16,110.00,car_flow_E#10.8,356.011,0.009,1,,260.000,0.000,0
16,110.00,car_flow_E#10.9,362.519,0.000,1,,260.000,0.000,0
16,115.00,car_flow_E#10.21,4.905,12.288,0,,260.000,0.000,0
16,115.00,car_flow_E#10.20,109.692,12.266,0,,260.000,0.000,0
16,115.00,car_flow_E#10.19,191.620,13.371,0,,260.000,0.000,0
16,115.00,car_flow_E#10.16,257.309,0.225,0,,260.000,0.000,0
16,115.00,car_flow_E#10.15,279.356,10.292,0,,260.000,0.000,0
16,115.00,car_flow_E#10.13,294.678,10.271,0,,260.000,0.000,0
16,115.00,car_flow_E#10.14,311.066,10.206,0,,260.000,0.000,0
16,115.00,car_flow_E#10.12,342.750,0.294,0,,260.000,0.000,0
16,115.00,car_flow_E#10.11,349.497,0.021,0,,260.000,0.000,0
16,115.00,car_flow_E#10.10,356.017,0.001,0,,260.000,0.000,0
16,115.00,car_flow_E#10.7,362.519,0.000,0,,260.000,0.000,0
16,115.00,car_flow_E#10.18,236.877,4.315,1,,260.000,0.000,0
16,115.00,car_flow_E#10.17,249.670,1.207,1,,260.000,0.000,0
16,115.00,car_flow_E#10.8,356.018,0.000,1,,260.000,0.000,0
16,115.00,car_flow_E#10.9,362.519,0.000,1,,260.000,0.000,0
16,120.00,car_flow_E#10.22,27.998,11.541,0,,260.000,0.000,0
16,120.00,car_flow_E#10.21,66.640,12.416,0,,260.000,0.000,0
16,120.00,car_flow_E#10.20,170.765,12.349,0,,260.000,0.000,0
16,120.00,car_flow_E#10.19,235.197,6.040,0,,260.000,0.000,0
16,120.00,car_flow_E#10.17,263.652,6.529,0,,260.000,0.000,0
16,120.00,car_flow_E#10.16,283.209,10.319,0,,260.000,0.000,0
16,120.00,car_flow_E#10.15,313.301,4.138,0,,260.000,0.000,0
16,120.00,car_flow_E#10.13,325.113,2.805,0,,260.000,0.000,0
16,120.00,car_flow_E#10.14,335.398,1.144,0,,260.000,0.000,0
16,120.00,car_flow_E#10.12,343.014,0.002,0,,260.000,0.000,0
16,120.00,car_flow_E#10.11,349.517,0.000,0,,260.000,0.000,0
16,120.00,car_flow_E#10.10,356.018,0.000,0,,260.000,0.000,0
16,120.00,car_flow_E#10.7,362.519,0.000,0,,260.000,0.000,0
16,120.00,car_flow_E#10.23,15.587,13.024,1,,260.000,0.000,0
16,120.00,car_flow_E#10.18,251.143,4.213,1,,260.000,0.000,0
16,120.00,car_flow_E#10.8,356.018,0.000,1,,260.000,0.000,0
16,120.00,car_flow_E#10.9,362.519,0.000,1,,260.000,0.000,0
17,35.00,car_flow_E#10.0,30.997,15.560,0,,260.000,0.000,0
17,40.00,car_flow_E#10.1,11.583,14.497,0,,260.000,0.000,2
17,40.00,car_flow_E#10.0,108.564,15.533,0,,260.000,0.000,2
17,45.00,car_flow_E#10.1,84.315,14.458,0,,260.000,0.000,2
17,45.00,car_flow_E#10.0,186.039,15.400,0,,260.000,0.000,2
17,50.00,car_flow_E#10.1,157.292,14.580,0,,260.000,0.000,3
17,50.00,car_flow_E#10.0,263.663,15.593,0,,260.000,0.000,3
17,55.00,car_flow_E#10.2,21.022,10.699,0,,260.000,0.000,1
17,55.00,car_flow_E#10.1,229.892,14.556,0,,260.000,0.000,1
17,55.00,car_flow_E#10.0,338.949,12.150,0,,260.000,0.000,1
17,55.00,car_flow_E#10.4,7.101,14.471,1,,260.000,0.000,1
17,55.00,car_flow_E#10.3,62.146,15.549,1,,260.000,0.000,1
17,60.00,car_flow_E#10.2,74.357,10.623,0,,260.000,0.000,0
17,60.00,car_flow_E#10.1,302.605,14.615,0,,260.000,0.000,0
17,60.00,car_flow_E#10.0,362.519,0.000,0,,260.000,0.000,0
17,60.00,car_flow_E#10.4,79.678,14.570,1,,260.000,0.000,0
17,60.00,car_flow_E#10.3,139.603,15.539,1,,260.000,0.000,0
17,65.00,car_flow_E#10.5,49.442,11.627,0,,260.000,0.000,0
17,65.00,car_flow_E#10.2,127.775,10.790,0,,260.000,0.000,0
17,65.00,car_flow_E#10.1,363.190,12.474,0,,260.000,0.000,0
17,65.00,car_flow_E#10.4,147.745,10.828,1,,260.000,0.000,0
17,65.00,car_flow_E#10.3,180.326,4.556,1,,260.000,0.000,0
17,70.00,car_flow_E#10.6,24.944,12.705,0,,260.000,0.000,0
17,70.00,car_flow_E#10.5,107.202,11.519,0,,260.000,0.000,0
17,70.00,car_flow_E#10.2,181.053,10.633,0,,260.000,0.000,0
17,70.00,car_flow_E#10.7,14.701,14.734,1,,260.000,0.000,0
17,70.00,car_flow_E#10.4,172.383,2.831,1,,260.000,0.000,0
17,70.00,car_flow_E#10.3,199.685,6.451,1,,260.000,0.000,0
17,75.00,car_flow_E#10.6,89.113,12.688,0,,260.000,0.000,0
17,75.00,car_flow_E#10.5,164.843,11.462,0,,260.000,0.000,0
17,75.00,car_flow_E#10.2,231.824,8.189,0,,260.000,0.000,0
17,75.00,car_flow_E#10.7,87.928,14.541,1,,260.000,0.000,0
17,75.00,car_flow_E#10.4,189.279,6.454,1,,260.000,0.000,0
17,75.00,car_flow_E#10.3,246.148,6.369,1,,260.000,0.000,0
17,80.00,car_flow_E#10.6,153.161,12.326,0,257.336,260.000,2.664,0
17,80.00,car_flow_E#10.5,221.214,9.605,0,257.336,260.000,2.664,0
17,80.00,car_flow_E#10.2,250.585,0.146,0,257.336,260.000,2.664,0
17,80.00,car_flow_E#10.7,161.233,14.797,1,257.336,260.000,2.664,0
17,80.00,car_flow_E#10.4,236.872,7.019,1,257.336,260.000,2.664,0
17,80.00,car_flow_E#10.3,257.336,0.193,1,257.336,260.000,2.664,0
17,85.00,car_flow_E#10.6,214.539,9.583,0,,260.000,0.000,0
17,85.00,car_flow_E#10.5,243.182,0.533,0,,260.000,0.000,0
17,85.00,car_flow_E#10.2,258.548,5.349,0,,260.000,0.000,0
17,85.00,car_flow_E#10.3,269.266,6.974,0,,260.000,0.000,0
17,85.00,car_flow_E#10.8,14.996,17.497,1,,260.000,0.000,0
17,85.00,car_flow_E#10.7,205.495,9.034,1,,260.000,0.000,0
17,85.00,car_flow_E#10.4,249.514,3.832,1,,260.000,0.000,0
17,90.00,car_flow_E#10.9,22.229,13.639,0,257.416,260.000,2.584,0
17,90.00,car_flow_E#10.6,239.295,0.000,0,257.416,260.000,2.584,0
17,90.00,car_flow_E#10.5,250.512,0.457,0,257.416,260.000,2.584,0
17,90.00,car_flow_E#10.2,305.919,10.798,0,257.416,260.000,2.584,0
17,90.00,car_flow_E#10.3,330.485,14.031,0,257.416,260.000,2.584,0
17,90.00,car_flow_E#10.8,101.910,17.457,1,257.416,260.000,2.584,0
17,90.00,car_flow_E#10.7,244.536,2.511,1,257.416,260.000,2.584,0
17,90.00,car_flow_E#10.4,257.416,0.101,1,257.416,260.000,2.584,0
17,95.00,car_flow_E#10.9,90.282,13.495,0,,260.000,0.000,0
17,95.00,car_flow_E#10.6,241.178,2.438,0,,260.000,0.000,0
17,95.00,car_flow_E#10.7,249.597,3.794,0,,260.000,0.000,0
17,95.00,car_flow_E#10.5,261.091,6.505,0,,260.000,0.000,0
17,95.00,car_flow_E#10.4,272.725,7.995,0,,260.000,0.000,0
17,95.00,car_flow_E#10.2,349.298,4.374,0,,260.000,0.000,0
17,95.00,car_flow_E#10.3,362.519,0.000,0,,260.000,0.000,0
17,95.00,car_flow_E#10.8,188.173,15.938,1,,260.000,0.000,0
17,100.00,car_flow_E#10.10,64.692,15.058,0,,260.000,0.000,0
17,100.00,car_flow_E#10.9,158.446,13.557,0,,260.000,0.000,0
17,100.00,car_flow_E#10.6,270.007,10.392,0,,260.000,0.000,0
17,100.00,car_flow_E#10.7,285.886,12.442,0,,260.000,0.000,0
17,100.00,car_flow_E#10.5,312.981,10.804,0,,260.000,0.000,0
17,100.00,car_flow_E#10.4,331.322,10.100,0,,260.000,0.000,0
17,100.00,car_flow_E#10.3,362.519,0.000,0,,260.000,0.000,0
17,100.00,car_flow_E#10.8,237.766,8.929,1,,260.000,0.000,0
17,100.00,car_flow_E#10.2,362.508,0.548,1,,260.000,0.000,0
17,105.00,car_flow_E#10.11,37.012,12.546,0,256.953,260.000,3.047,0
17,105.00,car_flow_E#10.10,139.370,15.040,0,256.953,260.000,3.047,0
17,105.00,car_flow_E#10.9,223.576,10.274,0,256.953,260.000,3.047,0
17,105.00,car_flow_E#10.6,315.383,6.550,0,256.953,260.000,3.047,0
17,105.00,car_flow_E#10.7,329.988,5.487,0,256.953,260.000,3.047,0
17,105.00,car_flow_E#10.5,344.653,2.875,0,256.953,260.000,3.047,0
17,105.00,car_flow_E#10.4,355.015,1.079,0,256.953,260.000,3.047,0
17,105.00,car_flow_E#10.3,362.519,0.000,0,256.953,260.000,3.047,0
17,105.00,car_flow_E#10.8,256.953,0.642,1,256.953,260.000,3.047,0
17,105.00,car_flow_E#10.2,362.519,0.000,1,256.953,260.000,3.047,0
17,110.00,car_flow_E#10.12,52.586,11.563,0,257.496,260.000,2.504,0
17,110.00,car_flow_E#10.11,99.846,12.534,0,257.496,260.000,2.504,0
17,110.00,car_flow_E#10.10,211.767,11.805,0,257.496,260.000,2.504,0
17,110.00,car_flow_E#10.9,250.978,0.120,0,257.496,260.000,2.504,0
17,110.00,car_flow_E#10.6,334.251,1.554,0,257.496,260.000,2.504,0
17,110.00,car_flow_E#10.7,342.484,0.514,0,257.496,260.000,2.504,0
17,110.00,car_flow_E#10.5,349.452,0.070,0,257.496,260.000,2.504,0
17,110.00,car_flow_E#10.4,356.013,0.006,0,257.496,260.000,2.504,0
17,110.00,car_flow_E#10.3,362.519,0.000,0,257.496,260.000,2.504,0
17,110.00,car_flow_E#10.13,58.385,13.396,1,257.496,260.000,2.504,0
17,110.00,car_flow_E#10.8,257.496,0.003,1,257.496,260.000,2.504,0
17,110.00,car_flow_E#10.2,362.519,0.000,1,257.496,260.000,2.504,0
17,115.00,car_flow_E#10.12,109.870,11.348,0,,260.000,0.000,0
17,115.00,car_flow_E#10.11,162.742,12.476,0,,260.000,0.000,0
17,115.00,car_flow_E#10.10,245.213,4.813,0,,260.000,0.000,0
17,115.00,car_flow_E#10.9,257.490,5.026,0,,260.000,0.000,0
17,115.00,car_flow_E#10.8,268.017,6.713,0,,260.000,0.000,0
17,115.00,car_flow_E#10.13,126.023,13.500,1,,260.000,0.000,0
17,115.00,car_flow_E#10.6,338.088,1.420,1,,260.000,0.000,0
17,115.00,car_flow_E#10.7,346.048,2.433,1,,260.000,0.000,0
17,115.00,car_flow_E#10.5,354.706,3.773,1,,260.000,0.000,0
17,120.00,car_flow_E#10.14,72.243,15.559,0,,260.000,0.000,0
17,120.00,car_flow_E#10.12,167.037,11.352,0,,260.000,0.000,0
17,120.00,car_flow_E#10.11,225.484,12.456,0,,260.000,0.000,0
17,120.00,car_flow_E#10.10,293.182,13.003,0,,260.000,0.000,0
17,120.00,car_flow_E#10.9,310.320,13.653,0,,260.000,0.000,0
17,120.00,car_flow_E#10.8,332.227,17.428,0,,260.000,0.000,0
17,120.00,car_flow_E#10.13,156.812,2.888,1,,260.000,0.000,0
17,120.00,car_flow_E#10.6,348.782,3.998,1,,260.000,0.000,0
17,120.00,car_flow_E#10.7,359.085,4.793,1,,260.000,0.000,0
18,65.00,car_flow_E#10.0,4.156,12.360,0,,260.000,0.000,2
18,70.00,car_flow_E#10.0,66.063,12.285,0,,260.000,0.000,2
18,75.00,car_flow_E#10.3,6.281,14.909,0,,260.000,0.000,2
18,75.00,car_flow_E#10.1,45.855,12.358,0,,260.000,0.000,2
18,75.00,car_flow_E#10.0,127.877,12.418,0,,260.000,0.000,2
18,75.00,car_flow_E#10.2,40.587,14.137,1,,260.000,0.000,2
18,80.00,car_flow_E#10.4,43.610,14.323,0,,260.000,0.000,2
18,80.00,car_flow_E#10.3,79.412,14.056,0,,260.000,0.000,2
18,80.00,car_flow_E#10.1,107.501,12.212,0,,260.000,0.000,2
18,80.00,car_flow_E#10.0,189.595,12.303,0,,260.000,0.000,2
18,80.00,car_flow_E#10.2,111.660,14.141,1,,260.000,0.000,2
18,85.00,car_flow_E#10.5,47.819,15.079,0,,260.000,0.000,1
18,85.00,car_flow_E#10.4,115.088,14.383,0,,260.000,0.000,1
18,85.00,car_flow_E#10.1,169.083,12.298,0,,260.000,0.000,1
18,85.00,car_flow_E#10.0,251.292,12.226,0,,260.000,0.000,1
18,85.00,car_flow_E#10.3,148.475,14.923,1,,260.000,0.000,1
18,85.00,car_flow_E#10.2,182.795,14.112,1,,260.000,0.000,1
18,90.00,car_flow_E#10.5,122.461,15.048,0,,260.000,0.000,1
18,90.00,car_flow_E#10.4,171.918,7.181,0,,260.000,0.000,1
18,90.00,car_flow_E#10.1,209.870,7.775,0,,260.000,0.000,1
18,90.00,car_flow_E#10.0,313.034,12.375,0,,260.000,0.000,1
18,90.00,car_flow_E#10.3,186.244,4.111,1,,260.000,0.000,1
18,90.00,car_flow_E#10.2,223.896,8.685,1,,260.000,0.000,1
18,95.00,car_flow_E#10.6,40.517,13.311,0,253.634,260.000,6.366,1
18,95.00,car_flow_E#10.5,195.245,12.724,0,253.634,260.000,6.366,1
18,95.00,car_flow_E#10.4,225.539,9.166,0,253.634,260.000,6.366,1
18,95.00,car_flow_E#10.1,255.069,7.563,0,253.634,260.000,6.366,1
18,95.00,car_flow_E#10.3,205.474,6.820,1,253.634,260.000,6.366,1
18,95.00,car_flow_E#10.2,253.634,0.957,1,253.634,260.000,6.366,1
18,100.00,car_flow_E#10.7,6.563,13.183,0,,260.000,0.000,1
18,100.00,car_flow_E#10.6,107.650,13.388,0,,260.000,0.000,1
18,100.00,car_flow_E#10.4,254.826,6.362,0,,260.000,0.000,1
18,100.00,car_flow_E#10.2,267.528,7.063,0,,260.000,0.000,1
18,100.00,car_flow_E#10.1,312.810,12.272,0,,260.000,0.000,1
18,100.00,car_flow_E#10.5,236.967,4.901,1,,260.000,0.000,1
18,100.00,car_flow_E#10.3,247.663,5.165,1,,260.000,0.000,1
18,105.00,car_flow_E#10.8,13.618,13.794,0,,260.000,0.000,0
18,105.00,car_flow_E#10.7,72.557,13.345,0,,260.000,0.000,0
18,105.00,car_flow_E#10.6,174.626,13.422,0,,260.000,0.000,0
18,105.00,car_flow_E#10.3,262.531,5.020,0,,260.000,0.000,0
18,105.00,car_flow_E#10.4,308.733,11.604,0,,260.000,0.000,0
18,105.00,car_flow_E#10.2,326.283,11.263,0,,260.000,0.000,0
18,105.00,car_flow_E#10.1,360.713,3.577,0,,260.000,0.000,0
18,105.00,car_flow_E#10.5,252.496,3.573,1,,260.000,0.000,0
18,110.00,car_flow_E#10.9,16.031,13.403,0,,260.000,0.000,0
18,110.00,car_flow_E#10.8,83.257,13.836,0,,260.000,0.000,0
18,110.00,car_flow_E#10.7,138.549,13.065,0,,260.000,0.000,0
18,110.00,car_flow_E#10.6,234.522,8.004,0,,260.000,0.000,0
18,110.00,car_flow_E#10.5,257.458,0.046,0,,260.000,0.000,0
18,110.00,car_flow_E#10.3,313.554,11.308,0,,260.000,0.000,0
18,110.00,car_flow_E#10.4,345.778,5.778,0,,260.000,0.000,0
18,110.00,car_flow_E#10.1,362.519,0.000,0,,260.000,0.000,0
18,110.00,car_flow_E#10.10,2.968,15.035,1,,260.000,0.000,0
18,110.00,car_flow_E#10.2,359.127,4.748,1,,260.000,0.000,0
18,115.00,car_flow_E#10.11,36.334,15.042,0,,260.000,0.000,0
18,115.00,car_flow_E#10.9,83.227,13.547,0,,260.000,0.000,0
18,115.00,car_flow_E#10.8,152.565,14.016,0,,260.000,0.000,0
18,115.00,car_flow_E#10.7,204.406,13.098,0,,260.000,0.000,0
18,115.00,car_flow_E#10.6,273.861,11.582,0,,260.000,0.000,0
18,115.00,car_flow_E#10.5,290.690,12.478,0,,260.000,0.000,0
18,115.00,car_flow_E#10.3,351.702,3.271,0,,260.000,0.000,0
18,115.00,car_flow_E#10.1,362.519,0.000,0,,260.000,0.000,0
18,115.00,car_flow_E#10.10,78.245,14.967,1,,260.000,0.000,0
18,115.00,car_flow_E#10.4,355.885,0.166,1,,260.000,0.000,0
18,115.00,car_flow_E#10.2,362.519,0.000,1,,260.000,0.000,0
18,120.00,car_flow_E#10.12,58.974,13.540,0,,260.000,0.000,2
18,120.00,car_flow_E#10.11,111.058,15.070,0,,260.000,0.000,2
18,120.00,car_flow_E#10.9,150.385,13.536,0,,260.000,0.000,2
18,120.00,car_flow_E#10.8,221.899,13.899,0,,260.000,0.000,2
18,120.00,car_flow_E#10.7,270.412,13.062,0,,260.000,0.000,2
18,120.00,car_flow_E#10.6,326.106,6.510,0,,260.000,0.000,2
18,120.00,car_flow_E#10.5,341.392,5.136,0,,260.000,0.000,2
18,120.00,car_flow_E#10.3,355.984,0.039,0,,260.000,0.000,2
18,120.00,car_flow_E#10.1,362.519,0.000,0,,260.000,0.000,2
18,120.00,car_flow_E#10.10,153.533,14.906,1,,260.000,0.000,2
18,120.00,car_flow_E#10.4,356.017,0.001,1,,260.000,0.000,2
18,120.00,car_flow_E#10.2,362.519,0.000,1,,260.000,0.000,2
19,30.00,car_flow_E#10.0,57.787,13.761,0,,260.000,0.000,1
19,35.00,car_flow_E#10.1,46.295,11.079,0,,260.000,0.000,0
19,35.00,car_flow_E#10.0,126.439,13.817,0,,260.000,0.000,0
19,35.00,car_flow_E#10.2,36.848,12.340,1,,260.000,0.000,0
19,40.00,car_flow_E#10.3,18.491,12.211,0,,260.000,0.000,0
19,40.00,car_flow_E#10.1,101.568,10.980,0,,260.000,0.000,0
19,40.00,car_flow_E#10.0,194.839,13.575,0,,260.000,0.000,0
19,40.00,car_flow_E#10.2,97.894,12.145,1,,260.000,0.000,0
19,45.00,car_flow_E#10.3,80.095,12.214,0,,260.000,0.000,0
19,45.00,car_flow_E#10.1,156.660,11.186,0,,260.000,0.000,0
19,45.00,car_flow_E#10.0,263.318,13.736,0,,260.000,0.000,0
19,45.00,car_flow_E#10.2,158.994,12.151,1,,260.000,0.000,0
19,50.00,car_flow_E#10.3,141.841,12.464,0,,260.000,0.000,0
19,50.00,car_flow_E#10.1,211.702,10.896,0,,260.000,0.000,0
19,50.00,car_flow_E#10.0,331.904,13.716,0,,260.000,0.000,0
19,50.00,car_flow_E#10.2,189.769,6.363,1,,260.000,0.000,0
19,55.00,car_flow_E#10.3,203.536,12.267,0,,260.000,0.000,0
19,55.00,car_flow_E#10.1,266.794,10.982,0,,260.000,0.000,0
19,55.00,car_flow_E#10.2,239.641,8.287,1,,260.000,0.000,0
19,60.00,car_flow_E#10.4,33.268,15.593,0,,260.000,0.000,0
19,60.00,car_flow_E#10.3,260.368,12.270,0,,260.000,0.000,0
19,60.00,car_flow_E#10.2,283.654,12.205,0,,260.000,0.000,0
19,60.00,car_flow_E#10.1,322.031,10.966,0,,260.000,0.000,0
19,65.00,car_flow_E#10.4,110.770,15.389,0,,260.000,0.000,4
19,65.00,car_flow_E#10.3,322.124,12.327,0,,260.000,0.000,4
19,65.00,car_flow_E#10.2,344.764,12.166,0,,260.000,0.000,4
19,70.00,car_flow_E#10.5,46.894,13.237,0,,260.000,0.000,3
19,70.00,car_flow_E#10.4,188.187,15.504,0,,260.000,0.000,3
19,70.00,car_flow_E#10.2,362.880,0.000,0,,260.000,0.000,3
19,70.00,car_flow_E#10.3,355.119,1.201,1,,260.000,0.000,3
19,75.00,car_flow_E#10.5,113.431,13.196,0,,260.000,0.000,1
19,75.00,car_flow_E#10.4,265.567,15.444,0,,260.000,0.000,1
19,80.00,car_flow_E#10.5,179.883,13.262,0,,260.000,0.000,0
19,80.00,car_flow_E#10.4,340.331,11.824,0,,260.000,0.000,0
19,85.00,car_flow_E#10.5,246.301,13.333,0,,260.000,0.000,0
19,85.00,car_flow_E#10.4,362.519,0.000,0,,260.000,0.000,0
19,85.00,car_flow_E#10.6,33.339,16.228,1,,260.000,0.000,0
19,90.00,car_flow_E#10.5,312.611,13.227,0,,260.000,0.000,0
19,90.00,car_flow_E#10.4,362.519,0.000,0,,260.000,0.000,0
19,90.00,car_flow_E#10.7,36.500,15.766,1,,260.000,0.000,0
19,90.00,car_flow_E#10.6,114.308,16.103,1,,260.000,0.000,0
19,95.00,car_flow_E#10.6,195.275,16.062,0,,260.000,0.000,0
19,95.00,car_flow_E#10.4,362.519,0.000,0,,260.000,0.000,0
19,95.00,car_flow_E#10.7,115.336,15.810,1,,260.000,0.000,0
19,95.00,car_flow_E#10.5,352.584,4.442,1,,260.000,0.000,0
19,100.00,car_flow_E#10.8,41.207,13.730,0,,260.000,0.000,0
19,100.00,car_flow_E#10.7,194.212,15.850,0,,260.000,0.000,0
19,100.00,car_flow_E#10.6,276.120,16.194,0,,260.000,0.000,0
19,100.00,car_flow_E#10.4,362.519,0.000,0,,260.000,0.000,0
19,100.00,car_flow_E#10.5,362.519,0.000,1,,260.000,0.000,0
19,105.00,car_flow_E#10.8,109.710,13.798,0,,260.000,0.000,0
19,105.00,car_flow_E#10.7,273.117,15.823,0,,260.000,0.000,0
19,105.00,car_flow_E#10.6,340.681,7.464,0,,260.000,0.000,0
19,105.00,car_flow_E#10.4,362.519,0.000,0,,260.000,0.000,0
19,105.00,car_flow_E#10.5,362.519,0.000,1,,260.000,0.000,0
19,110.00,car_flow_E#10.8,178.293,13.820,0,,260.000,0.000,0
19,110.00,car_flow_E#10.7,334.634,7.438,0,,260.000,0.000,0
19,110.00,car_flow_E#10.6,355.688,0.366,0,,260.000,0.000,0
19,110.00,car_flow_E#10.4,362.519,0.000,0,,260.000,0.000,0
19,110.00,car_flow_E#10.11,7.767,17.515,1,,260.000,0.000,0
19,110.00,car_flow_E#10.9,56.305,14.030,1,,260.000,0.000,0
19,110.00,car_flow_E#10.5,362.519,0.000,1,,260.000,0.000,0
19,115.00,car_flow_E#10.10,55.093,11.815,0,,260.000,0.000,0
19,115.00,car_flow_E#10.8,246.814,13.837,0,,260.000,0.000,0
19,115.00,car_flow_E#10.7,349.200,0.346,0,,260.000,0.000,0
19,115.00,car_flow_E#10.6,356.016,0.002,0,,260.000,0.000,0
19,115.00,car_flow_E#10.4,362.519,0.000,0,,260.000,0.000,0
19,115.00,car_flow_E#10.11,92.840,16.170,1,,260.000,0.000,0
19,115.00,car_flow_E#10.9,126.364,14.103,1,,260.000,0.000,0
19,115.00,car_flow_E#10.5,362.519,0.000,1,,260.000,0.000,0
19,120.00,car_flow_E#10.12,52.571,11.336,0,,260.000,0.000,0
19,120.00,car_flow_E#10.10,113.813,11.757,0,,260.000,0.000,0
19,120.00,car_flow_E#10.8,313.687,11.312,0,,260.000,0.000,0
19,120.00,car_flow_E#10.7,349.515,0.002,0,,260.000,0.000,0
19,120.00,car_flow_E#10.6,356.018,0.000,0,,260.000,0.000,0
19,120.00,car_flow_E#10.4,362.519,0.000,0,,260.000,0.000,0
19,120.00,car_flow_E#10.11,144.287,5.570,1,,260.000,0.000,0
19,120.00,car_flow_E#10.9,159.834,2.941,1,,260.000,0.000,0
19,120.00,car_flow_E#10.5,362.519,0.000,1,,260.000,0.000,0
20,25.00,car_flow_E#10.0,55.257,14.520,0,,260.000,0.000,0
20,30.00,car_flow_E#10.1,18.310,14.091,0,,260.000,0.000,0
20,30.00,car_flow_E#10.0,128.071,14.502,0,,260.000,0.000,0
20,35.00,car_flow_E#10.1,89.452,14.148,0,,260.000,0.000,0
20,35.00,car_flow_E#10.0,200.974,14.522,0,,260.000,0.000,0
20,40.00,car_flow_E#10.1,160.551,14.279,0,,260.000,0.000,0
20,40.00,car_flow_E#10.0,273.744,14.701,0,,260.000,0.000,0
20,45.00,car_flow_E#10.1,231.612,14.152,0,,260.000,0.000,0
20,45.00,car_flow_E#10.0,343.793,10.901,0,,260.000,0.000,0
20,50.00,car_flow_E#10.1,302.682,14.342,0,,260.000,0.000,0
20,50.00,car_flow_E#10.0,362.519,0.000,0,,260.000,0.000,0
20,55.00,car_flow_E#10.0,362.519,0.000,0,,260.000,0.000,0
20,55.00,car_flow_E#10.1,349.830,4.066,1,,260.000,0.000,0
20,60.00,car_flow_E#10.2,43.129,13.252,0,,260.000,0.000,0
20,65.00,car_flow_E#10.2,109.038,13.071,0,,260.000,0.000,0
20,70.00,car_flow_E#10.3,34.885,11.063,0,,260.000,0.000,0
20,70.00,car_flow_E#10.2,175.042,13.272,0,,260.000,0.000,0
20,70.00,car_flow_E#10.5,0.929,13.064,1,,260.000,0.000,0
20,70.00,car_flow_E#10.4,52.115,13.684,1,,260.000,0.000,0
20,75.00,car_flow_E#10.3,90.010,11.094,0,,260.000,0.000,2
20,75.00,car_flow_E#10.2,240.833,13.042,0,,260.000,0.000,2
20,75.00,car_flow_E#10.5,65.834,13.078,1,,260.000,0.000,2
20,75.00,car_flow_E#10.4,120.728,13.855,1,,260.000,0.000,2
20,80.00,car_flow_E#10.6,12.633,12.724,0,,260.000,0.000,2
20,80.00,car_flow_E#10.3,145.174,11.019,0,,260.000,0.000,2
20,80.00,car_flow_E#10.2,306.757,13.093,0,,260.000,0.000,2
20,80.00,car_flow_E#10.7,22.157,15.850,1,,260.000,0.000,2
20,80.00,car_flow_E#10.5,126.445,8.992,1,,260.000,0.000,2
20,80.00,car_flow_E#10.4,153.301,3.434,1,,260.000,0.000,2
20,85.00,car_flow_E#10.6,75.651,12.707,0,,260.000,0.000,2
20,85.00,car_flow_E#10.3,200.472,11.014,0,,260.000,0.000,2
20,85.00,car_flow_E#10.2,359.356,4.627,0,,260.000,0.000,2
20,85.00,car_flow_E#10.7,100.166,13.701,1,,260.000,0.000,2
20,85.00,car_flow_E#10.5,147.713,3.016,1,,260.000,0.000,2
20,85.00,car_flow_E#10.4,170.829,6.288,1,,260.000,0.000,2
20,90.00,car_flow_E#10.9,19.367,11.947,0,,260.000,0.000,2
20,90.00,car_flow_E#10.8,60.772,12.884,0,,260.000,0.000,2
20,90.00,car_flow_E#10.6,138.470,12.697,0,,260.000,0.000,2
20,90.00,car_flow_E#10.3,255.688,11.071,0,,260.000,0.000,2
20,90.00,car_flow_E#10.2,362.519,0.000,0,,260.000,0.000,2
20,90.00,car_flow_E#10.7,164.125,14.119,1,,260.000,0.000,2
20,90.00,car_flow_E#10.5,191.103,12.939,1,,260.000,0.000,2
20,90.00,car_flow_E#10.4,226.976,11.559,1,,260.000,0.000,2
20,95.00,car_flow_E#10.9,79.765,12.057,0,,260.000,0.000,1
20,95.00,car_flow_E#10.8,125.034,12.830,0,,260.000,0.000,1
20,95.00,car_flow_E#10.6,201.342,12.667,0,,260.000,0.000,1
20,95.00,car_flow_E#10.4,271.507,12.200,0,,260.000,0.000,1
20,95.00,car_flow_E#10.3,310.838,11.115,0,,260.000,0.000,1
20,95.00,car_flow_E#10.2,362.519,0.000,0,,260.000,0.000,1
20,95.00,car_flow_E#10.11,10.554,13.649,1,,260.000,0.000,1
20,95.00,car_flow_E#10.10,55.255,12.656,1,,260.000,0.000,1
20,95.00,car_flow_E#10.7,205.132,8.569,1,,260.000,0.000,1
20,95.00,car_flow_E#10.5,226.346,7.391,1,,260.000,0.000,1
20,100.00,car_flow_E#10.12,26.454,12.007,0,,260.000,0.000,0
20,100.00,car_flow_E#10.9,140.096,12.031,0,,260.000,0.000,0
20,100.00,car_flow_E#10.8,189.307,12.735,0,,260.000,0.000,0
20,100.00,car_flow_E#10.6,260.940,11.045,0,,260.000,0.000,0
20,100.00,car_flow_E#10.4,329.985,7.892,0,,260.000,0.000,0
20,100.00,car_flow_E#10.2,362.519,0.000,0,,260.000,0.000,0
20,100.00,car_flow_E#10.11,78.114,13.622,1,,260.000,0.000,0
20,100.00,car_flow_E#10.10,118.598,12.589,1,,260.000,0.000,0
20,100.00,car_flow_E#10.7,242.583,4.035,1,,260.000,0.000,0
20,100.00,car_flow_E#10.5,254.805,2.352,1,,260.000,0.000,0
20,100.00,car_flow_E#10.3,351.301,3.499,1,,260.000,0.000,0
20,105.00,car_flow_E#10.12,86.618,12.154,0,250.797,260.000,9.203,0
20,105.00,car_flow_E#10.9,200.384,11.948,0,250.797,260.000,9.203,0
20,105.00,car_flow_E#10.8,241.742,6.581,0,250.797,260.000,9.203,0
20,105.00,car_flow_E#10.6,320.554,9.216,0,250.797,260.000,9.203,0
20,105.00,car_flow_E#10.4,348.743,0.808,0,250.797,260.000,9.203,0
20,105.00,car_flow_E#10.2,362.519,0.000,0,250.797,260.000,9.203,0
20,105.00,car_flow_E#10.13,37.017,14.551,1,250.797,260.000,9.203,0
20,105.00,car_flow_E#10.11,145.771,13.465,1,250.797,260.000,9.203,0
20,105.00,car_flow_E#10.10,181.317,12.749,1,250.797,260.000,9.203,0
20,105.00,car_flow_E#10.7,250.797,0.214,1,250.797,260.000,9.203,0
20,105.00,car_flow_E#10.5,257.483,0.018,1,250.797,260.000,9.203,0
20,105.00,car_flow_E#10.3,355.987,0.035,1,250.797,260.000,9.203,0
20,110.00,car_flow_E#10.12,146.713,12.165,0,,260.000,0.000,0
20,110.00,car_flow_E#10.9,240.327,3.397,0,,260.000,0.000,0
20,110.00,car_flow_E#10.8,251.481,1.209,0,,260.000,0.000,0
20,110.00,car_flow_E#10.5,259.086,2.577,0,,260.000,0.000,0
20,110.00,car_flow_E#10.6,342.202,0.915,0,,260.000,0.000,0
20,110.00,car_flow_E#10.4,349.512,0.006,0,,260.000,0.000,0
20,110.00,car_flow_E#10.2,362.519,0.000,0,,260.000,0.000,0
20,110.00,car_flow_E#10.14,70.508,14.560,1,,260.000,0.000,0
20,110.00,car_flow_E#10.13,110.432,14.738,1,,260.000,0.000,0
20,110.00,car_flow_E#10.11,176.488,3.081,1,,260.000,0.000,0
20,110.00,car_flow_E#10.10,215.994,7.556,1,,260.000,0.000,0
20,110.00,car_flow_E#10.7,251.959,1.910,1,,260.000,0.000,0
20,110.00,car_flow_E#10.3,356.018,0.000,1,,260.000,0.000,0
20,115.00,car_flow_E#10.12,206.805,11.560,0,257.318,260.000,2.682,0
20,115.00,car_flow_E#10.9,250.063,0.808,0,257.318,260.000,2.682,0
20,115.00,car_flow_E#10.8,285.786,11.860,0,257.318,260.000,2.682,0
20,115.00,car_flow_E#10.5,301.054,12.465,0,257.318,260.000,2.682,0
20,115.00,car_flow_E#10.6,343.012,0.005,0,257.318,260.000,2.682,0
20,115.00,car_flow_E#10.4,349.517,0.000,0,257.318,260.000,2.682,0
20,115.00,car_flow_E#10.2,362.519,0.000,0,257.318,260.000,2.682,0
20,115.00,car_flow_E#10.14,140.658,12.342,1,257.318,260.000,2.682,0
20,115.00,car_flow_E#10.13,169.873,9.473,1,257.318,260.000,2.682,0
20,115.00,car_flow_E#10.11,194.051,6.875,1,257.318,260.000,2.682,0
20,115.00,car_flow_E#10.10,245.971,1.207,1,257.318,260.000,2.682,0
20,115.00,car_flow_E#10.7,257.318,0.214,1,257.318,260.000,2.682,0
20,115.00,car_flow_E#10.3,356.018,0.000,1,257.318,260.000,2.682,0
20,120.00,car_flow_E#10.12,239.544,1.283,0,246.228,260.000,13.772,0
20,120.00,car_flow_E#10.9,251.503,1.270,0,246.228,260.000,13.772,0
20,120.00,car_flow_E#10.7,259.142,2.619,0,246.228,260.000,13.772,0
20,120.00,car_flow_E#10.8,323.679,4.866,0,246.228,260.000,13.772,0
20,120.00,car_flow_E#10.5,336.336,4.296,0,246.228,260.000,13.772,0
20,120.00,car_flow_E#10.6,348.551,3.323,0,246.228,260.000,13.772,0
20,120.00,car_flow_E#10.4,358.190,4.537,0,246.228,260.000,13.772,0
20,120.00,car_flow_E#10.14,168.233,3.092,1,246.228,260.000,13.772,0
20,120.00,car_flow_E#10.13,195.998,6.563,1,246.228,260.000,13.772,0
20,120.00,car_flow_E#10.11,233.649,4.127,1,246.228,260.000,13.772,0
20,120.00,car_flow_E#10.10,246.228,0.000,1,246.228,260.000,13.772,0
20,120.00,car_flow_E#10.3,361.151,3.125,1,246.228,260.000,13.772,0
21,35.00,car_flow_E#10.0,57.745,13.171,0,,260.000,0.000,2
21,40.00,car_flow_E#10.0,124.143,13.354,0,,260.000,0.000,2
21,45.00,car_flow_E#10.0,190.622,13.193,0,,260.000,0.000,1
21,50.00,car_flow_E#10.1,21.658,11.986,0,,260.000,0.000,0
21,50.00,car_flow_E#10.0,256.993,13.248,0,,260.000,0.000,0
21,55.00,car_flow_E#10.1,81.646,12.112,0,,260.000,0.000,0
21,55.00,car_flow_E#10.0,323.516,13.197,0,,260.000,0.000,0
21,60.00,car_flow_E#10.2,14.366,18.131,0,,260.000,0.000,0
21,60.00,car_flow_E#10.1,141.630,11.994,0,,260.000,0.000,0
21,60.00,car_flow_E#10.0,363.305,1.110,0,,260.000,0.000,0
21,65.00,car_flow_E#10.3,15.231,13.399,0,,260.000,0.000,0
21,65.00,car_flow_E#10.2,104.773,18.026,0,,260.000,0.000,0
21,65.00,car_flow_E#10.1,201.866,12.069,0,,260.000,0.000,0
21,65.00,car_flow_E#10.0,363.406,0.000,0,,260.000,0.000,0
21,70.00,car_flow_E#10.4,15.575,11.201,0,,260.000,0.000,0
21,70.00,car_flow_E#10.3,81.718,13.255,0,,260.000,0.000,0
21,70.00,car_flow_E#10.2,195.137,17.985,0,,260.000,0.000,0
21,70.00,car_flow_E#10.1,261.885,12.076,0,,260.000,0.000,0
21,70.00,car_flow_E#10.0,363.406,0.000,0,,260.000,0.000,0
21,70.00,car_flow_E#10.5,4.050,15.360,1,,260.000,0.000,0
21,75.00,car_flow_E#10.4,71.240,11.240,0,,260.000,0.000,0
21,75.00,car_flow_E#10.3,148.170,13.389,0,,260.000,0.000,0
21,75.00,car_flow_E#10.2,281.994,15.899,0,,260.000,0.000,0
21,75.00,car_flow_E#10.1,321.939,12.014,0,,260.000,0.000,0
21,75.00,car_flow_E#10.5,81.083,15.394,1,,260.000,0.000,0
21,80.00,car_flow_E#10.6,31.891,13.247,0,,260.000,0.000,0
21,80.00,car_flow_E#10.4,126.870,11.031,0,,260.000,0.000,0
21,80.00,car_flow_E#10.3,214.687,13.369,0,,260.000,0.000,0
21,80.00,car_flow_E#10.2,341.983,7.106,0,,260.000,0.000,0
21,80.00,car_flow_E#10.1,361.966,2.097,0,,260.000,0.000,0
21,80.00,car_flow_E#10.5,158.116,15.445,1,,260.000,0.000,0
21,85.00,car_flow_E#10.8,24.870,15.317,0,,260.000,0.000,0
21,85.00,car_flow_E#10.6,97.474,13.222,0,,260.000,0.000,0
21,85.00,car_flow_E#10.4,182.559,11.046,0,,260.000,0.000,0
21,85.00,car_flow_E#10.3,281.265,13.340,0,,260.000,0.000,0
21,85.00,car_flow_E#10.1,362.519,0.000,0,,260.000,0.000,0
21,85.00,car_flow_E#10.7,57.529,15.326,1,,260.000,0.000,0
21,85.00,car_flow_E#10.5,205.512,9.785,1,,260.000,0.000,0
21,85.00,car_flow_E#10.2,362.364,1.285,1,,260.000,0.000,0
21,90.00,car_flow_E#10.8,101.650,15.348,0,,260.000,0.000,0
21,90.00,car_flow_E#10.6,163.174,13.025,0,,260.000,0.000,0
21,90.00,car_flow_E#10.4,235.582,8.160,0,,260.000,0.000,0
21,90.00,car_flow_E#10.3,340.522,7.569,0,,260.000,0.000,0
21,90.00,car_flow_E#10.1,362.519,0.000,0,,260.000,0.000,0
21,90.00,car_flow_E#10.7,134.294,15.388,1,,260.000,0.000,0
21,90.00,car_flow_E#10.5,250.874,4.495,1,,260.000,0.000,0
21,90.00,car_flow_E#10.2,362.519,0.000,1,,260.000,0.000,0
21,95.00,car_flow_E#10.11,1.060,15.543,0,257.440,260.000,2.560,2
21,95.00,car_flow_E#10.9,50.066,13.430,0,257.440,260.000,2.560,2
21,95.00,car_flow_E#10.8,164.722,6.535,0,257.440,260.000,2.560,2
21,95.00,car_flow_E#10.6,224.546,8.813,0,257.440,260.000,2.560,2
21,95.00,car_flow_E#10.4,250.778,0.166,0,257.440,260.000,2.560,2
21,95.00,car_flow_E#10.10,38.745,14.877,1,257.440,260.000,2.560,2
21,95.00,car_flow_E#10.7,174.366,4.738,1,257.440,260.000,2.560,2
21,95.00,car_flow_E#10.5,257.440,0.067,1,257.440,260.000,2.560,2
21,95.00,car_flow_E#10.2,363.414,0.000,1,257.440,260.000,2.560,2
21,100.00,car_flow_E#10.12,12.752,12.606,0,,260.000,0.000,2
21,100.00,car_flow_E#10.11,78.472,15.407,0,,260.000,0.000,2
21,100.00,car_flow_E#10.9,116.863,13.466,0,,260.000,0.000,2
21,100.00,car_flow_E#10.8,216.831,11.208,0,,260.000,0.000,2
21,100.00,car_flow_E#10.6,249.812,5.581,0,,260.000,0.000,2
21,100.00,car_flow_E#10.4,261.635,6.387,0,,260.000,0.000,2
21,100.00,car_flow_E#10.5,273.084,7.861,0,,260.000,0.000,2
21,100.00,car_flow_E#10.13,4.205,14.725,1,,260.000,0.000,2
21,100.00,car_flow_E#10.10,113.626,15.021,1,,260.000,0.000,2
21,100.00,car_flow_E#10.7,193.782,6.497,1,,260.000,0.000,2
21,100.00,car_flow_E#10.2,363.414,0.000,1,,260.000,0.000,2
21,105.00,car_flow_E#10.12,76.114,12.656,0,,260.000,0.000,2
21,105.00,car_flow_E#10.11,154.055,13.862,0,,260.000,0.000,2
21,105.00,car_flow_E#10.9,182.130,12.269,0,,260.000,0.000,2
21,105.00,car_flow_E#10.8,273.720,11.740,0,,260.000,0.000,2
21,105.00,car_flow_E#10.6,295.847,10.670,0,,260.000,0.000,2
21,105.00,car_flow_E#10.4,312.192,11.163,0,,260.000,0.000,2
21,105.00,car_flow_E#10.5,336.523,12.625,0,,260.000,0.000,2
21,105.00,car_flow_E#10.13,77.700,14.689,1,,260.000,0.000,2
21,105.00,car_flow_E#10.10,188.522,15.080,1,,260.000,0.000,2
21,105.00,car_flow_E#10.7,242.867,7.349,1,,260.000,0.000,2
21,105.00,car_flow_E#10.2,363.414,0.000,1,,260.000,0.000,2
21,110.00,car_flow_E#10.14,53.633,11.507,0,,260.000,0.000,2
21,110.00,car_flow_E#10.12,139.549,12.802,0,,260.000,0.000,2
21,110.00,car_flow_E#10.11,224.814,13.688,0,,260.000,0.000,2
21,110.00,car_flow_E#10.9,248.471,13.257,0,,260.000,0.000,2
21,110.00,car_flow_E#10.7,284.023,12.851,0,,260.000,0.000,2
21,110.00,car_flow_E#10.8,330.821,11.403,0,,260.000,0.000,2
21,110.00,car_flow_E#10.6,350.225,10.918,0,,260.000,0.000,2
21,110.00,car_flow_E#10.15,60.235,13.149,1,,260.000,0.000,2
21,110.00,car_flow_E#10.13,151.123,14.715,1,,260.000,0.000,2
21,110.00,car_flow_E#10.10,234.457,9.418,1,,260.000,0.000,2
21,115.00,car_flow_E#10.14,110.584,11.486,0,256.655,260.000,3.345,4
21,115.00,car_flow_E#10.12,203.201,12.743,0,256.655,260.000,3.345,4
21,115.00,car_flow_E#10.11,291.843,11.447,0,256.655,260.000,3.345,4
21,115.00,car_flow_E#10.9,312.677,10.765,0,256.655,260.000,3.345,4
21,115.00,car_flow_E#10.7,340.054,7.845,0,256.655,260.000,3.345,4
21,115.00,car_flow_E#10.6,362.796,0.000,0,256.655,260.000,3.345,4
21,115.00,car_flow_E#10.16,14.520,14.653,1,256.655,260.000,3.345,4
21,115.00,car_flow_E#10.15,126.103,13.184,1,256.655,260.000,3.345,4
21,115.00,car_flow_E#10.13,195.232,9.289,1,256.655,260.000,3.345,4
21,115.00,car_flow_E#10.10,256.655,0.962,1,256.655,260.000,3.345,4
21,115.00,car_flow_E#10.8,356.440,1.371,1,256.655,260.000,3.345,4
21,120.00,car_flow_E#10.17,25.472,14.897,0,,260.000,0.000,3
21,120.00,car_flow_E#10.14,167.448,11.286,0,,260.000,0.000,3
21,120.00,car_flow_E#10.12,255.328,10.055,0,,260.000,0.000,3
21,120.00,car_flow_E#10.10,276.648,9.188,0,,260.000,0.000,3
21,120.00,car_flow_E#10.11,332.505,4.917,0,,260.000,0.000,3
21,120.00,car_flow_E#10.9,345.798,2.761,0,,260.000,0.000,3
21,120.00,car_flow_E#10.7,355.918,0.423,0,,260.000,0.000,3
21,120.00,car_flow_E#10.6,362.796,0.000,0,,260.000,0.000,3
21,120.00,car_flow_E#10.16,87.228,14.564,1,,260.000,0.000,3
21,120.00,car_flow_E#10.15,155.549,2.807,1,,260.000,0.000,3
21,120.00,car_flow_E#10.13,246.253,6.082,1,,260.000,0.000,3
21,120.00,car_flow_E#10.8,362.519,0.000,1,,260.000,0.000,3
22,30.00,car_flow_E#10.0,39.042,13.827,0,,260.000,0.000,2
22,35.00,car_flow_E#10.1,27.229,10.955,0,,260.000,0.000,2
22,35.00,car_flow_E#10.0,108.799,13.998,0,,260.000,0.000,2
22,35.00,car_flow_E#10.2,4.326,11.683,1,,260.000,0.000,2
22,35.00,car_flow_E#10.3,24.979,15.191,1,,260.000,0.000,2
22,40.00,car_flow_E#10.4,15.646,13.405,0,,260.000,0.000,2
22,40.00,car_flow_E#10.1,81.767,10.963,0,,260.000,0.000,2
22,40.00,car_flow_E#10.0,178.618,14.019,0,,260.000,0.000,2
22,40.00,car_flow_E#10.2,63.160,11.750,1,,260.000,0.000,2
22,40.00,car_flow_E#10.3,101.568,15.460,1,,260.000,0.000,2
22,45.00,car_flow_E#10.4,82.484,13.503,0,,260.000,0.000,0
22,45.00,car_flow_E#10.1,136.380,10.932,0,,260.000,0.000,0
22,45.00,car_flow_E#10.0,248.125,14.072,0,,260.000,0.000,0
22,45.00,car_flow_E#10.2,122.010,11.897,1,,260.000,0.000,0
22,45.00,car_flow_E#10.3,178.182,15.246,1,,260.000,0.000,0
22,50.00,car_flow_E#10.6,5.819,13.347,0,,260.000,0.000,0
22,50.00,car_flow_E#10.5,60.179,12.582,0,,260.000,0.000,0
22,50.00,car_flow_E#10.4,149.200,13.429,0,,260.000,0.000,0
22,50.00,car_flow_E#10.1,190.948,10.982,0,,260.000,0.000,0
22,50.00,car_flow_E#10.0,317.829,14.062,0,,260.000,0.000,0
22,50.00,car_flow_E#10.2,148.577,2.684,1,,260.000,0.000,0
22,50.00,car_flow_E#10.3,225.052,9.842,1,,260.000,0.000,0
22,55.00,car_flow_E#10.7,22.368,13.861,0,,260.000,0.000,0
22,55.00,car_flow_E#10.6,72.828,13.512,0,,260.000,0.000,0
22,55.00,car_flow_E#10.5,122.349,12.348,0,,260.000,0.000,0
22,55.00,car_flow_E#10.4,212.544,10.156,0,,260.000,0.000,0
22,55.00,car_flow_E#10.1,238.461,6.083,0,,260.000,0.000,0
22,55.00,car_flow_E#10.3,255.545,1.828,0,,260.000,0.000,0
22,55.00,car_flow_E#10.0,362.057,1.897,0,,260.000,0.000,0
22,55.00,car_flow_E#10.2,187.927,10.221,1,,260.000,0.000,0
22,60.00,car_flow_E#10.7,92.012,13.992,0,,260.000,0.000,2
22,60.00,car_flow_E#10.6,139.869,13.374,0,,260.000,0.000,2
22,60.00,car_flow_E#10.5,184.462,12.333,0,,260.000,0.000,2
22,60.00,car_flow_E#10.4,258.224,11.045,0,,260.000,0.000,2
22,60.00,car_flow_E#10.1,276.427,10.990,0,,260.000,0.000,2
22,60.00,car_flow_E#10.3,293.933,13.775,0,,260.000,0.000,2
22,60.00,car_flow_E#10.2,215.102,6.210,1,,260.000,0.000,2
22,65.00,car_flow_E#10.8,5.947,12.348,0,,260.000,0.000,3
22,65.00,car_flow_E#10.7,161.880,13.848,0,,260.000,0.000,3
22,65.00,car_flow_E#10.6,206.916,12.975,0,,260.000,0.000,3
22,65.00,car_flow_E#10.5,242.120,7.546,0,,260.000,0.000,3
22,65.00,car_flow_E#10.4,312.741,10.536,0,,260.000,0.000,3
22,65.00,car_flow_E#10.1,330.739,10.213,0,,260.000,0.000,3
22,65.00,car_flow_E#10.3,356.010,6.443,0,,260.000,0.000,3
22,65.00,car_flow_E#10.2,252.133,3.886,1,,260.000,0.000,3
22,70.00,car_flow_E#10.10,11.427,13.022,0,257.458,260.000,2.542,3
22,70.00,car_flow_E#10.9,36.249,12.409,0,257.458,260.000,2.542,3
22,70.00,car_flow_E#10.8,67.916,12.433,0,257.458,260.000,2.542,3
22,70.00,car_flow_E#10.7,220.460,7.328,0,257.458,260.000,2.542,3
22,70.00,car_flow_E#10.6,241.644,2.384,0,257.458,260.000,2.542,3
22,70.00,car_flow_E#10.5,250.912,0.045,0,257.458,260.000,2.542,3
22,70.00,car_flow_E#10.4,344.603,3.256,0,257.458,260.000,2.542,3
22,70.00,car_flow_E#10.3,362.519,0.000,0,257.458,260.000,2.542,3
22,70.00,car_flow_E#10.2,257.458,0.049,1,257.458,260.000,2.542,3
22,70.00,car_flow_E#10.1,355.417,2.534,1,257.458,260.000,2.542,3
22,75.00,car_flow_E#10.11,29.583,11.367,0,257.499,260.000,2.501,7
22,75.00,car_flow_E#10.10,76.649,12.987,0,257.499,260.000,2.501,7
22,75.00,car_flow_E#10.9,98.553,12.391,0,257.499,260.000,2.501,7
22,75.00,car_flow_E#10.8,130.049,12.447,0,257.499,260.000,2.501,7
22,75.00,car_flow_E#10.7,237.417,0.602,0,257.499,260.000,2.501,7
22,75.00,car_flow_E#10.6,244.472,0.028,0,257.499,260.000,2.501,7
22,75.00,car_flow_E#10.5,250.996,0.002,0,257.499,260.000,2.501,7
22,75.00,car_flow_E#10.3,362.519,0.000,0,257.499,260.000,2.501,7
22,75.00,car_flow_E#10.12,61.184,15.743,1,257.499,260.000,2.501,7
22,75.00,car_flow_E#10.2,257.499,0.000,1,257.499,260.000,2.501,7
22,75.00,car_flow_E#10.4,355.479,0.648,1,257.499,260.000,2.501,7
22,75.00,car_flow_E#10.1,362.519,0.000,1,257.499,260.000,2.501,7
22,80.00,car_flow_E#10.13,59.034,13.205,0,,260.000,0.000,7
22,80.00,car_flow_E#10.11,86.557,11.303,0,,260.000,0.000,7
22,80.00,car_flow_E#10.10,140.295,12.639,0,,260.000,0.000,7
22,80.00,car_flow_E#10.9,160.800,12.323,0,,260.000,0.000,7
22,80.00,car_flow_E#10.8,192.130,12.463,0,,260.000,0.000,7
22,80.00,car_flow_E#10.6,246.148,2.114,0,,260.000,0.000,7
22,80.00,car_flow_E#10.5,254.567,3.601,0,,260.000,0.000,7
22,80.00,car_flow_E#10.2,263.943,5.034,0,,260.000,0.000,7
22,80.00,car_flow_E#10.3,362.519,0.000,0,,260.000,0.000,7
22,80.00,car_flow_E#10.14,44.969,17.572,1,,260.000,0.000,7
22,80.00,car_flow_E#10.12,140.275,15.843,1,,260.000,0.000,7
22,80.00,car_flow_E#10.7,238.578,1.037,1,,260.000,0.000,7
22,80.00,car_flow_E#10.4,356.016,0.003,1,,260.000,0.000,7
22,80.00,car_flow_E#10.1,362.519,0.000,1,,260.000,0.000,7
22,85.00,car_flow_E#10.15,5.126,12.907,0,,260.000,0.000,4
22,85.00,car_flow_E#10.13,121.719,12.050,0,,260.000,0.000,4
22,85.00,car_flow_E#10.11,143.593,11.526,0,,260.000,0.000,4
22,85.00,car_flow_E#10.10,201.735,11.305,0,,260.000,0.000,4
22,85.00,car_flow_E#10.9,221.049,10.420,0,,260.000,0.000,4
22,85.00,car_flow_E#10.8,248.093,12.424,0,,260.000,0.000,4
22,85.00,car_flow_E#10.6,282.174,10.386,0,,260.000,0.000,4
22,85.00,car_flow_E#10.5,296.995,11.028,0,,260.000,0.000,4
22,85.00,car_flow_E#10.2,313.232,11.622,0,,260.000,0.000,4
22,85.00,car_flow_E#10.3,362.519,0.000,0,,260.000,0.000,4
22,85.00,car_flow_E#10.14,130.432,14.809,1,,260.000,0.000,4
22,85.00,car_flow_E#10.12,182.616,5.025,1,,260.000,0.000,4
22,85.00,car_flow_E#10.7,252.059,3.814,1,,260.000,0.000,4
22,85.00,car_flow_E#10.4,356.018,0.000,1,,260.000,0.000,4
22,85.00,car_flow_E#10.1,362.519,0.000,1,,260.000,0.000,4
22,90.00,car_flow_E#10.15,69.570,12.879,0,257.456,260.000,2.544,2
22,90.00,car_flow_E#10.13,180.770,11.871,0,257.456,260.000,2.544,2
22,90.00,car_flow_E#10.11,200.548,11.549,0,257.456,260.000,2.544,2
22,90.00,car_flow_E#10.10,245.942,6.831,0,257.456,260.000,2.544,2
22,90.00,car_flow_E#10.9,272.133,12.399,0,257.456,260.000,2.544,2
22,90.00,car_flow_E#10.8,304.358,8.411,0,257.456,260.000,2.544,2
22,90.00,car_flow_E#10.6,325.334,5.936,0,257.456,260.000,2.544,2
22,90.00,car_flow_E#10.5,339.196,4.679,0,257.456,260.000,2.544,2
22,90.00,car_flow_E#10.2,352.176,2.902,0,257.456,260.000,2.544,2
22,90.00,car_flow_E#10.3,362.519,0.000,0,257.456,260.000,2.544,2
22,90.00,car_flow_E#10.14,167.534,3.972,1,257.456,260.000,2.544,2
22,90.00,car_flow_E#10.12,202.669,6.438,1,257.456,260.000,2.544,2
22,90.00,car_flow_E#10.7,257.456,0.053,1,257.456,260.000,2.544,2
22,90.00,car_flow_E#10.4,356.018,0.000,1,257.456,260.000,2.544,2
22,90.00,car_flow_E#10.1,362.519,0.000,1,257.456,260.000,2.544,2
22,95.00,car_flow_E#10.15,133.950,12.992,0,257.499,260.000,2.501,3
22,95.00,car_flow_E#10.13,229.264,6.504,0,257.499,260.000,2.501,3
22,95.00,car_flow_E#10.11,247.276,7.311,0,257.499,260.000,2.501,3
22,95.00,car_flow_E#10.10,265.953,6.860,0,257.499,260.000,2.501,3
22,95.00,car_flow_E#10.9,316.293,5.493,0,257.499,260.000,2.501,3
22,95.00,car_flow_E#10.8,331.435,2.868,0,257.499,260.000,2.501,3
22,95.00,car_flow_E#10.6,341.528,1.189,0,257.499,260.000,2.501,3
22,95.00,car_flow_E#10.5,349.223,0.318,0,257.499,260.000,2.501,3
22,95.00,car_flow_E#10.2,355.988,0.033,0,257.499,260.000,2.501,3
22,95.00,car_flow_E#10.3,362.519,0.000,0,257.499,260.000,2.501,3
22,95.00,car_flow_E#10.14,186.253,6.767,1,257.499,260.000,2.501,3
22,95.00,car_flow_E#10.12,242.803,4.321,1,257.499,260.000,2.501,3
22,95.00,car_flow_E#10.7,257.499,0.001,1,257.499,260.000,2.501,3
22,95.00,car_flow_E#10.4,356.018,0.000,1,257.499,260.000,2.501,3
22,95.00,car_flow_E#10.1,362.519,0.000,1,257.499,260.000,2.501,3
22,100.00,car_flow_E#10.16,66.723,15.327,0,250.863,260.000,9.137,3
22,100.00,car_flow_E#10.15,198.024,11.892,0,250.863,260.000,9.137,3
22,100.00,car_flow_E#10.13,243.650,0.678,0,250.863,260.000,9.137,3
22,100.00,car_flow_E#10.7,257.499,0.000,0,250.863,260.000,9.137,3
22,100.00,car_flow_E#10.11,271.160,8.526,0,250.863,260.000,9.137,3
22,100.00,car_flow_E#10.10,311.641,6.211,0,250.863,260.000,9.137,3
22,100.00,car_flow_E#10.9,329.332,0.620,0,250.863,260.000,9.137,3
22,100.00,car_flow_E#10.8,336.396,0.109,0,250.863,260.000,9.137,3
22,100.00,car_flow_E#10.6,342.996,0.021,0,250.863,260.000,9.137,3
22,100.00,car_flow_E#10.5,349.515,0.003,0,250.863,260.000,9.137,3
22,100.00,car_flow_E#10.2,356.018,0.000,0,250.863,260.000,9.137,3
22,100.00,car_flow_E#10.3,362.519,0.000,0,250.863,260.000,9.137,3
22,100.00,car_flow_E#10.14,232.787,6.206,1,250.863,260.000,9.137,3
22,100.00,car_flow_E#10.12,250.863,0.159,1,250.863,260.000,9.137,3
22,100.00,car_flow_E#10.4,356.018,0.000,1,250.863,260.000,9.137,3
22,100.00,car_flow_E#10.1,362.519,0.000,1,250.863,260.000,9.137,3
22,105.00,car_flow_E#10.16,143.439,15.310,0,,260.000,0.000,3
22,105.00,car_flow_E#10.13,250.989,4.109,0,,260.000,0.000,3
22,105.00,car_flow_E#10.12,261.054,5.945,0,,260.000,0.000,3
22,105.00,car_flow_E#10.7,277.805,9.302,0,,260.000,0.000,3
22,105.00,car_flow_E#10.11,311.281,4.358,0,,260.000,0.000,3
22,105.00,car_flow_E#10.10,324.635,2.095,0,,260.000,0.000,3
22,105.00,car_flow_E#10.9,333.067,3.047,0,,260.000,0.000,3
22,105.00,car_flow_E#10.5,363.239,7.412,0,,260.000,0.000,3
22,105.00,car_flow_E#10.15,231.896,2.648,1,,260.000,0.000,3
22,105.00,car_flow_E#10.14,242.025,1.684,1,,260.000,0.000,3
22,105.00,car_flow_E#10.8,342.050,4.387,1,,260.000,0.000,3
22,105.00,car_flow_E#10.6,352.151,5.982,1,,260.000,0.000,3
22,110.00,car_flow_E#10.16,220.112,15.433,0,,260.000,0.000,3
22,110.00,car_flow_E#10.14,275.032,9.737,0,,260.000,0.000,3
22,110.00,car_flow_E#10.13,292.476,9.100,0,,260.000,0.000,3
22,110.00,car_flow_E#10.12,307.816,9.310,0,,260.000,0.000,3
22,110.00,car_flow_E#10.7,325.560,8.338,0,,260.000,0.000,3
22,110.00,car_flow_E#10.11,344.316,6.329,0,,260.000,0.000,3
22,110.00,car_flow_E#10.9,362.035,1.939,0,,260.000,0.000,3
22,110.00,car_flow_E#10.15,248.219,5.567,1,,260.000,0.000,3
22,110.00,car_flow_E#10.10,344.926,2.846,1,,260.000,0.000,3
22,110.00,car_flow_E#10.8,354.832,1.176,1,,260.000,0.000,3
22,110.00,car_flow_E#10.6,362.519,0.000,1,,260.000,0.000,3
22,115.00,car_flow_E#10.17,14.386,14.490,0,257.380,260.000,2.620,2
22,115.00,car_flow_E#10.16,285.500,9.704,0,257.380,260.000,2.620,2
22,115.00,car_flow_E#10.14,311.812,5.279,0,257.380,260.000,2.620,2
22,115.00,car_flow_E#10.13,325.125,4.180,0,257.380,260.000,2.620,2
22,115.00,car_flow_E#10.12,337.186,3.254,0,257.380,260.000,2.620,2
22,115.00,car_flow_E#10.7,347.702,1.473,0,257.380,260.000,2.620,2
22,115.00,car_flow_E#10.11,355.831,0.216,0,257.380,260.000,2.620,2
22,115.00,car_flow_E#10.9,362.519,0.000,0,257.380,260.000,2.620,2
22,115.00,car_flow_E#10.15,257.380,0.136,1,257.380,260.000,2.620,2
22,115.00,car_flow_E#10.10,349.452,0.072,1,257.380,260.000,2.620,2
22,115.00,car_flow_E#10.8,356.012,0.008,1,257.380,260.000,2.620,2
22,115.00,car_flow_E#10.6,362.519,0.000,1,257.380,260.000,2.620,2
22,120.00,car_flow_E#10.18,41.268,15.019,0,,260.000,0.000,2
22,120.00,car_flow_E#10.17,86.378,14.283,0,,260.000,0.000,2
22,120.00,car_flow_E#10.15,277.464,9.168,0,,260.000,0.000,2
22,120.00,car_flow_E#10.16,316.777,3.294,0,,260.000,0.000,2
22,120.00,car_flow_E#10.14,327.815,1.452,0,,260.000,0.000,2
22,120.00,car_flow_E#10.13,335.845,0.572,0,,260.000,0.000,2
22,120.00,car_flow_E#10.12,342.886,0.134,0,,260.000,0.000,2
22,120.00,car_flow_E#10.7,349.501,0.019,0,,260.000,0.000,2
22,120.00,car_flow_E#10.11,356.017,0.001,0,,260.000,0.000,2
22,120.00,car_flow_E#10.9,362.519,0.000,0,,260.000,0.000,2
22,120.00,car_flow_E#10.10,349.516,0.001,1,,260.000,0.000,2
22,120.00,car_flow_E#10.8,356.018,0.000,1,,260.000,0.000,2
22,120.00,car_flow_E#10.6,362.519,0.000,1,,260.000,0.000,2
23,25.00,car_flow_E#10.0,0.300,13.371,0,,260.000,0.000,0
23,30.00,car_flow_E#10.0,66.574,13.269,0,,260.000,0.000,0
23,35.00,car_flow_E#10.1,45.463,13.550,0,,260.000,0.000,0
23,35.00,car_flow_E#10.0,132.730,13.113,0,,260.000,0.000,0
23,35.00,car_flow_E#10.2,26.442,14.494,1,,260.000,0.000,0
23,40.00,car_flow_E#10.1,113.046,13.606,0,,260.000,0.000,0
23,40.00,car_flow_E#10.0,198.896,13.255,0,,260.000,0.000,0
23,40.00,car_flow_E#10.2,98.621,14.325,1,,260.000,0.000,0
23,45.00,car_flow_E#10.1,180.653,13.525,0,,260.000,0.000,0
23,45.00,car_flow_E#10.0,264.982,13.243,0,,260.000,0.000,0
23,45.00,car_flow_E#10.2,170.020,12.849,1,,260.000,0.000,0
23,50.00,car_flow_E#10.3,26.943,12.196,0,,260.000,0.000,0
23,50.00,car_flow_E#10.1,248.348,13.663,0,,260.000,0.000,0
23,50.00,car_flow_E#10.0,331.102,13.366,0,,260.000,0.000,0
23,50.00,car_flow_E#10.2,204.738,7.253,1,,260.000,0.000,0
23,55.00,car_flow_E#10.4,25.872,11.737,0,,260.000,0.000,2
23,55.00,car_flow_E#10.3,88.381,12.214,0,,260.000,0.000,2
23,55.00,car_flow_E#10.1,315.897,13.493,0,,260.000,0.000,2
23,55.00,car_flow_E#10.0,362.519,0.000,0,,260.000,0.000,2
23,55.00,car_flow_E#10.2,248.798,5.185,1,,260.000,0.000,2
23,60.00,car_flow_E#10.4,84.507,11.785,0,,260.000,0.000,2
23,60.00,car_flow_E#10.3,149.837,12.385,0,,260.000,0.000,2
23,60.00,car_flow_E#10.2,281.869,11.679,0,,260.000,0.000,2
23,65.00,car_flow_E#10.5,34.723,15.240,0,,260.000,0.000,2
23,65.00,car_flow_E#10.4,143.210,11.735,0,,260.000,0.000,2
23,65.00,car_flow_E#10.3,211.214,12.281,0,,260.000,0.000,2
23,65.00,car_flow_E#10.2,352.867,14.427,0,,260.000,0.000,2
23,70.00,car_flow_E#10.5,111.506,15.287,0,,260.000,0.000,2
23,70.00,car_flow_E#10.4,201.891,11.658,0,,260.000,0.000,2
23,70.00,car_flow_E#10.3,272.766,12.398,0,,260.000,0.000,2
23,70.00,car_flow_E#10.2,363.520,0.000,0,,260.000,0.000,2
23,75.00,car_flow_E#10.6,36.674,12.538,0,,260.000,0.000,2
23,75.00,car_flow_E#10.5,188.221,15.449,0,,260.000,0.000,2
23,75.00,car_flow_E#10.4,260.509,11.615,0,,260.000,0.000,2
23,75.00,car_flow_E#10.3,333.001,9.903,0,,260.000,0.000,2
23,75.00,car_flow_E#10.2,363.520,0.000,0,,260.000,0.000,2
23,75.00,car_flow_E#10.7,3.555,13.717,1,,260.000,0.000,2
23,80.00,car_flow_E#10.8,47.412,14.230,0,,260.000,0.000,2
23,80.00,car_flow_E#10.6,98.982,12.591,0,,260.000,0.000,2
23,80.00,car_flow_E#10.5,264.961,15.300,0,,260.000,0.000,2
23,80.00,car_flow_E#10.4,319.113,11.817,0,,260.000,0.000,2
23,80.00,car_flow_E#10.2,363.520,0.000,0,,260.000,0.000,2
23,80.00,car_flow_E#10.7,72.047,13.787,1,,260.000,0.000,2
23,80.00,car_flow_E#10.3,360.964,3.338,1,,260.000,0.000,2
23,85.00,car_flow_E#10.10,9.347,13.950,0,,260.000,0.000,2
23,85.00,car_flow_E#10.9,49.130,13.980,0,,260.000,0.000,2
23,85.00,car_flow_E#10.8,118.062,14.218,0,,260.000,0.000,2
23,85.00,car_flow_E#10.6,161.232,12.522,0,,260.000,0.000,2
23,85.00,car_flow_E#10.5,329.506,8.650,0,,260.000,0.000,2
23,85.00,car_flow_E#10.4,354.133,2.398,0,,260.000,0.000,2
23,85.00,car_flow_E#10.2,363.520,0.000,0,,260.000,0.000,2
23,85.00,car_flow_E#10.7,140.350,13.639,1,,260.000,0.000,2
23,85.00,car_flow_E#10.3,362.519,0.000,1,,260.000,0.000,2
23,90.00,car_flow_E#10.11,47.758,13.712,0,,260.000,0.000,0
23,90.00,car_flow_E#10.10,78.402,13.898,0,,260.000,0.000,0
23,90.00,car_flow_E#10.9,118.942,13.951,0,,260.000,0.000,0
23,90.00,car_flow_E#10.8,170.046,4.365,0,,260.000,0.000,0
23,90.00,car_flow_E#10.6,223.290,12.594,0,,260.000,0.000,0
23,90.00,car_flow_E#10.5,349.709,0.900,0,,260.000,0.000,0
23,90.00,car_flow_E#10.4,357.001,0.021,0,,260.000,0.000,0
23,90.00,car_flow_E#10.2,363.520,0.000,0,,260.000,0.000,0
23,90.00,car_flow_E#10.12,3.171,16.037,1,,260.000,0.000,0
23,90.00,car_flow_E#10.7,171.881,3.317,1,,260.000,0.000,0
23,90.00,car_flow_E#10.3,362.519,0.000,1,,260.000,0.000,0
23,95.00,car_flow_E#10.11,116.289,13.664,0,,260.000,0.000,0
23,95.00,car_flow_E#10.10,147.468,13.894,0,,260.000,0.000,0
23,95.00,car_flow_E#10.9,185.724,14.069,0,,260.000,0.000,0
23,95.00,car_flow_E#10.8,215.937,13.960,0,,260.000,0.000,0
23,95.00,car_flow_E#10.6,285.675,12.572,0,,260.000,0.000,0
23,95.00,car_flow_E#10.5,360.771,6.190,0,,260.000,0.000,0
23,95.00,car_flow_E#10.12,82.736,15.911,1,,260.000,0.000,0
23,95.00,car_flow_E#10.7,189.544,6.495,1,,260.000,0.000,0
23,95.00,car_flow_E#10.3,363.419,0.001,1,,260.000,0.000,0
23,100.00,car_flow_E#10.11,184.902,13.815,0,,260.000,0.000,0
23,100.00,car_flow_E#10.10,214.254,11.281,0,,260.000,0.000,0
23,100.00,car_flow_E#10.9,255.514,14.039,0,,260.000,0.000,0
23,100.00,car_flow_E#10.8,286.507,14.186,0,,260.000,0.000,0
23,100.00,car_flow_E#10.6,342.092,7.471,0,,260.000,0.000,0
23,100.00,car_flow_E#10.5,363.520,0.000,0,,260.000,0.000,0
23,100.00,car_flow_E#10.12,162.470,16.025,1,,260.000,0.000,0
23,100.00,car_flow_E#10.7,240.793,8.033,1,,260.000,0.000,0
23,100.00,car_flow_E#10.3,363.419,0.000,1,,260.000,0.000,0
23,105.00,car_flow_E#10.14,4.691,14.514,0,257.146,260.000,2.854,0
23,105.00,car_flow_E#10.11,231.463,5.556,0,257.146,260.000,2.854,0
23,105.00,car_flow_E#10.10,246.945,2.695,0,257.146,260.000,2.854,0
23,105.00,car_flow_E#10.9,317.993,9.005,0,257.146,260.000,2.854,0
23,105.00,car_flow_E#10.8,339.829,5.963,0,257.146,260.000,2.854,0
23,105.00,car_flow_E#10.6,356.690,0.371,0,257.146,260.000,2.854,0
23,105.00,car_flow_E#10.5,363.520,0.000,0,257.146,260.000,2.854,0
23,105.00,car_flow_E#10.13,47.381,15.130,1,257.146,260.000,2.854,0
23,105.00,car_flow_E#10.12,213.022,10.546,1,257.146,260.000,2.854,0
23,105.00,car_flow_E#10.7,257.146,0.418,1,257.146,260.000,2.854,0
23,105.00,car_flow_E#10.3,363.419,0.000,1,257.146,260.000,2.854,0
23,110.00,car_flow_E#10.15,34.909,14.618,0,246.611,260.000,13.389,2
23,110.00,car_flow_E#10.14,76.848,14.413,0,246.611,260.000,13.389,2
23,110.00,car_flow_E#10.11,243.471,0.976,0,246.611,260.000,13.389,2
23,110.00,car_flow_E#10.10,250.924,0.088,0,246.611,260.000,13.389,2
23,110.00,car_flow_E#10.9,342.027,1.774,0,246.611,260.000,13.389,2
23,110.00,car_flow_E#10.8,350.344,0.202,0,246.611,260.000,13.389,2
23,110.00,car_flow_E#10.6,357.031,0.048,0,246.611,260.000,13.389,2
23,110.00,car_flow_E#10.13,122.486,15.083,1,246.611,260.000,13.389,2
23,110.00,car_flow_E#10.12,246.611,0.713,1,246.611,260.000,13.389,2
23,110.00,car_flow_E#10.7,257.497,0.002,1,246.611,260.000,13.389,2
23,110.00,car_flow_E#10.3,363.419,0.000,1,246.611,260.000,13.389,2
23,115.00,car_flow_E#10.16,17.455,15.983,0,,260.000,0.000,2
23,115.00,car_flow_E#10.15,107.516,14.529,0,,260.000,0.000,2
23,115.00,car_flow_E#10.14,149.199,14.566,0,,260.000,0.000,2
23,115.00,car_flow_E#10.11,247.179,0.571,0,,260.000,0.000,2
23,115.00,car_flow_E#10.10,263.439,7.287,0,,260.000,0.000,2
23,115.00,car_flow_E#10.7,275.370,9.110,0,,260.000,0.000,2
23,115.00,car_flow_E#10.9,348.239,0.896,0,,260.000,0.000,2
23,115.00,car_flow_E#10.8,355.683,0.370,0,,260.000,0.000,2
23,115.00,car_flow_E#10.6,362.519,0.000,0,,260.000,0.000,2
23,115.00,car_flow_E#10.13,160.876,4.029,1,,260.000,0.000,2
23,115.00,car_flow_E#10.12,250.680,4.071,1,,260.000,0.000,2
23,115.00,car_flow_E#10.3,363.419,0.000,1,,260.000,0.000,2
23,120.00,car_flow_E#10.16,96.606,15.921,0,257.438,260.000,2.562,1
23,120.00,car_flow_E#10.15,180.152,14.573,0,257.438,260.000,2.562,1
23,120.00,car_flow_E#10.14,217.746,10.468,0,257.438,260.000,2.562,1
23,120.00,car_flow_E#10.11,250.629,0.289,0,257.438,260.000,2.562,1
23,120.00,car_flow_E#10.10,317.395,10.736,0,257.438,260.000,2.562,1
23,120.00,car_flow_E#10.7,334.155,11.102,0,257.438,260.000,2.562,1
23,120.00,car_flow_E#10.9,363.517,7.565,0,257.438,260.000,2.562,1
23,120.00,car_flow_E#10.17,16.265,14.636,1,257.438,260.000,2.562,1
23,120.00,car_flow_E#10.13,179.404,6.549,1,257.438,260.000,2.562,1
23,120.00,car_flow_E#10.12,257.438,0.076,1,257.438,260.000,2.562,1
24,25.00,car_flow_E#10.0,39.658,15.319,1,,260.000,0.000,0
24,30.00,car_flow_E#10.1,31.041,12.956,0,,260.000,0.000,0
24,30.00,car_flow_E#10.0,115.835,15.194,1,,260.000,0.000,0
24,35.00,car_flow_E#10.3,0.197,13.250,0,,260.000,0.000,2
24,35.00,car_flow_E#10.2,47.518,14.631,0,,260.000,0.000,2
24,35.00,car_flow_E#10.1,95.838,12.947,0,,260.000,0.000,2
24,35.00,car_flow_E#10.0,192.089,15.368,0,,260.000,0.000,2
24,40.00,car_flow_E#10.4,37.681,13.611,0,,260.000,0.000,2
24,40.00,car_flow_E#10.3,65.767,13.095,0,,260.000,0.000,2
24,40.00,car_flow_E#10.2,121.259,14.760,0,,260.000,0.000,2
24,40.00,car_flow_E#10.1,160.533,12.845,0,,260.000,0.000,2
24,40.00,car_flow_E#10.0,268.455,15.315,0,,260.000,0.000,2
24,45.00,car_flow_E#10.6,35.740,15.171,0,,260.000,0.000,1
24,45.00,car_flow_E#10.4,106.083,13.822,0,,260.000,0.000,1
24,45.00,car_flow_E#10.3,131.332,12.976,0,,260.000,0.000,1
24,45.00,car_flow_E#10.2,195.002,14.532,0,,260.000,0.000,1
24,45.00,car_flow_E#10.1,225.173,13.019,0,,260.000,0.000,1
24,45.00,car_flow_E#10.0,341.647,11.479,0,,260.000,0.000,1
24,45.00,car_flow_E#10.5,66.065,14.731,1,,260.000,0.000,1
24,50.00,car_flow_E#10.6,112.041,15.185,0,,260.000,0.000,0
24,50.00,car_flow_E#10.4,174.274,13.576,0,,260.000,0.000,0
24,50.00,car_flow_E#10.3,196.742,13.179,0,,260.000,0.000,0
24,50.00,car_flow_E#10.2,265.822,13.459,0,,260.000,0.000,0
24,50.00,car_flow_E#10.1,289.992,13.042,0,,260.000,0.000,0
24,50.00,car_flow_E#10.7,47.157,15.888,1,,260.000,0.000,0
24,50.00,car_flow_E#10.5,139.472,14.657,1,,260.000,0.000,0
24,55.00,car_flow_E#10.9,22.617,13.122,0,,260.000,0.000,0
24,55.00,car_flow_E#10.8,69.346,14.348,0,,260.000,0.000,0
24,55.00,car_flow_E#10.6,170.668,5.228,0,,260.000,0.000,0
24,55.00,car_flow_E#10.4,240.942,13.198,0,,260.000,0.000,0
24,55.00,car_flow_E#10.3,262.187,12.964,0,,260.000,0.000,0
24,55.00,car_flow_E#10.2,330.580,10.202,0,,260.000,0.000,0
24,55.00,car_flow_E#10.1,350.930,8.628,0,,260.000,0.000,0
24,55.00,car_flow_E#10.7,125.092,14.432,1,,260.000,0.000,0
24,55.00,car_flow_E#10.5,175.797,3.748,1,,260.000,0.000,0
24,60.00,car_flow_E#10.9,88.504,13.219,0,,260.000,0.000,0
24,60.00,car_flow_E#10.8,140.516,14.261,0,,260.000,0.000,0
24,60.00,car_flow_E#10.6,222.031,15.164,0,,260.000,0.000,0
24,60.00,car_flow_E#10.4,305.526,12.187,0,,260.000,0.000,0
24,60.00,car_flow_E#10.3,325.615,11.457,0,,260.000,0.000,0
24,60.00,car_flow_E#10.1,362.519,0.000,0,,260.000,0.000,0
24,60.00,car_flow_E#10.7,160.354,3.513,1,,260.000,0.000,0
24,60.00,car_flow_E#10.5,194.307,6.707,1,,260.000,0.000,0
24,60.00,car_flow_E#10.2,355.807,3.272,1,,260.000,0.000,0
24,65.00,car_flow_E#10.9,154.530,13.317,0,,260.000,0.000,0
24,65.00,car_flow_E#10.8,210.534,12.171,0,,260.000,0.000,0
24,65.00,car_flow_E#10.6,297.540,13.246,0,,260.000,0.000,0
24,65.00,car_flow_E#10.4,342.666,3.734,0,,260.000,0.000,0
24,65.00,car_flow_E#10.3,354.356,1.524,0,,260.000,0.000,0
24,65.00,car_flow_E#10.1,362.519,0.000,0,,260.000,0.000,0
24,65.00,car_flow_E#10.7,178.859,7.048,1,,260.000,0.000,0
24,65.00,car_flow_E#10.5,243.554,7.236,1,,260.000,0.000,0
24,65.00,car_flow_E#10.2,362.519,0.000,1,,260.000,0.000,0
24,70.00,car_flow_E#10.9,217.348,9.702,0,257.256,260.000,2.744,0
24,70.00,car_flow_E#10.8,246.484,3.416,0,257.256,260.000,2.744,0
24,70.00,car_flow_E#10.6,343.634,8.025,0,257.256,260.000,2.744,0
24,70.00,car_flow_E#10.7,231.393,8.577,1,257.256,260.000,2.744,0
24,70.00,car_flow_E#10.5,257.256,0.285,1,257.256,260.000,2.744,0
24,70.00,car_flow_E#10.4,361.814,7.392,1,257.256,260.000,2.744,0
24,75.00,car_flow_E#10.10,53.160,15.437,0,238.948,260.000,21.052,0
24,75.00,car_flow_E#10.8,250.930,0.080,0,238.948,260.000,21.052,0
24,75.00,car_flow_E#10.6,362.519,0.000,0,238.948,260.000,21.052,0
24,75.00,car_flow_E#10.9,238.948,0.171,1,238.948,260.000,21.052,0
24,75.00,car_flow_E#10.7,245.599,0.000,1,238.948,260.000,21.052,0
24,75.00,car_flow_E#10.5,257.498,0.001,1,238.948,260.000,21.052,0
24,80.00,car_flow_E#10.11,43.087,12.427,0,,260.000,0.000,2
24,80.00,car_flow_E#10.10,130.926,15.592,0,,260.000,0.000,2
24,80.00,car_flow_E#10.7,251.963,3.763,0,,260.000,0.000,2
24,80.00,car_flow_E#10.8,265.259,7.618,0,,260.000,0.000,2
24,80.00,car_flow_E#10.5,277.652,9.380,0,,260.000,0.000,2
24,80.00,car_flow_E#10.6,362.519,0.000,0,,260.000,0.000,2
24,80.00,car_flow_E#10.9,242.755,3.293,1,,260.000,0.000,2
24,85.00,car_flow_E#10.12,54.618,13.095,0,,260.000,0.000,2
24,85.00,car_flow_E#10.11,105.912,12.676,0,,260.000,0.000,2
24,85.00,car_flow_E#10.10,207.921,13.703,0,,260.000,0.000,2
24,85.00,car_flow_E#10.9,257.007,0.610,0,,260.000,0.000,2
24,85.00,car_flow_E#10.7,296.896,11.316,0,,260.000,0.000,2
24,85.00,car_flow_E#10.8,320.770,9.154,0,,260.000,0.000,2
24,85.00,car_flow_E#10.5,336.977,8.732,0,,260.000,0.000,2
24,85.00,car_flow_E#10.6,362.519,0.000,0,,260.000,0.000,2
24,90.00,car_flow_E#10.13,4.953,12.432,0,,260.000,0.000,2
24,90.00,car_flow_E#10.12,119.620,13.058,0,,260.000,0.000,2
24,90.00,car_flow_E#10.11,168.889,12.707,0,,260.000,0.000,2
24,90.00,car_flow_E#10.10,264.383,12.524,0,,260.000,0.000,2
24,90.00,car_flow_E#10.9,288.172,11.706,0,,260.000,0.000,2
24,90.00,car_flow_E#10.7,344.805,11.301,0,,260.000,0.000,2
24,90.00,car_flow_E#10.8,363.087,11.381,0,,260.000,0.000,2
24,95.00,car_flow_E#10.13,66.527,12.248,0,,260.000,0.000,2
24,95.00,car_flow_E#10.12,184.605,13.115,0,,260.000,0.000,2
24,95.00,car_flow_E#10.11,231.643,12.609,0,,260.000,0.000,2
24,95.00,car_flow_E#10.10,325.217,8.783,0,,260.000,0.000,2
24,95.00,car_flow_E#10.9,344.142,6.830,0,,260.000,0.000,2
24,95.00,car_flow_E#10.7,363.264,0.000,0,,260.000,0.000,2
24,100.00,car_flow_E#10.13,128.227,12.422,0,,260.000,0.000,4
24,100.00,car_flow_E#10.12,249.430,12.941,0,,260.000,0.000,4
24,100.00,car_flow_E#10.11,294.442,12.533,0,,260.000,0.000,4
24,100.00,car_flow_E#10.10,352.329,4.024,1,,260.000,0.000,4
24,105.00,car_flow_E#10.14,18.133,15.105,0,,260.000,0.000,6
24,105.00,car_flow_E#10.13,189.872,12.389,0,,260.000,0.000,6
24,105.00,car_flow_E#10.12,314.313,13.100,0,,260.000,0.000,6
24,105.00,car_flow_E#10.11,352.896,7.738,0,,260.000,0.000,6
24,105.00,car_flow_E#10.10,362.494,0.631,1,,260.000,0.000,6
24,110.00,car_flow_E#10.15,5.563,13.906,0,,260.000,0.000,3
24,110.00,car_flow_E#10.14,94.120,15.088,0,,260.000,0.000,3
24,110.00,car_flow_E#10.13,251.459,12.222,0,,260.000,0.000,3
24,110.00,car_flow_E#10.12,352.483,2.787,0,,260.000,0.000,3
24,110.00,car_flow_E#10.11,362.519,0.000,0,,260.000,0.000,3
24,110.00,car_flow_E#10.10,362.519,0.000,1,,260.000,0.000,3
24,115.00,car_flow_E#10.15,75.401,14.137,0,,260.000,0.000,2
24,115.00,car_flow_E#10.14,170.146,15.265,0,,260.000,0.000,2
24,115.00,car_flow_E#10.13,313.156,12.399,0,,260.000,0.000,2
24,115.00,car_flow_E#10.12,355.994,0.028,0,,260.000,0.000,2
24,115.00,car_flow_E#10.11,362.519,0.000,0,,260.000,0.000,2
24,115.00,car_flow_E#10.16,1.833,13.399,1,,260.000,0.000,2
24,115.00,car_flow_E#10.10,362.519,0.000,1,,260.000,0.000,2
24,120.00,car_flow_E#10.17,40.577,13.355,0,,260.000,0.000,1
24,120.00,car_flow_E#10.15,145.417,14.064,0,,260.000,0.000,1
24,120.00,car_flow_E#10.14,246.206,15.098,0,,260.000,0.000,1
24,120.00,car_flow_E#10.13,347.061,2.257,0,,260.000,0.000,1
24,120.00,car_flow_E#10.12,356.018,0.000,0,,260.000,0.000,1
24,120.00,car_flow_E#10.11,362.519,0.000,0,,260.000,0.000,1
24,120.00,car_flow_E#10.16,68.133,13.224,1,,260.000,0.000,1
24,120.00,car_flow_E#10.10,362.519,0.000,1,,260.000,0.000,1
25,25.00,car_flow_E#10.0,19.056,15.426,0,,260.000,0.000,0
25,30.00,car_flow_E#10.0,96.157,15.544,0,,260.000,0.000,0
25,35.00,car_flow_E#10.0,173.239,15.544,0,,260.000,0.000,0
25,40.00,car_flow_E#10.1,62.890,12.495,0,,260.000,0.000,0
25,40.00,car_flow_E#10.0,250.439,15.482,0,,260.000,0.000,0
25,45.00,car_flow_E#10.1,125.934,12.725,0,,260.000,0.000,0
25,45.00,car_flow_E#10.0,327.233,14.623,0,,260.000,0.000,0
25,50.00,car_flow_E#10.1,188.789,12.614,0,,260.000,0.000,0
25,50.00,car_flow_E#10.0,362.519,0.066,0,,260.000,0.000,0
25,55.00,car_flow_E#10.1,251.783,12.713,0,,260.000,0.000,0
25,55.00,car_flow_E#10.0,362.519,0.000,0,,260.000,0.000,0
25,55.00,car_flow_E#10.2,3.111,15.830,1,,260.000,0.000,0
25,60.00,car_flow_E#10.3,17.995,13.233,0,,260.000,0.000,0
25,60.00,car_flow_E#10.1,314.497,12.513,0,,260.000,0.000,0
25,60.00,car_flow_E#10.0,362.519,0.000,0,,260.000,0.000,0
25,60.00,car_flow_E#10.2,81.548,15.706,1,,260.000,0.000,0
25,65.00,car_flow_E#10.3,84.173,13.398,0,,260.000,0.000,0
25,65.00,car_flow_E#10.0,362.519,0.000,0,,260.000,0.000,0
25,65.00,car_flow_E#10.2,160.152,15.612,1,,260.000,0.000,0
25,65.00,car_flow_E#10.1,352.676,3.460,1,,260.000,0.000,0
25,70.00,car_flow_E#10.6,10.644,14.862,0,,260.000,0.000,0
25,70.00,car_flow_E#10.4,49.271,12.503,0,,260.000,0.000,0
25,70.00,car_flow_E#10.3,150.494,13.383,0,,260.000,0.000,0
25,70.00,car_flow_E#10.0,362.519,0.000,0,,260.000,0.000,0
25,70.00,car_flow_E#10.5,37.311,13.724,1,,260.000,0.000,0
25,70.00,car_flow_E#10.2,208.807,10.478,1,,260.000,0.000,0
25,70.00,car_flow_E#10.1,362.519,0.000,1,,260.000,0.000,0
25,75.00,car_flow_E#10.6,84.243,14.203,0,,260.000,0.000,2
25,75.00,car_flow_E#10.4,112.127,12.435,0,,260.000,0.000,2
25,75.00,car_flow_E#10.3,215.817,11.484,0,,260.000,0.000,2
25,75.00,car_flow_E#10.0,362.519,0.000,0,,260.000,0.000,2
25,75.00,car_flow_E#10.5,105.808,13.677,1,,260.000,0.000,2
25,75.00,car_flow_E#10.2,252.092,3.906,1,,260.000,0.000,2
25,75.00,car_flow_E#10.1,362.519,0.000,1,,260.000,0.000,2
25,80.00,car_flow_E#10.7,57.905,13.691,0,257.457,260.000,2.543,2
25,80.00,car_flow_E#10.6,151.294,11.985,0,257.457,260.000,2.543,2
25,80.00,car_flow_E#10.4,175.024,12.660,0,257.457,260.000,2.543,2
25,80.00,car_flow_E#10.3,248.942,2.659,0,257.457,260.000,2.543,2
25,80.00,car_flow_E#10.0,362.519,0.000,0,257.457,260.000,2.543,2
25,80.00,car_flow_E#10.8,57.029,16.487,1,257.457,260.000,2.543,2
25,80.00,car_flow_E#10.5,172.472,11.287,1,257.457,260.000,2.543,2
25,80.00,car_flow_E#10.2,257.457,0.051,1,257.457,260.000,2.543,2
25,80.00,car_flow_E#10.1,362.519,0.000,1,257.457,260.000,2.543,2
25,85.00,car_flow_E#10.9,24.126,13.315,0,,260.000,0.000,2
25,85.00,car_flow_E#10.7,126.930,13.683,0,,260.000,0.000,2
25,85.00,car_flow_E#10.6,211.397,9.037,0,,260.000,0.000,2
25,85.00,car_flow_E#10.4,230.840,7.112,0,,260.000,0.000,2
25,85.00,car_flow_E#10.3,251.853,1.686,0,,260.000,0.000,2
25,85.00,car_flow_E#10.2,259.796,3.015,0,,260.000,0.000,2
25,85.00,car_flow_E#10.0,362.519,0.000,0,,260.000,0.000,2
25,85.00,car_flow_E#10.8,139.716,16.646,1,,260.000,0.000,2
25,85.00,car_flow_E#10.5,201.074,6.397,1,,260.000,0.000,2
25,85.00,car_flow_E#10.1,362.519,0.000,1,,260.000,0.000,2
25,90.00,car_flow_E#10.9,91.328,13.426,0,,260.000,0.000,2
25,90.00,car_flow_E#10.7,196.113,13.962,0,,260.000,0.000,2
25,90.00,car_flow_E#10.6,253.580,10.885,0,,260.000,0.000,2
25,90.00,car_flow_E#10.4,270.435,11.456,0,,260.000,0.000,2
25,90.00,car_flow_E#10.3,287.432,12.448,0,,260.000,0.000,2
25,90.00,car_flow_E#10.2,304.663,14.507,0,,260.000,0.000,2
25,90.00,car_flow_E#10.8,185.966,5.556,1,,260.000,0.000,2
25,90.00,car_flow_E#10.5,245.804,6.529,1,,260.000,0.000,2
25,95.00,car_flow_E#10.9,158.638,13.465,0,257.336,260.000,2.664,2
25,95.00,car_flow_E#10.7,243.326,5.307,0,257.336,260.000,2.664,2
25,95.00,car_flow_E#10.6,309.795,8.793,0,257.336,260.000,2.664,2
25,95.00,car_flow_E#10.4,326.738,7.987,0,257.336,260.000,2.664,2
25,95.00,car_flow_E#10.3,343.437,6.749,0,257.336,260.000,2.664,2
25,95.00,car_flow_E#10.2,359.843,4.285,0,257.336,260.000,2.664,2
25,95.00,car_flow_E#10.8,206.751,6.655,1,257.336,260.000,2.664,2
25,95.00,car_flow_E#10.5,257.336,0.194,1,257.336,260.000,2.664,2
25,100.00,car_flow_E#10.9,222.213,9.375,0,,260.000,0.000,2
25,100.00,car_flow_E#10.7,250.995,0.003,0,,260.000,0.000,2
25,100.00,car_flow_E#10.5,257.498,0.001,0,,260.000,0.000,2
25,100.00,car_flow_E#10.6,339.815,4.558,0,,260.000,0.000,2
25,100.00,car_flow_E#10.4,351.820,3.329,0,,260.000,0.000,2
25,100.00,car_flow_E#10.2,362.519,0.000,0,,260.000,0.000,2
25,100.00,car_flow_E#10.8,244.623,3.045,1,,260.000,0.000,2
25,100.00,car_flow_E#10.3,361.096,3.208,1,,260.000,0.000,2
25,105.00,car_flow_E#10.10,23.963,13.378,0,,260.000,0.000,2
25,105.00,car_flow_E#10.9,245.154,2.737,0,,260.000,0.000,2
25,105.00,car_flow_E#10.7,272.056,9.513,0,,260.000,0.000,2
25,105.00,car_flow_E#10.5,285.682,11.068,0,,260.000,0.000,2
25,105.00,car_flow_E#10.8,254.334,2.597,1,,260.000,0.000,2
25,105.00,car_flow_E#10.6,361.190,6.272,1,,260.000,0.000,2
25,110.00,car_flow_E#10.10,90.630,13.378,0,257.479,260.000,2.521,2
25,110.00,car_flow_E#10.9,250.810,0.184,0,257.479,260.000,2.521,2
25,110.00,car_flow_E#10.7,334.511,13.273,0,257.479,260.000,2.521,2
25,110.00,car_flow_E#10.5,352.805,13.722,0,257.479,260.000,2.521,2
25,110.00,car_flow_E#10.8,257.479,0.023,1,257.479,260.000,2.521,2
25,115.00,car_flow_E#10.11,11.194,13.687,0,,260.000,0.000,4
25,115.00,car_flow_E#10.10,157.415,13.413,0,,260.000,0.000,4
25,115.00,car_flow_E#10.9,260.959,6.295,0,,260.000,0.000,4
25,115.00,car_flow_E#10.8,272.195,7.748,0,,260.000,0.000,4
25,115.00,car_flow_E#10.5,363.520,0.000,0,,260.000,0.000,4
25,115.00,car_flow_E#10.7,357.257,1.251,1,,260.000,0.000,4
25,120.00,car_flow_E#10.11,79.468,13.719,0,,260.000,0.000,2
25,120.00,car_flow_E#10.10,223.942,13.344,0,,260.000,0.000,2
25,120.00,car_flow_E#10.9,317.619,13.393,0,,260.000,0.000,2
25,120.00,car_flow_E#10.8,338.910,16.589,0,,260.000,0.000,2
26,40.00,car_flow_E#10.0,19.571,13.643,0,,260.000,0.000,0
26,45.00,car_flow_E#10.0,87.351,13.622,0,,260.000,0.000,0
26,50.00,car_flow_E#10.1,54.271,13.083,0,,260.000,0.000,0
26,50.00,car_flow_E#10.0,155.272,13.472,0,,260.000,0.000,0
26,50.00,car_flow_E#10.2,52.235,15.515,1,,260.000,0.000,0
26,55.00,car_flow_E#10.1,120.317,13.352,0,,260.000,0.000,0
26,55.00,car_flow_E#10.0,223.308,13.714,0,,260.000,0.000,0
26,55.00,car_flow_E#10.2,129.030,15.453,1,,260.000,0.000,0
26,60.00,car_flow_E#10.3,58.046,12.595,0,,260.000,0.000,0
26,60.00,car_flow_E#10.1,184.615,13.315,0,,260.000,0.000,0
26,60.00,car_flow_E#10.0,291.364,13.564,0,,260.000,0.000,0
26,60.00,car_flow_E#10.2,169.528,4.852,1,,260.000,0.000,0
26,65.00,car_flow_E#10.4,20.145,14.188,0,,260.000,0.000,2
26,65.00,car_flow_E#10.3,120.587,12.417,0,,260.000,0.000,2
26,65.00,car_flow_E#10.1,250.407,13.179,0,,260.000,0.000,2
26,65.00,car_flow_E#10.0,352.920,7.853,0,,260.000,0.000,2
26,65.00,car_flow_E#10.2,189.257,6.313,1,,260.000,0.000,2
26,70.00,car_flow_E#10.4,91.838,14.446,0,,260.000,0.000,4
26,70.00,car_flow_E#10.3,182.928,12.412,0,,260.000,0.000,4
26,70.00,car_flow_E#10.1,316.536,13.265,0,,260.000,0.000,4
26,70.00,car_flow_E#10.0,362.519,0.000,0,,260.000,0.000,4
26,70.00,car_flow_E#10.2,239.468,8.421,1,,260.000,0.000,4
26,75.00,car_flow_E#10.4,163.488,14.208,0,,260.000,0.000,4
26,75.00,car_flow_E#10.3,245.273,12.423,0,,260.000,0.000,4
26,75.00,car_flow_E#10.2,285.113,13.976,0,,260.000,0.000,4
26,80.00,car_flow_E#10.4,235.264,14.223,0,,260.000,0.000,5
26,80.00,car_flow_E#10.3,307.683,12.604,0,,260.000,0.000,5
26,80.00,car_flow_E#10.2,361.645,15.442,0,,260.000,0.000,5
26,80.00,car_flow_E#10.6,19.488,15.858,1,,260.000,0.000,5
26,85.00,car_flow_E#10.5,42.376,9.495,0,,260.000,0.000,5
26,85.00,car_flow_E#10.4,307.024,14.261,0,,260.000,0.000,5
26,85.00,car_flow_E#10.3,359.232,4.730,0,,260.000,0.000,5
26,85.00,car_flow_E#10.6,98.028,15.642,1,,260.000,0.000,5
26,90.00,car_flow_E#10.5,90.105,9.425,0,,260.000,0.000,4
26,90.00,car_flow_E#10.3,362.519,0.000,0,,260.000,0.000,4
26,90.00,car_flow_E#10.6,176.603,15.647,1,,260.000,0.000,4
26,90.00,car_flow_E#10.4,350.992,3.617,1,,260.000,0.000,4
26,95.00,car_flow_E#10.8,6.797,13.835,0,,260.000,0.000,3
26,95.00,car_flow_E#10.7,37.489,13.224,0,,260.000,0.000,3
26,95.00,car_flow_E#10.5,137.836,9.652,0,,260.000,0.000,3
26,95.00,car_flow_E#10.6,225.407,10.138,1,,260.000,0.000,3
26,100.00,car_flow_E#10.8,75.869,13.695,0,,260.000,0.000,3
26,100.00,car_flow_E#10.7,104.179,13.191,0,,260.000,0.000,3
26,100.00,car_flow_E#10.5,185.325,9.610,0,,260.000,0.000,3
26,100.00,car_flow_E#10.6,255.550,1.741,0,,260.000,0.000,3
26,105.00,car_flow_E#10.8,145.074,13.975,0,,260.000,0.000,3
26,105.00,car_flow_E#10.7,170.834,13.258,0,,260.000,0.000,3
26,105.00,car_flow_E#10.5,233.082,9.531,0,,260.000,0.000,3
26,105.00,car_flow_E#10.6,291.532,12.599,0,,260.000,0.000,3
26,110.00,car_flow_E#10.8,214.219,13.783,0,,260.000,0.000,3
26,110.00,car_flow_E#10.7,237.505,13.188,0,,260.000,0.000,3
26,110.00,car_flow_E#10.5,280.555,9.656,0,,260.000,0.000,3
26,115.00,car_flow_E#10.9,55.218,11.912,0,,260.000,0.000,3
26,115.00,car_flow_E#10.8,280.726,12.111,0,,260.000,0.000,3
26,115.00,car_flow_E#10.7,301.862,11.728,0,,260.000,0.000,3
26,115.00,car_flow_E#10.5,328.123,9.416,0,,260.000,0.000,3
26,115.00,car_flow_E#10.10,49.937,16.657,1,,260.000,0.000,3
26,120.00,car_flow_E#10.9,115.043,12.027,0,,260.000,0.000,3
26,120.00,car_flow_E#10.8,337.785,11.466,0,,260.000,0.000,3
26,120.00,car_flow_E#10.7,357.035,11.660,0,,260.000,0.000,3
26,120.00,car_flow_E#10.10,133.453,16.730,1,,260.000,0.000,3
27,30.00,car_flow_E#10.0,57.818,11.988,0,,260.000,0.000,0
27,35.00,car_flow_E#10.1,34.111,13.649,0,,260.000,0.000,0
27,35.00,car_flow_E#10.0,118.332,12.140,0,,260.000,0.000,0
27,40.00,car_flow_E#10.1,102.597,13.829,0,,260.000,0.000,0
27,40.00,car_flow_E#10.0,178.720,12.216,0,,260.000,0.000,0
27,45.00,car_flow_E#10.2,17.477,12.396,0,,260.000,0.000,0
27,45.00,car_flow_E#10.1,171.290,13.852,0,,260.000,0.000,0
27,45.00,car_flow_E#10.0,239.173,11.933,0,,260.000,0.000,0
27,50.00,car_flow_E#10.2,79.607,12.547,0,,260.000,0.000,0
27,50.00,car_flow_E#10.1,239.760,13.643,0,,260.000,0.000,0
27,50.00,car_flow_E#10.0,299.499,11.975,0,,260.000,0.000,0
27,50.00,car_flow_E#10.3,37.588,14.595,1,,260.000,0.000,0
27,55.00,car_flow_E#10.4,31.451,13.691,0,,260.000,0.000,0
27,55.00,car_flow_E#10.2,141.721,12.515,0,,260.000,0.000,0
27,55.00,car_flow_E#10.1,308.277,13.690,0,,260.000,0.000,0
27,55.00,car_flow_E#10.0,354.917,7.002,0,,260.000,0.000,0
27,55.00,car_flow_E#10.3,109.892,14.536,1,,260.000,0.000,0
27,60.00,car_flow_E#10.5,56.139,13.447,0,,260.000,0.000,0
27,60.00,car_flow_E#10.4,100.526,13.866,0,,260.000,0.000,0
27,60.00,car_flow_E#10.2,204.000,12.511,0,,260.000,0.000,0
27,60.00,car_flow_E#10.0,362.519,0.000,0,,260.000,0.000,0
27,60.00,car_flow_E#10.3,180.945,13.331,1,,260.000,0.000,0
27,60.00,car_flow_E#10.1,351.258,3.521,1,,260.000,0.000,0
27,65.00,car_flow_E#10.5,122.769,13.392,0,,260.000,0.000,0
27,65.00,car_flow_E#10.4,169.645,13.913,0,,260.000,0.000,0
27,65.00,car_flow_E#10.2,266.456,12.359,0,,260.000,0.000,0
27,65.00,car_flow_E#10.0,362.519,0.000,0,,260.000,0.000,0
27,65.00,car_flow_E#10.3,217.970,7.702,1,,260.000,0.000,0
27,65.00,car_flow_E#10.1,355.986,0.036,1,,260.000,0.000,0
27,70.00,car_flow_E#10.5,189.639,13.476,0,,260.000,0.000,0
27,70.00,car_flow_E#10.4,234.620,9.067,0,,260.000,0.000,0
27,70.00,car_flow_E#10.2,326.745,9.507,0,,260.000,0.000,0
27,70.00,car_flow_E#10.0,362.519,0.000,0,,260.000,0.000,0
27,70.00,car_flow_E#10.3,253.885,2.945,1,,260.000,0.000,0
27,70.00,car_flow_E#10.1,356.018,0.000,1,,260.000,0.000,0
27,75.00,car_flow_E#10.5,237.260,4.671,0,257.476,260.000,2.524,0
27,75.00,car_flow_E#10.4,250.917,0.062,0,257.476,260.000,2.524,0
27,75.00,car_flow_E#10.2,348.701,0.924,0,257.476,260.000,2.524,0
27,75.00,car_flow_E#10.0,362.519,0.000,0,257.476,260.000,2.524,0
27,75.00,car_flow_E#10.3,257.476,0.028,1,257.476,260.000,2.524,0
27,75.00,car_flow_E#10.1,356.018,0.000,1,257.476,260.000,2.524,0
27,80.00,car_flow_E#10.5,252.798,5.759,0,,260.000,0.000,2
27,80.00,car_flow_E#10.4,264.229,7.391,0,,260.000,0.000,2
27,80.00,car_flow_E#10.3,276.496,8.923,0,,260.000,0.000,2
27,80.00,car_flow_E#10.2,355.841,1.112,0,,260.000,0.000,2
27,80.00,car_flow_E#10.0,363.419,0.000,0,,260.000,0.000,2
27,80.00,car_flow_E#10.1,356.905,0.015,1,,260.000,0.000,2
27,85.00,car_flow_E#10.7,11.860,11.348,0,,260.000,0.000,2
27,85.00,car_flow_E#10.6,45.895,11.377,0,,260.000,0.000,2
27,85.00,car_flow_E#10.5,302.142,9.855,0,,260.000,0.000,2
27,85.00,car_flow_E#10.4,318.480,9.784,0,,260.000,0.000,2
27,85.00,car_flow_E#10.3,334.821,9.362,0,,260.000,0.000,2
27,85.00,car_flow_E#10.1,362.767,2.155,1,,260.000,0.000,2
27,90.00,car_flow_E#10.7,69.311,11.613,0,,260.000,0.000,0
27,90.00,car_flow_E#10.6,102.274,11.302,0,,260.000,0.000,0
27,90.00,car_flow_E#10.5,340.472,7.706,0,,260.000,0.000,0
27,90.00,car_flow_E#10.4,355.234,8.276,0,,260.000,0.000,0
27,90.00,car_flow_E#10.8,53.315,13.613,1,,260.000,0.000,0
27,95.00,car_flow_E#10.7,126.645,11.342,0,,260.000,0.000,0
27,95.00,car_flow_E#10.6,158.513,11.351,0,,260.000,0.000,0
27,95.00,car_flow_E#10.8,121.602,13.580,1,,260.000,0.000,0
27,100.00,car_flow_E#10.11,8.789,14.505,0,,260.000,0.000,2
27,100.00,car_flow_E#10.9,54.300,13.354,0,,260.000,0.000,2
27,100.00,car_flow_E#10.7,184.095,11.339,0,,260.000,0.000,2
27,100.00,car_flow_E#10.6,215.028,11.409,0,,260.000,0.000,2
27,100.00,car_flow_E#10.10,43.477,14.330,1,,260.000,0.000,2
27,100.00,car_flow_E#10.8,152.746,3.069,1,,260.000,0.000,2
27,105.00,car_flow_E#10.13,5.222,13.206,0,,260.000,0.000,2
27,105.00,car_flow_E#10.12,40.664,13.673,0,,260.000,0.000,2
27,105.00,car_flow_E#10.11,80.932,14.471,0,,260.000,0.000,2
27,105.00,car_flow_E#10.9,120.748,13.317,0,,260.000,0.000,2
27,105.00,car_flow_E#10.7,241.549,11.455,0,,260.000,0.000,2
27,105.00,car_flow_E#10.6,271.418,11.323,0,,260.000,0.000,2
27,105.00,car_flow_E#10.10,114.956,14.392,1,,260.000,0.000,2
27,105.00,car_flow_E#10.8,170.082,6.507,1,,260.000,0.000,2
27,110.00,car_flow_E#10.14,22.064,11.869,0,,260.000,0.000,2
27,110.00,car_flow_E#10.13,71.842,13.494,0,,260.000,0.000,2
27,110.00,car_flow_E#10.12,109.367,13.759,0,,260.000,0.000,2
27,110.00,car_flow_E#10.11,152.986,13.983,0,,260.000,0.000,2
27,110.00,car_flow_E#10.9,187.253,13.329,0,,260.000,0.000,2
27,110.00,car_flow_E#10.7,298.980,11.396,0,,260.000,0.000,2
27,110.00,car_flow_E#10.6,327.673,11.167,0,,260.000,0.000,2
27,110.00,car_flow_E#10.15,23.095,14.123,1,,260.000,0.000,2
27,110.00,car_flow_E#10.10,183.859,11.496,1,,260.000,0.000,2
27,110.00,car_flow_E#10.8,226.831,11.561,1,,260.000,0.000,2
27,115.00,car_flow_E#10.14,81.235,11.876,0,,260.000,0.000,2
27,115.00,car_flow_E#10.13,138.595,13.224,0,,260.000,0.000,2
27,115.00,car_flow_E#10.12,178.063,13.759,0,,260.000,0.000,2
27,115.00,car_flow_E#10.11,224.958,14.454,0,,260.000,0.000,2
27,115.00,car_flow_E#10.9,253.533,13.178,0,,260.000,0.000,2
27,115.00,car_flow_E#10.8,285.361,13.713,0,,260.000,0.000,2
27,115.00,car_flow_E#10.7,347.175,5.210,0,,260.000,0.000,2
27,115.00,car_flow_E#10.6,362.517,0.219,0,,260.000,0.000,2
27,115.00,car_flow_E#10.15,93.159,14.109,1,,260.000,0.000,2
27,115.00,car_flow_E#10.10,212.619,6.345,1,,260.000,0.000,2
27,120.00,car_flow_E#10.14,140.551,11.922,0,,260.000,0.000,2
27,120.00,car_flow_E#10.13,205.385,13.218,0,,260.000,0.000,2
27,120.00,car_flow_E#10.12,242.435,8.951,0,,260.000,0.000,2
27,120.00,car_flow_E#10.11,294.690,11.641,0,,260.000,0.000,2
27,120.00,car_flow_E#10.9,317.543,10.264,0,,260.000,0.000,2
27,120.00,car_flow_E#10.8,342.356,7.042,0,,260.000,0.000,2
27,120.00,car_flow_E#10.6,362.519,0.000,0,,260.000,0.000,2
27,120.00,car_flow_E#10.15,163.248,13.941,1,,260.000,0.000,2
27,120.00,car_flow_E#10.10,250.224,2.694,1,,260.000,0.000,2
27,120.00,car_flow_E#10.7,362.325,1.336,1,,260.000,0.000,2
28,30.00,car_flow_E#10.0,16.228,16.159,1,,260.000,0.000,0
28,35.00,car_flow_E#10.0,97.597,16.161,1,,260.000,0.000,0
28,40.00,car_flow_E#10.1,7.873,10.463,0,,260.000,0.000,0
28,40.00,car_flow_E#10.2,12.945,15.614,1,,260.000,0.000,0
28,40.00,car_flow_E#10.0,178.749,16.272,1,,260.000,0.000,0
28,45.00,car_flow_E#10.3,5.937,14.767,0,,260.000,0.000,0
28,45.00,car_flow_E#10.1,60.282,10.589,0,,260.000,0.000,0
28,45.00,car_flow_E#10.2,90.404,15.633,1,,260.000,0.000,0
28,45.00,car_flow_E#10.0,230.363,10.484,1,,260.000,0.000,0
28,50.00,car_flow_E#10.4,14.887,14.405,0,,260.000,0.000,0
28,50.00,car_flow_E#10.3,79.182,13.676,0,,260.000,0.000,0
28,50.00,car_flow_E#10.1,112.342,10.519,0,,260.000,0.000,0
28,50.00,car_flow_E#10.0,256.276,1.296,0,,260.000,0.000,0
28,50.00,car_flow_E#10.2,167.993,15.393,1,,260.000,0.000,0
28,55.00,car_flow_E#10.4,86.574,14.318,0,,260.000,0.000,2
28,55.00,car_flow_E#10.1,164.600,10.418,0,,260.000,0.000,2
28,55.00,car_flow_E#10.0,287.503,11.599,0,,260.000,0.000,2
28,55.00,car_flow_E#10.3,146.374,14.770,1,,260.000,0.000,2
28,55.00,car_flow_E#10.2,215.060,9.587,1,,260.000,0.000,2
28,60.00,car_flow_E#10.4,154.505,11.287,0,,260.000,0.000,2
28,60.00,car_flow_E#10.1,216.973,10.517,0,,260.000,0.000,2
28,60.00,car_flow_E#10.2,253.585,3.050,0,,260.000,0.000,2
28,60.00,car_flow_E#10.3,183.291,3.976,1,,260.000,0.000,2
28,65.00,car_flow_E#10.4,222.555,14.351,0,,260.000,0.000,2
28,65.00,car_flow_E#10.1,264.700,10.447,0,,260.000,0.000,2
28,65.00,car_flow_E#10.2,285.373,11.726,0,,260.000,0.000,2
28,65.00,car_flow_E#10.3,201.880,6.593,1,,260.000,0.000,2
28,70.00,car_flow_E#10.4,290.309,12.653,0,,260.000,0.000,2
28,70.00,car_flow_E#10.1,317.085,10.544,0,,260.000,0.000,2
28,70.00,car_flow_E#10.2,351.170,8.533,0,,260.000,0.000,2
28,70.00,car_flow_E#10.3,247.180,5.870,1,,260.000,0.000,2
28,75.00,car_flow_E#10.3,282.461,12.019,0,,260.000,0.000,1
28,75.00,car_flow_E#10.4,337.612,5.616,0,,260.000,0.000,1
28,75.00,car_flow_E#10.2,362.519,0.000,0,,260.000,0.000,1
28,75.00,car_flow_E#10.1,352.828,2.734,1,,260.000,0.000,1
28,80.00,car_flow_E#10.3,336.904,6.608,0,,260.000,0.000,0
28,80.00,car_flow_E#10.2,362.519,0.000,0,,260.000,0.000,0
28,80.00,car_flow_E#10.5,30.982,14.024,1,,260.000,0.000,0
28,80.00,car_flow_E#10.4,349.224,0.329,1,,260.000,0.000,0
28,80.00,car_flow_E#10.1,356.000,0.021,1,,260.000,0.000,0
28,85.00,car_flow_E#10.6,46.885,12.191,0,,260.000,0.000,2
28,85.00,car_flow_E#10.3,349.293,0.276,0,,260.000,0.000,2
28,85.00,car_flow_E#10.2,362.519,0.000,0,,260.000,0.000,2
28,85.00,car_flow_E#10.5,100.912,13.998,1,,260.000,0.000,2
28,85.00,car_flow_E#10.4,349.515,0.002,1,,260.000,0.000,2
28,85.00,car_flow_E#10.1,356.018,0.000,1,,260.000,0.000,2
28,90.00,car_flow_E#10.6,108.479,12.184,0,,260.000,0.000,2
28,90.00,car_flow_E#10.3,349.516,0.001,0,,260.000,0.000,2
28,90.00,car_flow_E#10.2,362.519,0.000,0,,260.000,0.000,2
28,90.00,car_flow_E#10.5,170.769,13.895,1,,260.000,0.000,2
28,90.00,car_flow_E#10.4,349.517,0.000,1,,260.000,0.000,2
28,90.00,car_flow_E#10.1,356.018,0.000,1,,260.000,0.000,2
28,95.00,car_flow_E#10.6,170.031,12.402,0,,260.000,0.000,4
28,95.00,car_flow_E#10.5,210.644,8.338,1,,260.000,0.000,4
28,95.00,car_flow_E#10.4,363.245,7.183,1,,260.000,0.000,4
28,100.00,car_flow_E#10.7,54.103,11.924,0,,260.000,0.000,4
28,100.00,car_flow_E#10.6,228.525,8.638,0,,260.000,0.000,4
28,100.00,car_flow_E#10.8,14.368,14.496,1,,260.000,0.000,4
28,100.00,car_flow_E#10.5,251.950,3.933,1,,260.000,0.000,4
28,105.00,car_flow_E#10.7,113.211,11.833,0,,260.000,0.000,3
28,105.00,car_flow_E#10.6,259.999,8.226,0,,260.000,0.000,3
28,105.00,car_flow_E#10.5,274.189,9.024,0,,260.000,0.000,3
28,105.00,car_flow_E#10.8,86.373,14.290,1,,260.000,0.000,3
28,110.00,car_flow_E#10.9,3.361,14.767,0,,260.000,0.000,2
28,110.00,car_flow_E#10.7,172.040,11.726,0,,260.000,0.000,2
28,110.00,car_flow_E#10.6,317.914,12.415,0,,260.000,0.000,2
28,110.00,car_flow_E#10.5,339.666,13.895,0,,260.000,0.000,2
28,110.00,car_flow_E#10.8,158.355,14.515,1,,260.000,0.000,2
28,115.00,car_flow_E#10.9,76.937,14.675,0,,260.000,0.000,2
28,115.00,car_flow_E#10.7,230.897,11.786,0,,260.000,0.000,2
28,115.00,car_flow_E#10.5,363.076,0.000,0,,260.000,0.000,2
28,115.00,car_flow_E#10.8,201.292,8.787,1,,260.000,0.000,2
28,115.00,car_flow_E#10.6,354.703,1.715,1,,260.000,0.000,2
28,120.00,car_flow_E#10.9,150.456,14.779,0,,260.000,0.000,0
28,120.00,car_flow_E#10.7,289.806,11.726,0,,260.000,0.000,0
28,120.00,car_flow_E#10.8,248.777,5.210,1,,260.000,0.000,0
29,25.00,car_flow_E#10.0,16.106,13.947,0,,260.000,0.000,0
29,30.00,car_flow_E#10.1,16.778,11.877,0,,260.000,0.000,2
29,30.00,car_flow_E#10.0,85.529,14.037,0,,260.000,0.000,2
29,35.00,car_flow_E#10.1,75.922,11.806,0,,260.000,0.000,2
29,35.00,car_flow_E#10.0,154.980,13.919,0,,260.000,0.000,2
29,40.00,car_flow_E#10.1,134.915,11.725,0,,260.000,0.000,2
29,40.00,car_flow_E#10.0,224.367,13.839,0,,260.000,0.000,2
29,45.00,car_flow_E#10.2,44.109,11.701,0,,260.000,0.000,2
29,45.00,car_flow_E#10.1,194.119,11.881,0,,260.000,0.000,2
29,45.00,car_flow_E#10.0,293.668,13.768,0,,260.000,0.000,2
29,50.00,car_flow_E#10.2,102.254,11.550,0,,260.000,0.000,0
29,50.00,car_flow_E#10.1,253.077,11.861,0,,260.000,0.000,0
29,50.00,car_flow_E#10.0,354.678,7.074,0,,260.000,0.000,0
29,55.00,car_flow_E#10.2,160.307,11.651,0,,260.000,0.000,0
29,55.00,car_flow_E#10.1,312.028,11.751,0,,260.000,0.000,0
29,60.00,car_flow_E#10.2,218.158,11.594,0,,260.000,0.000,0
29,60.00,car_flow_E#10.1,360.168,4.051,0,,260.000,0.000,0
29,65.00,car_flow_E#10.2,276.082,11.493,0,,260.000,0.000,0
29,65.00,car_flow_E#10.1,362.519,0.000,0,,260.000,0.000,0
29,70.00,car_flow_E#10.4,22.773,12.741,0,,260.000,0.000,2
29,70.00,car_flow_E#10.3,62.596,13.546,0,,260.000,0.000,2
29,70.00,car_flow_E#10.2,334.084,11.604,0,,260.000,0.000,2
29,70.00,car_flow_E#10.5,7.192,13.613,1,,260.000,0.000,2
29,75.00,car_flow_E#10.4,85.798,12.541,0,,260.000,0.000,2
29,75.00,car_flow_E#10.3,130.692,13.635,0,,260.000,0.000,2
29,75.00,car_flow_E#10.2,362.519,0.000,0,,260.000,0.000,2
29,75.00,car_flow_E#10.6,48.183,14.729,1,,260.000,0.000,2
29,75.00,car_flow_E#10.5,75.703,13.810,1,,260.000,0.000,2
29,80.00,car_flow_E#10.8,13.804,13.901,0,,260.000,0.000,2
29,80.00,car_flow_E#10.7,53.902,12.088,0,,260.000,0.000,2
29,80.00,car_flow_E#10.4,148.801,12.569,0,,260.000,0.000,2
29,80.00,car_flow_E#10.3,198.819,13.730,0,,260.000,0.000,2
29,80.00,car_flow_E#10.2,362.519,0.000,0,,260.000,0.000,2
29,80.00,car_flow_E#10.6,120.711,14.187,1,,260.000,0.000,2
29,80.00,car_flow_E#10.5,144.379,13.631,1,,260.000,0.000,2
29,85.00,car_flow_E#10.9,27.898,14.494,0,,260.000,0.000,2
29,85.00,car_flow_E#10.8,83.092,13.934,0,,260.000,0.000,2
29,85.00,car_flow_E#10.7,114.513,12.218,0,,260.000,0.000,2
29,85.00,car_flow_E#10.4,212.034,12.638,0,,260.000,0.000,2
29,85.00,car_flow_E#10.3,266.726,13.521,0,,260.000,0.000,2
29,85.00,car_flow_E#10.2,362.519,0.000,0,,260.000,0.000,2
29,85.00,car_flow_E#10.6,154.766,3.424,1,,260.000,0.000,2
29,85.00,car_flow_E#10.5,175.806,3.047,1,,260.000,0.000,2
29,90.00,car_flow_E#10.10,28.556,11.770,0,,260.000,0.000,6
29,90.00,car_flow_E#10.9,99.812,14.488,0,,260.000,0.000,6
29,90.00,car_flow_E#10.8,150.984,13.163,0,,260.000,0.000,6
29,90.00,car_flow_E#10.7,175.089,12.143,0,,260.000,0.000,6
29,90.00,car_flow_E#10.4,275.030,12.673,0,,260.000,0.000,6
29,90.00,car_flow_E#10.3,331.766,10.112,0,,260.000,0.000,6
29,90.00,car_flow_E#10.2,362.519,0.000,0,,260.000,0.000,6
29,90.00,car_flow_E#10.11,67.324,17.027,1,,260.000,0.000,6
29,90.00,car_flow_E#10.6,172.796,6.659,1,,260.000,0.000,6
29,90.00,car_flow_E#10.5,192.817,6.192,1,,260.000,0.000,6
29,95.00,car_flow_E#10.10,88.000,11.869,0,,260.000,0.000,6
29,95.00,car_flow_E#10.9,171.598,14.262,0,,260.000,0.000,6
29,95.00,car_flow_E#10.8,212.516,10.450,0,,260.000,0.000,6
29,95.00,car_flow_E#10.7,232.595,8.972,0,,260.000,0.000,6
29,95.00,car_flow_E#10.4,335.012,9.027,0,,260.000,0.000,6
29,95.00,car_flow_E#10.2,362.519,0.000,0,,260.000,0.000,6
29,95.00,car_flow_E#10.11,153.017,17.278,1,,260.000,0.000,6
29,95.00,car_flow_E#10.6,224.084,8.820,1,,260.000,0.000,6
29,95.00,car_flow_E#10.5,241.947,7.785,1,,260.000,0.000,6
29,95.00,car_flow_E#10.3,360.773,3.531,1,,260.000,0.000,6
29,100.00,car_flow_E#10.10,147.410,11.784,0,257.186,260.000,2.814,5
29,100.00,car_flow_E#10.9,223.012,6.195,0,257.186,260.000,2.814,5
29,100.00,car_flow_E#10.8,240.591,2.452,0,257.186,260.000,2.814,5
29,100.00,car_flow_E#10.7,250.342,0.210,0,257.186,260.000,2.814,5
29,100.00,car_flow_E#10.4,355.355,0.779,0,257.186,260.000,2.814,5
29,100.00,car_flow_E#10.2,362.519,0.000,0,257.186,260.000,2.814,5
29,100.00,car_flow_E#10.11,209.707,11.552,1,257.186,260.000,2.814,5
29,100.00,car_flow_E#10.6,247.266,1.827,1,257.186,260.000,2.814,5
29,100.00,car_flow_E#10.5,257.186,0.376,1,257.186,260.000,2.814,5
29,100.00,car_flow_E#10.3,362.519,0.000,1,257.186,260.000,2.814,5
29,105.00,car_flow_E#10.12,59.554,14.912,0,,260.000,0.000,4
29,105.00,car_flow_E#10.10,206.144,10.277,0,,260.000,0.000,4
29,105.00,car_flow_E#10.9,238.181,1.265,0,,260.000,0.000,4
29,105.00,car_flow_E#10.8,246.013,0.156,0,,260.000,0.000,4
29,105.00,car_flow_E#10.7,256.426,4.661,0,,260.000,0.000,4
29,105.00,car_flow_E#10.5,266.449,6.155,0,,260.000,0.000,4
29,105.00,car_flow_E#10.4,356.014,0.004,0,,260.000,0.000,4
29,105.00,car_flow_E#10.2,362.519,0.000,0,,260.000,0.000,4
29,105.00,car_flow_E#10.11,239.717,2.242,1,,260.000,0.000,4
29,105.00,car_flow_E#10.6,249.038,2.128,1,,260.000,0.000,4
29,105.00,car_flow_E#10.3,362.519,0.000,1,,260.000,0.000,4
29,110.00,car_flow_E#10.12,134.017,14.905,0,246.502,260.000,13.498,4
29,110.00,car_flow_E#10.9,239.894,0.009,0,246.502,260.000,13.498,4
29,110.00,car_flow_E#10.8,250.436,0.409,0,246.502,260.000,13.498,4
29,110.00,car_flow_E#10.7,304.600,11.025,0,246.502,260.000,13.498,4
29,110.00,car_flow_E#10.5,321.403,11.002,0,246.502,260.000,13.498,4
29,110.00,car_flow_E#10.4,356.018,0.000,0,246.502,260.000,13.498,4
29,110.00,car_flow_E#10.2,362.519,0.000,0,246.502,260.000,13.498,4
29,110.00,car_flow_E#10.13,63.274,14.661,1,246.502,260.000,13.498,4
29,110.00,car_flow_E#10.10,236.568,2.745,1,246.502,260.000,13.498,4
29,110.00,car_flow_E#10.11,246.502,0.000,1,246.502,260.000,13.498,4
29,110.00,car_flow_E#10.6,257.390,0.129,1,246.502,260.000,13.498,4
29,110.00,car_flow_E#10.3,362.519,0.000,1,246.502,260.000,13.498,4
29,115.00,car_flow_E#10.12,204.905,10.956,0,239.982,260.000,20.018,6
29,115.00,car_flow_E#10.9,239.901,0.000,0,239.982,260.000,20.018,6
29,115.00,car_flow_E#10.8,251.462,1.137,0,239.982,260.000,20.018,6
29,115.00,car_flow_E#10.6,259.034,2.497,0,239.982,260.000,20.018,6
29,115.00,car_flow_E#10.7,337.917,3.251,0,239.982,260.000,20.018,6
29,115.00,car_flow_E#10.5,348.826,1.520,0,239.982,260.000,20.018,6
29,115.00,car_flow_E#10.4,356.898,0.014,0,239.982,260.000,20.018,6
29,115.00,car_flow_E#10.2,363.419,0.039,0,239.982,260.000,20.018,6
29,115.00,car_flow_E#10.13,136.078,14.528,1,239.982,260.000,20.018,6
29,115.00,car_flow_E#10.10,239.982,0.023,1,239.982,260.000,20.018,6
29,115.00,car_flow_E#10.11,246.502,0.000,1,239.982,260.000,20.018,6
29,115.00,car_flow_E#10.3,363.419,0.000,1,239.982,260.000,20.018,6
29,120.00,car_flow_E#10.12,236.289,3.018,0,,260.000,0.000,6
29,120.00,car_flow_E#10.9,247.008,0.353,0,,260.000,0.000,6
29,120.00,car_flow_E#10.11,260.392,5.954,0,,260.000,0.000,6
29,120.00,car_flow_E#10.8,286.612,12.109,0,,260.000,0.000,6
29,120.00,car_flow_E#10.6,302.097,12.517,0,,260.000,0.000,6
29,120.00,car_flow_E#10.7,344.983,1.830,0,,260.000,0.000,6
29,120.00,car_flow_E#10.5,353.188,2.926,0,,260.000,0.000,6
29,120.00,car_flow_E#10.4,362.127,4.315,0,,260.000,0.000,6
29,120.00,car_flow_E#10.13,171.732,3.499,1,,260.000,0.000,6
29,120.00,car_flow_E#10.10,248.705,3.668,1,,260.000,0.000,6
30,35.00,car_flow_E#10.0,11.009,13.505,0,,260.000,0.000,2
30,40.00,car_flow_E#10.0,78.035,13.320,0,,260.000,0.000,2
30,45.00,car_flow_E#10.0,145.176,13.298,0,,260.000,0.000,1
30,50.00,car_flow_E#10.0,212.393,13.570,0,,260.000,0.000,0
30,55.00,car_flow_E#10.0,279.571,13.415,0,,260.000,0.000,0
30,60.00,car_flow_E#10.0,345.021,10.542,0,,260.000,0.000,0
30,65.00,car_flow_E#10.1,6.744,10.954,0,,260.000,0.000,0
30,65.00,car_flow_E#10.0,362.519,0.000,0,,260.000,0.000,0
30,70.00,car_flow_E#10.1,61.809,10.968,0,,260.000,0.000,0
30,70.00,car_flow_E#10.0,362.519,0.000,0,,260.000,0.000,0
30,75.00,car_flow_E#10.1,117.078,10.980,0,,260.000,0.000,0
30,75.00,car_flow_E#10.0,362.519,0.000,0,,260.000,0.000,0
30,80.00,car_flow_E#10.3,13.326,13.673,0,,260.000,0.000,0
30,80.00,car_flow_E#10.2,67.975,14.824,0,,260.000,0.000,0
30,80.00,car_flow_E#10.1,172.379,11.179,0,,260.000,0.000,0
30,85.00,car_flow_E#10.4,37.883,14.523,0,,260.000,0.000,0
30,85.00,car_flow_E#10.3,81.905,13.779,0,,260.000,0.000,0
30,85.00,car_flow_E#10.2,142.321,14.824,0,,260.000,0.000,0
30,85.00,car_flow_E#10.1,227.734,10.927,0,,260.000,0.000,0
30,90.00,car_flow_E#10.5,20.214,10.826,0,,260.000,0.000,0
30,90.00,car_flow_E#10.4,110.880,14.494,0,,260.000,0.000,0
30,90.00,car_flow_E#10.3,150.427,13.606,0,,260.000,0.000,0
30,90.00,car_flow_E#10.2,216.828,15.019,0,,260.000,0.000,0
30,90.00,car_flow_E#10.1,283.135,10.964,0,,260.000,0.000,0
30,90.00,car_flow_E#10.6,8.101,16.665,1,,260.000,0.000,0
30,95.00,car_flow_E#10.5,74.269,10.972,0,,260.000,0.000,0
30,95.00,car_flow_E#10.4,183.837,14.656,0,,260.000,0.000,0
30,95.00,car_flow_E#10.3,219.242,13.859,0,,260.000,0.000,0
30,95.00,car_flow_E#10.2,291.297,14.948,0,,260.000,0.000,0
30,95.00,car_flow_E#10.1,338.675,11.016,0,,260.000,0.000,0
30,95.00,car_flow_E#10.6,92.176,16.810,1,,260.000,0.000,0
30,100.00,car_flow_E#10.5,128.449,10.927,0,,260.000,0.000,0
30,100.00,car_flow_E#10.4,256.704,14.512,0,,260.000,0.000,0
30,100.00,car_flow_E#10.3,287.877,13.876,0,,260.000,0.000,0
30,100.00,car_flow_E#10.2,346.270,5.505,0,,260.000,0.000,0
30,100.00,car_flow_E#10.1,362.519,0.000,0,,260.000,0.000,0
30,100.00,car_flow_E#10.6,176.278,16.807,1,,260.000,0.000,0
30,105.00,car_flow_E#10.7,42.982,12.044,0,,260.000,0.000,0
30,105.00,car_flow_E#10.5,182.684,10.736,0,,260.000,0.000,0
30,105.00,car_flow_E#10.4,326.045,12.297,0,,260.000,0.000,0
30,105.00,car_flow_E#10.3,350.257,11.109,0,,260.000,0.000,0
30,105.00,car_flow_E#10.6,230.733,10.483,1,,260.000,0.000,0
30,110.00,car_flow_E#10.7,103.015,11.978,0,,260.000,0.000,2
30,110.00,car_flow_E#10.5,234.075,7.644,0,,260.000,0.000,2
30,110.00,car_flow_E#10.6,256.287,1.182,0,,260.000,0.000,2
30,110.00,car_flow_E#10.3,362.695,0.000,0,,260.000,0.000,2
30,110.00,car_flow_E#10.4,355.852,1.216,1,,260.000,0.000,2
30,115.00,car_flow_E#10.7,163.115,11.893,0,,260.000,0.000,0
30,115.00,car_flow_E#10.5,270.834,10.721,0,,260.000,0.000,0
30,115.00,car_flow_E#10.6,287.078,11.844,0,,260.000,0.000,0
30,120.00,car_flow_E#10.7,223.211,12.048,0,,260.000,0.000,0
30,120.00,car_flow_E#10.5,325.017,10.933,0,,260.000,0.000,0
30,120.00,car_flow_E#10.6,352.292,8.065,0,,260.000,0.000,0
31,25.00,car_flow_E#10.0,28.013,12.449,0,,260.000,0.000,0
31,30.00,car_flow_E#10.1,54.629,13.391,0,,260.000,0.000,0
31,30.00,car_flow_E#10.0,90.672,12.628,0,,260.000,0.000,0
31,35.00,car_flow_E#10.2,36.584,14.078,0,,260.000,0.000,0
31,35.00,car_flow_E#10.1,121.714,13.534,0,,260.000,0.000,0
31,35.00,car_flow_E#10.0,153.209,12.400,0,,260.000,0.000,0
31,40.00,car_flow_E#10.4,9.773,13.920,0,,260.000,0.000,0
31,40.00,car_flow_E#10.3,40.858,13.842,0,,260.000,0.000,0
31,40.00,car_flow_E#10.2,106.926,14.082,0,,260.000,0.000,0
31,40.00,car_flow_E#10.1,188.783,13.267,0,,260.000,0.000,0
31,40.00,car_flow_E#10.0,215.830,12.547,0,,260.000,0.000,0
31,45.00,car_flow_E#10.5,46.794,14.236,0,,260.000,0.000,0
31,45.00,car_flow_E#10.4,79.317,13.857,0,,260.000,0.000,0
31,45.00,car_flow_E#10.3,109.653,13.910,0,,260.000,0.000,0
31,45.00,car_flow_E#10.2,177.373,14.219,0,,260.000,0.000,0
31,45.00,car_flow_E#10.1,255.494,13.252,0,,260.000,0.000,0
31,45.00,car_flow_E#10.0,278.542,12.385,0,,260.000,0.000,0
31,45.00,car_flow_E#10.6,38.029,15.226,1,,260.000,0.000,0
31,50.00,car_flow_E#10.8,7.020,12.395,0,,260.000,0.000,0
31,50.00,car_flow_E#10.7,46.306,13.189,0,,260.000,0.000,0
31,50.00,car_flow_E#10.5,117.495,14.065,0,,260.000,0.000,0
31,50.00,car_flow_E#10.4,149.127,14.011,0,,260.000,0.000,0
31,50.00,car_flow_E#10.3,178.588,13.889,0,,260.000,0.000,0
31,50.00,car_flow_E#10.2,247.817,14.082,0,,260.000,0.000,0
31,50.00,car_flow_E#10.1,320.258,12.489,0,,260.000,0.000,0
31,50.00,car_flow_E#10.0,340.915,11.545,0,,260.000,0.000,0
31,50.00,car_flow_E#10.6,113.835,15.163,1,,260.000,0.000,0
31,55.00,car_flow_E#10.9,28.948,11.893,0,,260.000,0.000,0
31,55.00,car_flow_E#10.8,69.407,12.455,0,,260.000,0.000,0
31,55.00,car_flow_E#10.7,112.217,13.233,0,,260.000,0.000,0
31,55.00,car_flow_E#10.5,188.329,14.179,0,,260.000,0.000,0
31,55.00,car_flow_E#10.4,218.937,13.932,0,,260.000,0.000,0
31,55.00,car_flow_E#10.3,247.236,13.750,0,,260.000,0.000,0
31,55.00,car_flow_E#10.2,318.109,14.207,0,,260.000,0.000,0
31,55.00,car_flow_E#10.6,185.683,11.395,1,,260.000,0.000,0
31,60.00,car_flow_E#10.10,33.069,13.554,0,,260.000,0.000,0
31,60.00,car_flow_E#10.9,87.833,11.789,0,,260.000,0.000,0
31,60.00,car_flow_E#10.8,131.648,12.569,0,,260.000,0.000,0
31,60.00,car_flow_E#10.7,178.250,13.300,0,,260.000,0.000,0
31,60.00,car_flow_E#10.5,258.830,14.204,0,,260.000,0.000,0
31,60.00,car_flow_E#10.4,288.723,14.042,0,,260.000,0.000,0
31,60.00,car_flow_E#10.3,315.937,13.262,0,,260.000,0.000,0
31,60.00,car_flow_E#10.2,362.117,1.869,0,,260.000,0.000,0
31,60.00,car_flow_E#10.6,215.059,6.940,1,,260.000,0.000,0
31,65.00,car_flow_E#10.11,37.560,11.671,0,,260.000,0.000,0
31,65.00,car_flow_E#10.10,100.723,13.513,0,,260.000,0.000,0
31,65.00,car_flow_E#10.9,146.672,11.655,0,,260.000,0.000,0
31,65.00,car_flow_E#10.8,194.045,12.567,0,,260.000,0.000,0
31,65.00,car_flow_E#10.7,240.011,8.454,0,,260.000,0.000,0
31,65.00,car_flow_E#10.5,325.013,12.862,0,,260.000,0.000,0
31,65.00,car_flow_E#10.4,348.482,11.991,0,,260.000,0.000,0
31,65.00,car_flow_E#10.6,252.705,3.597,1,,260.000,0.000,0
31,70.00,car_flow_E#10.12,27.245,10.514,0,257.466,260.000,2.534,2
31,70.00,car_flow_E#10.11,95.423,11.560,0,257.466,260.000,2.534,2
31,70.00,car_flow_E#10.10,168.339,13.624,0,257.466,260.000,2.534,2
31,70.00,car_flow_E#10.9,205.606,11.733,0,257.466,260.000,2.534,2
31,70.00,car_flow_E#10.8,240.120,5.616,0,257.466,260.000,2.534,2
31,70.00,car_flow_E#10.7,255.566,2.826,0,257.466,260.000,2.534,2
31,70.00,car_flow_E#10.4,363.160,0.000,0,257.466,260.000,2.534,2
31,70.00,car_flow_E#10.13,37.836,15.751,1,257.466,260.000,2.534,2
31,70.00,car_flow_E#10.6,257.466,0.039,1,257.466,260.000,2.534,2
31,70.00,car_flow_E#10.5,356.223,0.509,1,257.466,260.000,2.534,2
31,75.00,car_flow_E#10.14,15.980,11.271,0,257.499,260.000,2.501,2
31,75.00,car_flow_E#10.12,80.268,10.689,0,257.499,260.000,2.501,2
31,75.00,car_flow_E#10.11,153.427,11.627,0,257.499,260.000,2.501,2
31,75.00,car_flow_E#10.10,222.525,6.793,0,257.499,260.000,2.501,2
31,75.00,car_flow_E#10.9,241.132,2.776,0,257.499,260.000,2.501,2
31,75.00,car_flow_E#10.8,250.983,0.014,0,257.499,260.000,2.501,2
31,75.00,car_flow_E#10.7,291.776,12.562,0,257.499,260.000,2.501,2
31,75.00,car_flow_E#10.4,363.160,0.000,0,257.499,260.000,2.501,2
31,75.00,car_flow_E#10.15,30.173,14.872,1,257.499,260.000,2.501,2
31,75.00,car_flow_E#10.13,116.603,15.878,1,257.499,260.000,2.501,2
31,75.00,car_flow_E#10.6,257.499,0.000,1,257.499,260.000,2.501,2
31,75.00,car_flow_E#10.5,362.519,0.000,1,257.499,260.000,2.501,2
31,80.00,car_flow_E#10.14,72.321,11.216,0,,260.000,0.000,0
31,80.00,car_flow_E#10.12,133.598,10.564,0,,260.000,0.000,0
31,80.00,car_flow_E#10.11,210.008,9.159,0,,260.000,0.000,0
31,80.00,car_flow_E#10.10,237.508,0.543,0,,260.000,0.000,0
31,80.00,car_flow_E#10.9,244.495,0.109,0,,260.000,0.000,0
31,80.00,car_flow_E#10.8,251.247,0.767,0,,260.000,0.000,0
31,80.00,car_flow_E#10.6,258.575,2.121,0,,260.000,0.000,0
31,80.00,car_flow_E#10.7,348.074,8.071,0,,260.000,0.000,0
31,80.00,car_flow_E#10.16,47.260,16.277,1,,260.000,0.000,0
31,80.00,car_flow_E#10.15,104.023,14.827,1,,260.000,0.000,0
31,80.00,car_flow_E#10.13,190.229,11.505,1,,260.000,0.000,0
31,85.00,car_flow_E#10.14,128.830,11.203,0,,260.000,0.000,0
31,85.00,car_flow_E#10.12,186.824,10.771,0,,260.000,0.000,0
31,85.00,car_flow_E#10.11,241.328,7.370,0,,260.000,0.000,0
31,85.00,car_flow_E#10.10,255.356,8.187,0,,260.000,0.000,0
31,85.00,car_flow_E#10.9,268.182,9.927,0,,260.000,0.000,0
31,85.00,car_flow_E#10.8,282.111,11.383,0,,260.000,0.000,0
31,85.00,car_flow_E#10.6,296.969,12.973,0,,260.000,0.000,0
31,85.00,car_flow_E#10.7,362.519,0.000,0,,260.000,0.000,0
31,85.00,car_flow_E#10.17,48.518,15.156,1,,260.000,0.000,0
31,85.00,car_flow_E#10.16,128.406,16.362,1,,260.000,0.000,0
31,85.00,car_flow_E#10.15,176.564,13.408,1,,260.000,0.000,0
31,85.00,car_flow_E#10.13,219.285,6.525,1,,260.000,0.000,0
31,90.00,car_flow_E#10.14,185.517,11.454,0,,260.000,0.000,0
31,90.00,car_flow_E#10.12,237.551,7.665,0,,260.000,0.000,0
31,90.00,car_flow_E#10.11,287.383,7.938,0,,260.000,0.000,0
31,90.00,car_flow_E#10.10,302.904,7.602,0,,260.000,0.000,0
31,90.00,car_flow_E#10.9,317.993,7.092,0,,260.000,0.000,0
31,90.00,car_flow_E#10.8,333.060,6.280,0,,260.000,0.000,0
31,90.00,car_flow_E#10.7,362.519,0.000,0,,260.000,0.000,0
31,90.00,car_flow_E#10.18,55.912,15.445,1,,260.000,0.000,0
31,90.00,car_flow_E#10.17,124.525,14.342,1,,260.000,0.000,0
31,90.00,car_flow_E#10.16,173.431,5.744,1,,260.000,0.000,0
31,90.00,car_flow_E#10.15,213.916,7.901,1,,260.000,0.000,0
31,90.00,car_flow_E#10.13,253.725,3.011,1,,260.000,0.000,0
31,90.00,car_flow_E#10.6,348.019,5.040,1,,260.000,0.000,0
31,95.00,car_flow_E#10.19,12.640,11.825,0,257.474,260.000,2.526,2
31,95.00,car_flow_E#10.14,234.329,5.584,0,257.474,260.000,2.526,2
31,95.00,car_flow_E#10.12,250.928,0.044,0,257.474,260.000,2.526,2
31,95.00,car_flow_E#10.11,318.158,4.810,0,257.474,260.000,2.526,2
31,95.00,car_flow_E#10.10,330.563,4.346,0,257.474,260.000,2.526,2
31,95.00,car_flow_E#10.9,342.231,4.610,0,257.474,260.000,2.526,2
31,95.00,car_flow_E#10.8,353.441,5.082,0,257.474,260.000,2.526,2
31,95.00,car_flow_E#10.20,12.854,15.267,1,257.474,260.000,2.526,2
31,95.00,car_flow_E#10.18,126.969,10.613,1,257.474,260.000,2.526,2
31,95.00,car_flow_E#10.17,159.298,3.486,1,257.474,260.000,2.526,2
31,95.00,car_flow_E#10.16,194.217,6.209,1,257.474,260.000,2.526,2
31,95.00,car_flow_E#10.15,246.402,1.378,1,257.474,260.000,2.526,2
31,95.00,car_flow_E#10.13,257.474,0.030,1,257.474,260.000,2.526,2
31,95.00,car_flow_E#10.6,360.425,2.856,1,257.474,260.000,2.526,2
31,100.00,car_flow_E#10.21,17.508,12.473,0,246.762,260.000,13.238,2
31,100.00,car_flow_E#10.19,71.763,11.818,0,246.762,260.000,13.238,2
31,100.00,car_flow_E#10.14,240.153,0.010,0,246.762,260.000,13.238,2
31,100.00,car_flow_E#10.12,251.498,1.216,0,246.762,260.000,13.238,2
31,100.00,car_flow_E#10.13,259.093,2.580,0,246.762,260.000,13.238,2
31,100.00,car_flow_E#10.11,338.390,2.463,0,246.762,260.000,13.238,2
31,100.00,car_flow_E#10.10,347.777,1.404,0,246.762,260.000,13.238,2
31,100.00,car_flow_E#10.9,355.699,0.361,0,246.762,260.000,13.238,2
31,100.00,car_flow_E#10.8,362.519,0.000,0,246.762,260.000,13.238,2
31,100.00,car_flow_E#10.20,89.604,15.488,1,246.762,260.000,13.238,2
31,100.00,car_flow_E#10.18,151.146,2.817,1,246.762,260.000,13.238,2
31,100.00,car_flow_E#10.17,176.751,6.164,1,246.762,260.000,13.238,2
31,100.00,car_flow_E#10.16,232.168,5.090,1,246.762,260.000,13.238,2
31,100.00,car_flow_E#10.15,246.762,0.000,1,246.762,260.000,13.238,2
31,100.00,car_flow_E#10.6,362.519,0.000,1,246.762,260.000,13.238,2
31,105.00,car_flow_E#10.21,80.228,12.686,0,,260.000,0.000,0
31,105.00,car_flow_E#10.19,130.938,11.793,0,,260.000,0.000,0
31,105.00,car_flow_E#10.14,249.941,4.432,0,,260.000,0.000,0
31,105.00,car_flow_E#10.15,260.695,6.188,0,,260.000,0.000,0
31,105.00,car_flow_E#10.12,286.292,10.572,0,,260.000,0.000,0
31,105.00,car_flow_E#10.13,302.361,12.054,0,,260.000,0.000,0
31,105.00,car_flow_E#10.11,342.900,0.106,0,,260.000,0.000,0
31,105.00,car_flow_E#10.10,349.497,0.020,0,,260.000,0.000,0
31,105.00,car_flow_E#10.9,356.016,0.002,0,,260.000,0.000,0
31,105.00,car_flow_E#10.8,362.519,0.000,0,,260.000,0.000,0
31,105.00,car_flow_E#10.20,146.137,8.803,1,,260.000,0.000,0
31,105.00,car_flow_E#10.18,168.050,6.634,1,,260.000,0.000,0
31,105.00,car_flow_E#10.17,221.315,6.534,1,,260.000,0.000,0
31,105.00,car_flow_E#10.16,240.363,2.111,1,,260.000,0.000,0
31,105.00,car_flow_E#10.6,362.519,0.000,1,,260.000,0.000,0
31,110.00,car_flow_E#10.21,142.647,11.350,0,,260.000,0.000,0
31,110.00,car_flow_E#10.19,190.002,11.772,0,,260.000,0.000,0
31,110.00,car_flow_E#10.17,259.014,8.036,0,,260.000,0.000,0
31,110.00,car_flow_E#10.16,274.371,8.060,0,,260.000,0.000,0
31,110.00,car_flow_E#10.14,290.253,7.445,0,,260.000,0.000,0
31,110.00,car_flow_E#10.15,304.769,7.338,0,,260.000,0.000,0
31,110.00,car_flow_E#10.12,323.307,4.824,0,,260.000,0.000,0
31,110.00,car_flow_E#10.13,335.831,4.644,0,,260.000,0.000,0
31,110.00,car_flow_E#10.10,349.517,0.000,0,,260.000,0.000,0
31,110.00,car_flow_E#10.9,356.018,0.000,0,,260.000,0.000,0
31,110.00,car_flow_E#10.8,362.519,0.000,0,,260.000,0.000,0
31,110.00,car_flow_E#10.22,45.856,16.438,1,,260.000,0.000,0
31,110.00,car_flow_E#10.20,166.990,2.908,1,,260.000,0.000,0
31,110.00,car_flow_E#10.18,224.801,11.911,1,,260.000,0.000,0
31,110.00,car_flow_E#10.11,344.068,2.028,1,,260.000,0.000,0
31,110.00,car_flow_E#10.6,362.519,0.000,1,,260.000,0.000,0
31,115.00,car_flow_E#10.23,37.552,12.635,0,,260.000,0.000,0
31,115.00,car_flow_E#10.21,204.532,12.512,0,,260.000,0.000,0
31,115.00,car_flow_E#10.19,246.729,10.641,0,,260.000,0.000,0
31,115.00,car_flow_E#10.18,269.475,8.727,0,,260.000,0.000,0
31,115.00,car_flow_E#10.17,292.414,5.398,0,,260.000,0.000,0
31,115.00,car_flow_E#10.16,305.383,4.798,0,,260.000,0.000,0
31,115.00,car_flow_E#10.14,317.712,4.330,0,,260.000,0.000,0
31,115.00,car_flow_E#10.15,329.299,4.321,0,,260.000,0.000,0
31,115.00,car_flow_E#10.12,340.471,4.735,0,,260.000,0.000,0
31,115.00,car_flow_E#10.13,351.314,5.701,0,,260.000,0.000,0
31,115.00,car_flow_E#10.10,362.437,6.886,0,,260.000,0.000,0
31,115.00,car_flow_E#10.24,39.070,15.054,1,,260.000,0.000,0
31,115.00,car_flow_E#10.22,127.587,15.844,1,,260.000,0.000,0
31,115.00,car_flow_E#10.20,184.032,6.318,1,,260.000,0.000,0
31,115.00,car_flow_E#10.11,357.399,6.086,1,,260.000,0.000,0
31,120.00,car_flow_E#10.23,101.021,12.641,0,,260.000,0.000,0
31,120.00,car_flow_E#10.21,266.075,11.766,0,,260.000,0.000,0
31,120.00,car_flow_E#10.19,292.474,9.623,0,,260.000,0.000,0
31,120.00,car_flow_E#10.18,309.892,9.701,0,,260.000,0.000,0
31,120.00,car_flow_E#10.17,326.534,9.870,0,,260.000,0.000,0
31,120.00,car_flow_E#10.16,341.482,10.495,0,,260.000,0.000,0
31,120.00,car_flow_E#10.14,356.962,11.182,0,,260.000,0.000,0
31,120.00,car_flow_E#10.24,114.204,15.038,1,,260.000,0.000,0
31,120.00,car_flow_E#10.22,169.756,4.742,1,,260.000,0.000,0
31,120.00,car_flow_E#10.20,236.591,9.175,1,,260.000,0.000,0
32,35.00,car_flow_E#10.0,57.288,12.982,0,,260.000,0.000,2
32,40.00,car_flow_E#10.0,122.739,13.205,0,,260.000,0.000,2
32,45.00,car_flow_E#10.1,2.642,13.619,0,,260.000,0.000,1
32,45.00,car_flow_E#10.0,188.128,13.127,0,,260.000,0.000,1
32,50.00,car_flow_E#10.1,70.337,13.564,0,,260.000,0.000,0
32,50.00,car_flow_E#10.0,253.504,13.095,0,,260.000,0.000,0
32,55.00,car_flow_E#10.1,137.715,13.538,0,,260.000,0.000,0
32,55.00,car_flow_E#10.0,318.945,12.968,0,,260.000,0.000,0
32,60.00,car_flow_E#10.2,51.169,11.010,0,,260.000,0.000,0
32,60.00,car_flow_E#10.1,205.073,13.544,0,,260.000,0.000,0
32,60.00,car_flow_E#10.0,362.121,1.833,0,,260.000,0.000,0
32,65.00,car_flow_E#10.2,106.835,11.002,0,,260.000,0.000,0
32,65.00,car_flow_E#10.1,272.473,13.630,0,,260.000,0.000,0
32,70.00,car_flow_E#10.2,162.493,11.282,0,,260.000,0.000,0
32,70.00,car_flow_E#10.1,339.852,13.515,0,,260.000,0.000,0
32,75.00,car_flow_E#10.2,218.341,11.184,0,,260.000,0.000,0
32,75.00,car_flow_E#10.1,362.864,0.000,0,,260.000,0.000,0
32,80.00,car_flow_E#10.3,15.696,13.023,0,,260.000,0.000,0
32,80.00,car_flow_E#10.2,274.093,11.109,0,,260.000,0.000,0
32,80.00,car_flow_E#10.1,362.864,0.000,0,,260.000,0.000,0
32,85.00,car_flow_E#10.3,81.151,13.186,0,,260.000,0.000,0
32,85.00,car_flow_E#10.2,329.698,10.696,0,,260.000,0.000,0
32,85.00,car_flow_E#10.1,362.864,0.000,0,,260.000,0.000,0
32,90.00,car_flow_E#10.4,10.462,13.030,0,,260.000,0.000,0
32,90.00,car_flow_E#10.3,146.773,13.160,0,,260.000,0.000,0
32,95.00,car_flow_E#10.5,14.571,13.186,0,,260.000,0.000,5
32,95.00,car_flow_E#10.4,75.135,12.976,0,,260.000,0.000,5
32,95.00,car_flow_E#10.3,212.455,13.203,0,,260.000,0.000,5
32,100.00,car_flow_E#10.5,81.315,13.295,0,,260.000,0.000,7
32,100.00,car_flow_E#10.4,139.885,12.939,0,,260.000,0.000,7
32,100.00,car_flow_E#10.3,277.856,13.091,0,,260.000,0.000,7
32,105.00,car_flow_E#10.5,147.962,13.285,0,,260.000,0.000,8
32,105.00,car_flow_E#10.4,204.553,12.887,0,,260.000,0.000,8
32,105.00,car_flow_E#10.3,343.193,12.412,0,,260.000,0.000,8
32,105.00,car_flow_E#10.6,58.464,14.875,1,,260.000,0.000,8
32,110.00,car_flow_E#10.7,22.469,13.364,0,,260.000,0.000,10
32,110.00,car_flow_E#10.5,214.666,13.240,0,,260.000,0.000,10
32,110.00,car_flow_E#10.4,269.074,12.836,0,,260.000,0.000,10
32,110.00,car_flow_E#10.3,363.408,0.000,0,,260.000,0.000,10
32,110.00,car_flow_E#10.6,133.353,14.991,1,,260.000,0.000,10
32,115.00,car_flow_E#10.7,89.133,13.305,0,,260.000,0.000,10
32,115.00,car_flow_E#10.5,281.382,13.297,0,,260.000,0.000,10
32,115.00,car_flow_E#10.4,331.860,10.235,0,,260.000,0.000,10
32,115.00,car_flow_E#10.3,363.408,0.000,0,,260.000,0.000,10
32,115.00,car_flow_E#10.6,171.434,4.142,1,,260.000,0.000,10
32,120.00,car_flow_E#10.7,155.819,13.265,0,,260.000,0.000,10
32,120.00,car_flow_E#10.5,339.267,8.098,0,,260.000,0.000,10
32,120.00,car_flow_E#10.3,363.408,0.000,0,,260.000,0.000,10
32,120.00,car_flow_E#10.9,1.159,14.750,1,,260.000,0.000,10
32,120.00,car_flow_E#10.6,190.120,6.600,1,,260.000,0.000,10
32,120.00,car_flow_E#10.4,360.534,3.692,1,,260.000,0.000,10
33,25.00,car_flow_E#10.0,7.547,12.756,0,,260.000,0.000,0
33,30.00,car_flow_E#10.1,32.833,12.067,0,,260.000,0.000,0
33,30.00,car_flow_E#10.0,70.877,12.544,0,,260.000,0.000,0
33,30.00,car_flow_E#10.2,4.325,13.636,1,,260.000,0.000,0
33,35.00,car_flow_E#10.1,93.791,12.086,0,,260.000,0.000,0
33,35.00,car_flow_E#10.0,134.307,12.750,0,,260.000,0.000,0
33,35.00,car_flow_E#10.2,73.007,13.627,1,,260.000,0.000,0
33,40.00,car_flow_E#10.1,154.695,12.303,0,,260.000,0.000,0
33,40.00,car_flow_E#10.0,197.694,12.797,0,,260.000,0.000,0
33,40.00,car_flow_E#10.3,23.831,15.043,1,,260.000,0.000,0
33,40.00,car_flow_E#10.2,141.867,13.831,1,,260.000,0.000,0
33,45.00,car_flow_E#10.1,215.654,12.202,0,,260.000,0.000,0
33,45.00,car_flow_E#10.0,261.019,12.719,0,,260.000,0.000,0
33,45.00,car_flow_E#10.3,98.335,14.787,1,,260.000,0.000,0
33,45.00,car_flow_E#10.2,174.185,3.077,1,,260.000,0.000,0
33,50.00,car_flow_E#10.4,57.887,11.984,0,,260.000,0.000,0
33,50.00,car_flow_E#10.1,276.411,12.192,0,,260.000,0.000,0
33,50.00,car_flow_E#10.0,324.496,12.620,0,,260.000,0.000,0
33,50.00,car_flow_E#10.5,54.630,16.194,1,,260.000,0.000,0
33,50.00,car_flow_E#10.3,163.273,10.595,1,,260.000,0.000,0
33,50.00,car_flow_E#10.2,191.769,7.012,1,,260.000,0.000,0
33,55.00,car_flow_E#10.6,69.178,14.232,0,,260.000,0.000,0
33,55.00,car_flow_E#10.4,118.181,12.164,0,,260.000,0.000,0
33,55.00,car_flow_E#10.1,335.057,9.106,0,,260.000,0.000,0
33,55.00,car_flow_E#10.0,362.479,0.743,0,,260.000,0.000,0
33,55.00,car_flow_E#10.5,135.011,16.066,1,,260.000,0.000,0
33,55.00,car_flow_E#10.3,191.332,6.734,1,,260.000,0.000,0
33,55.00,car_flow_E#10.2,242.134,7.570,1,,260.000,0.000,0
33,60.00,car_flow_E#10.7,42.620,12.045,0,,260.000,0.000,0
33,60.00,car_flow_E#10.6,140.160,13.046,0,,260.000,0.000,0
33,60.00,car_flow_E#10.4,175.013,7.791,0,,260.000,0.000,0
33,60.00,car_flow_E#10.2,284.597,13.089,0,,260.000,0.000,0
33,60.00,car_flow_E#10.0,362.519,0.000,0,,260.000,0.000,0
33,60.00,car_flow_E#10.8,71.321,16.364,1,,260.000,0.000,0
33,60.00,car_flow_E#10.5,178.366,5.032,1,,260.000,0.000,0
33,60.00,car_flow_E#10.3,241.717,7.644,1,,260.000,0.000,0
33,60.00,car_flow_E#10.1,359.545,4.379,1,,260.000,0.000,0
33,65.00,car_flow_E#10.10,9.558,13.486,0,,260.000,0.000,0
33,65.00,car_flow_E#10.7,102.332,11.978,0,,260.000,0.000,0
33,65.00,car_flow_E#10.6,206.135,13.173,0,,260.000,0.000,0
33,65.00,car_flow_E#10.4,230.792,12.138,0,,260.000,0.000,0
33,65.00,car_flow_E#10.3,285.770,13.658,0,,260.000,0.000,0
33,65.00,car_flow_E#10.2,342.626,6.835,0,,260.000,0.000,0
33,65.00,car_flow_E#10.0,362.519,0.000,0,,260.000,0.000,0
33,65.00,car_flow_E#10.9,76.563,16.212,1,,260.000,0.000,0
33,65.00,car_flow_E#10.8,151.046,14.318,1,,260.000,0.000,0
33,65.00,car_flow_E#10.5,198.209,6.320,1,,260.000,0.000,0
33,65.00,car_flow_E#10.1,362.519,0.000,1,,260.000,0.000,0
33,70.00,car_flow_E#10.10,77.351,13.585,0,,260.000,0.000,0
33,70.00,car_flow_E#10.7,162.135,11.931,0,,260.000,0.000,0
33,70.00,car_flow_E#10.6,269.714,12.656,0,,260.000,0.000,0
33,70.00,car_flow_E#10.4,291.047,12.183,0,,260.000,0.000,0
33,70.00,car_flow_E#10.3,339.165,5.872,0,,260.000,0.000,0
33,70.00,car_flow_E#10.2,355.774,0.278,0,,260.000,0.000,0
33,70.00,car_flow_E#10.0,362.519,0.000,0,,260.000,0.000,0
33,70.00,car_flow_E#10.11,35.266,15.060,1,,260.000,0.000,0
33,70.00,car_flow_E#10.9,153.579,13.882,1,,260.000,0.000,0
33,70.00,car_flow_E#10.8,193.296,8.907,1,,260.000,0.000,0
33,70.00,car_flow_E#10.5,244.771,6.693,1,,260.000,0.000,0
33,70.00,car_flow_E#10.1,362.519,0.000,1,,260.000,0.000,0
33,75.00,car_flow_E#10.10,145.041,13.545,0,,260.000,0.000,0
33,75.00,car_flow_E#10.7,220.772,10.008,0,,260.000,0.000,0
33,75.00,car_flow_E#10.5,285.304,12.148,0,,260.000,0.000,0
33,75.00,car_flow_E#10.6,320.205,6.245,0,,260.000,0.000,0
33,75.00,car_flow_E#10.4,335.999,4.340,0,,260.000,0.000,0
33,75.00,car_flow_E#10.3,349.359,0.174,0,,260.000,0.000,0
33,75.00,car_flow_E#10.2,356.017,0.002,0,,260.000,0.000,0
33,75.00,car_flow_E#10.0,362.519,0.000,0,,260.000,0.000,0
33,75.00,car_flow_E#10.13,6.590,14.548,1,,260.000,0.000,0
33,75.00,car_flow_E#10.11,110.552,14.945,1,,260.000,0.000,0
33,75.00,car_flow_E#10.9,193.802,8.705,1,,260.000,0.000,0
33,75.00,car_flow_E#10.8,245.453,6.596,1,,260.000,0.000,0
33,75.00,car_flow_E#10.1,362.519,0.000,1,,260.000,0.000,0
33,80.00,car_flow_E#10.12,48.608,11.073,0,257.318,260.000,2.682,2
33,80.00,car_flow_E#10.10,210.819,11.181,0,257.318,260.000,2.682,2
33,80.00,car_flow_E#10.7,248.420,2.160,0,257.318,260.000,2.682,2
33,80.00,car_flow_E#10.5,323.727,3.749,0,257.318,260.000,2.682,2
33,80.00,car_flow_E#10.6,335.700,0.774,0,257.318,260.000,2.682,2
33,80.00,car_flow_E#10.4,342.937,0.089,0,257.318,260.000,2.682,2
33,80.00,car_flow_E#10.3,349.516,0.001,0,257.318,260.000,2.682,2
33,80.00,car_flow_E#10.2,356.018,0.000,0,257.318,260.000,2.682,2
33,80.00,car_flow_E#10.0,362.519,0.000,0,257.318,260.000,2.682,2
33,80.00,car_flow_E#10.13,79.724,14.622,1,257.318,260.000,2.682,2
33,80.00,car_flow_E#10.11,185.894,15.073,1,257.318,260.000,2.682,2
33,80.00,car_flow_E#10.9,240.312,4.709,1,257.318,260.000,2.682,2
33,80.00,car_flow_E#10.8,257.318,0.208,1,257.318,260.000,2.682,2
33,80.00,car_flow_E#10.1,362.519,0.000,1,257.318,260.000,2.682,2
33,85.00,car_flow_E#10.15,19.534,12.298,0,244.583,260.000,15.417,2
33,85.00,car_flow_E#10.14,51.850,12.359,0,244.583,260.000,15.417,2
33,85.00,car_flow_E#10.12,104.092,11.030,0,244.583,260.000,15.417,2
33,85.00,car_flow_E#10.10,237.978,0.005,0,244.583,260.000,15.417,2
33,85.00,car_flow_E#10.7,250.953,0.053,0,244.583,260.000,15.417,2
33,85.00,car_flow_E#10.8,257.498,0.001,0,244.583,260.000,15.417,2
33,85.00,car_flow_E#10.5,333.801,1.640,0,244.583,260.000,15.417,2
33,85.00,car_flow_E#10.6,342.069,1.058,0,244.583,260.000,15.417,2
33,85.00,car_flow_E#10.3,349.517,0.000,0,244.583,260.000,15.417,2
33,85.00,car_flow_E#10.2,356.018,0.000,0,244.583,260.000,15.417,2
33,85.00,car_flow_E#10.0,362.519,0.000,0,244.583,260.000,15.417,2
33,85.00,car_flow_E#10.13,152.828,14.761,1,244.583,260.000,15.417,2
33,85.00,car_flow_E#10.11,229.318,5.436,1,244.583,260.000,15.417,2
33,85.00,car_flow_E#10.9,244.583,0.000,1,244.583,260.000,15.417,2
33,85.00,car_flow_E#10.4,352.253,3.084,1,244.583,260.000,15.417,2
33,85.00,car_flow_E#10.1,362.519,0.000,1,244.583,260.000,15.417,2
33,90.00,car_flow_E#10.15,81.501,12.300,0,238.897,260.000,21.103,2
33,90.00,car_flow_E#10.14,113.505,12.220,0,238.897,260.000,21.103,2
33,90.00,car_flow_E#10.12,159.537,11.158,0,238.897,260.000,21.103,2
33,90.00,car_flow_E#10.10,243.642,3.805,0,238.897,260.000,21.103,2
33,90.00,car_flow_E#10.9,253.327,5.078,0,238.897,260.000,21.103,2
33,90.00,car_flow_E#10.7,266.737,7.729,0,238.897,260.000,21.103,2
33,90.00,car_flow_E#10.8,280.162,9.984,0,238.897,260.000,21.103,2
33,90.00,car_flow_E#10.3,362.885,7.203,0,238.897,260.000,21.103,2
33,90.00,car_flow_E#10.16,9.492,15.355,1,238.897,260.000,21.103,2
33,90.00,car_flow_E#10.13,196.809,8.989,1,238.897,260.000,21.103,2
33,90.00,car_flow_E#10.11,238.897,0.000,1,238.897,260.000,21.103,2
33,90.00,car_flow_E#10.5,343.616,4.515,1,238.897,260.000,21.103,2
33,90.00,car_flow_E#10.6,353.836,5.379,1,238.897,260.000,21.103,2
33,95.00,car_flow_E#10.15,143.407,12.271,0,,260.000,0.000,2
33,95.00,car_flow_E#10.14,175.115,12.322,0,,260.000,0.000,2
33,95.00,car_flow_E#10.12,214.798,10.864,0,,260.000,0.000,2
33,95.00,car_flow_E#10.11,261.453,8.456,0,,260.000,0.000,2
33,95.00,car_flow_E#10.10,287.815,10.832,0,,260.000,0.000,2
33,95.00,car_flow_E#10.9,303.794,11.930,0,,260.000,0.000,2
33,95.00,car_flow_E#10.7,323.329,12.014,0,,260.000,0.000,2
33,95.00,car_flow_E#10.8,346.445,10.059,0,,260.000,0.000,2
33,95.00,car_flow_E#10.16,86.265,15.396,1,,260.000,0.000,2
33,95.00,car_flow_E#10.13,242.471,7.534,1,,260.000,0.000,2
33,95.00,car_flow_E#10.5,355.445,0.657,1,,260.000,0.000,2
33,95.00,car_flow_E#10.6,362.519,0.000,1,,260.000,0.000,2
33,100.00,car_flow_E#10.15,203.400,10.181,0,257.218,260.000,2.782,2
33,100.00,car_flow_E#10.14,227.916,7.060,0,257.218,260.000,2.782,2
33,100.00,car_flow_E#10.12,247.227,2.862,0,257.218,260.000,2.782,2
33,100.00,car_flow_E#10.11,316.715,11.422,0,257.218,260.000,2.782,2
33,100.00,car_flow_E#10.10,338.308,10.908,0,257.218,260.000,2.782,2
33,100.00,car_flow_E#10.9,355.391,11.739,0,257.218,260.000,2.782,2
33,100.00,car_flow_E#10.17,54.242,15.015,1,257.218,260.000,2.782,2
33,100.00,car_flow_E#10.16,162.987,15.034,1,257.218,260.000,2.782,2
33,100.00,car_flow_E#10.13,257.218,0.339,1,257.218,260.000,2.782,2
33,105.00,car_flow_E#10.15,233.857,2.629,0,257.498,260.000,2.502,4
33,105.00,car_flow_E#10.14,243.855,0.617,0,257.498,260.000,2.502,4
33,105.00,car_flow_E#10.12,250.927,0.084,0,257.498,260.000,2.502,4
33,105.00,car_flow_E#10.9,363.520,0.000,0,257.498,260.000,2.502,4
33,105.00,car_flow_E#10.17,129.453,15.050,1,257.498,260.000,2.502,4
33,105.00,car_flow_E#10.16,208.773,9.808,1,257.498,260.000,2.502,4
33,105.00,car_flow_E#10.13,257.498,0.002,1,257.498,260.000,2.502,4
33,105.00,car_flow_E#10.11,348.763,1.863,1,257.498,260.000,2.502,4
33,105.00,car_flow_E#10.10,357.620,1.696,1,257.498,260.000,2.502,4
33,110.00,car_flow_E#10.15,242.111,2.140,0,,260.000,0.000,2
33,110.00,car_flow_E#10.14,253.167,6.028,0,,260.000,0.000,2
33,110.00,car_flow_E#10.12,263.975,7.399,0,,260.000,0.000,2
33,110.00,car_flow_E#10.13,276.067,9.064,0,,260.000,0.000,2
33,110.00,car_flow_E#10.17,167.790,4.195,1,,260.000,0.000,2
33,110.00,car_flow_E#10.16,250.536,2.551,1,,260.000,0.000,2
33,110.00,car_flow_E#10.11,359.733,4.260,1,,260.000,0.000,2
33,115.00,car_flow_E#10.18,41.094,12.750,0,257.417,260.000,2.583,2
33,115.00,car_flow_E#10.15,250.437,0.448,0,257.417,260.000,2.583,2
33,115.00,car_flow_E#10.14,300.687,10.537,0,257.417,260.000,2.583,2
33,115.00,car_flow_E#10.12,316.763,10.982,0,257.417,260.000,2.583,2
33,115.00,car_flow_E#10.13,338.437,12.212,0,257.417,260.000,2.583,2
33,115.00,car_flow_E#10.19,25.143,13.866,1,257.417,260.000,2.583,2
33,115.00,car_flow_E#10.17,187.114,6.870,1,257.417,260.000,2.583,2
33,115.00,car_flow_E#10.16,257.417,0.098,1,257.417,260.000,2.583,2
33,115.00,car_flow_E#10.11,362.519,0.000,1,257.417,260.000,2.583,2
33,120.00,car_flow_E#10.18,105.309,12.799,0,,260.000,0.000,2
33,120.00,car_flow_E#10.15,251.236,0.744,0,,260.000,0.000,2
33,120.00,car_flow_E#10.16,258.563,2.118,0,,260.000,0.000,2
33,120.00,car_flow_E#10.14,340.326,4.255,0,,260.000,0.000,2
33,120.00,car_flow_E#10.12,352.776,2.698,0,,260.000,0.000,2
33,120.00,car_flow_E#10.13,362.519,0.000,0,,260.000,0.000,2
33,120.00,car_flow_E#10.19,95.242,14.047,1,,260.000,0.000,2
33,120.00,car_flow_E#10.17,237.250,7.281,1,,260.000,0.000,2
33,120.00,car_flow_E#10.11,362.519,0.000,1,,260.000,0.000,2
34,35.00,car_flow_E#10.0,41.920,10.502,0,,260.000,0.000,0
34,40.00,car_flow_E#10.0,94.136,10.546,0,,260.000,0.000,0
34,45.00,car_flow_E#10.1,50.017,11.636,0,,260.000,0.000,0
34,45.00,car_flow_E#10.0,146.505,10.574,0,,260.000,0.000,0
34,45.00,car_flow_E#10.2,26.177,12.622,1,,260.000,0.000,0
34,50.00,car_flow_E#10.4,13.308,11.135,0,,260.000,0.000,2
34,50.00,car_flow_E#10.3,59.567,12.296,0,,260.000,0.000,2
34,50.00,car_flow_E#10.1,108.778,11.800,0,,260.000,0.000,2
34,50.00,car_flow_E#10.0,198.795,10.346,0,,260.000,0.000,2
34,50.00,car_flow_E#10.5,26.676,14.022,1,,260.000,0.000,2
34,50.00,car_flow_E#10.2,88.960,12.589,1,,260.000,0.000,2
34,55.00,car_flow_E#10.4,68.417,11.027,0,,260.000,0.000,2
34,55.00,car_flow_E#10.3,121.545,12.317,0,,260.000,0.000,2
34,55.00,car_flow_E#10.1,167.799,11.829,0,,260.000,0.000,2
34,55.00,car_flow_E#10.0,251.222,10.335,0,,260.000,0.000,2
34,55.00,car_flow_E#10.6,27.693,15.279,1,,260.000,0.000,2
34,55.00,car_flow_E#10.5,97.042,14.191,1,,260.000,0.000,2
34,55.00,car_flow_E#10.2,151.531,12.453,1,,260.000,0.000,2
34,60.00,car_flow_E#10.7,37.962,12.416,0,,260.000,0.000,2
34,60.00,car_flow_E#10.4,123.387,11.033,0,,260.000,0.000,2
34,60.00,car_flow_E#10.3,183.549,12.486,0,,260.000,0.000,2
34,60.00,car_flow_E#10.1,226.573,11.804,0,,260.000,0.000,2
34,60.00,car_flow_E#10.0,303.458,10.466,0,,260.000,0.000,2
34,60.00,car_flow_E#10.6,103.979,15.304,1,,260.000,0.000,2
34,60.00,car_flow_E#10.5,158.834,10.072,1,,260.000,0.000,2
34,60.00,car_flow_E#10.2,184.820,7.141,1,,260.000,0.000,2
34,65.00,car_flow_E#10.8,44.325,12.436,0,,260.000,0.000,2
34,65.00,car_flow_E#10.7,99.678,12.212,0,,260.000,0.000,2
34,65.00,car_flow_E#10.4,178.476,10.891,0,,260.000,0.000,2
34,65.00,car_flow_E#10.3,245.833,12.550,0,,260.000,0.000,2
34,65.00,car_flow_E#10.1,285.392,11.728,0,,260.000,0.000,2
34,65.00,car_flow_E#10.0,353.861,7.460,0,,260.000,0.000,2
34,65.00,car_flow_E#10.6,162.973,8.983,1,,260.000,0.000,2
34,65.00,car_flow_E#10.5,186.128,6.417,1,,260.000,0.000,2
34,65.00,car_flow_E#10.2,238.172,8.616,1,,260.000,0.000,2
34,70.00,car_flow_E#10.9,51.488,14.455,0,,260.000,0.000,2
34,70.00,car_flow_E#10.8,106.126,12.490,0,,260.000,0.000,2
34,70.00,car_flow_E#10.7,161.426,12.437,0,,260.000,0.000,2
34,70.00,car_flow_E#10.4,230.316,7.893,0,,260.000,0.000,2
34,70.00,car_flow_E#10.2,267.498,8.580,0,,260.000,0.000,2
34,70.00,car_flow_E#10.3,307.861,12.511,0,,260.000,0.000,2
34,70.00,car_flow_E#10.1,340.299,7.759,0,,260.000,0.000,2
34,70.00,car_flow_E#10.0,362.519,0.000,0,,260.000,0.000,2
34,70.00,car_flow_E#10.6,188.458,6.409,1,,260.000,0.000,2
34,70.00,car_flow_E#10.5,238.528,8.647,1,,260.000,0.000,2
34,75.00,car_flow_E#10.9,123.214,14.338,0,257.018,260.000,2.982,2
34,75.00,car_flow_E#10.8,167.923,12.306,0,257.018,260.000,2.982,2
34,75.00,car_flow_E#10.7,220.104,9.217,0,257.018,260.000,2.982,2
34,75.00,car_flow_E#10.4,250.358,0.188,0,257.018,260.000,2.982,2
34,75.00,car_flow_E#10.2,324.151,9.283,0,257.018,260.000,2.982,2
34,75.00,car_flow_E#10.3,349.124,4.572,0,257.018,260.000,2.982,2
34,75.00,car_flow_E#10.0,362.519,0.000,0,257.018,260.000,2.982,2
34,75.00,car_flow_E#10.6,236.536,6.955,1,257.018,260.000,2.982,2
34,75.00,car_flow_E#10.5,257.018,0.600,1,257.018,260.000,2.982,2
34,75.00,car_flow_E#10.1,362.231,1.502,1,257.018,260.000,2.982,2
34,80.00,car_flow_E#10.9,192.195,11.300,0,,260.000,0.000,2
34,80.00,car_flow_E#10.8,221.716,6.957,0,,260.000,0.000,2
34,80.00,car_flow_E#10.7,241.352,0.443,0,,260.000,0.000,2
34,80.00,car_flow_E#10.4,257.764,5.041,0,,260.000,0.000,2
34,80.00,car_flow_E#10.5,268.729,7.315,0,,260.000,0.000,2
34,80.00,car_flow_E#10.2,352.560,2.901,0,,260.000,0.000,2
34,80.00,car_flow_E#10.0,362.519,0.000,0,,260.000,0.000,2
34,80.00,car_flow_E#10.6,247.852,2.487,1,,260.000,0.000,2
34,80.00,car_flow_E#10.3,355.947,0.080,1,,260.000,0.000,2
34,80.00,car_flow_E#10.1,362.519,0.000,1,,260.000,0.000,2
34,85.00,car_flow_E#10.7,250.206,0.724,0,257.354,260.000,2.646,2
34,85.00,car_flow_E#10.4,305.663,11.051,0,257.354,260.000,2.646,2
34,85.00,car_flow_E#10.5,325.514,9.800,0,257.354,260.000,2.646,2
34,85.00,car_flow_E#10.2,355.993,0.027,0,257.354,260.000,2.646,2
34,85.00,car_flow_E#10.0,362.519,0.000,0,257.354,260.000,2.646,2
34,85.00,car_flow_E#10.9,230.227,5.280,1,257.354,260.000,2.646,2
34,85.00,car_flow_E#10.8,244.153,3.395,1,257.354,260.000,2.646,2
34,85.00,car_flow_E#10.6,257.354,0.174,1,257.354,260.000,2.646,2
34,85.00,car_flow_E#10.3,356.018,0.000,1,257.354,260.000,2.646,2
34,85.00,car_flow_E#10.1,362.519,0.000,1,257.354,260.000,2.646,2
34,90.00,car_flow_E#10.10,40.434,13.476,0,256.609,260.000,3.391,2
34,90.00,car_flow_E#10.7,263.324,7.300,0,256.609,260.000,3.391,2
34,90.00,car_flow_E#10.6,275.451,8.739,0,256.609,260.000,3.391,2
34,90.00,car_flow_E#10.4,345.307,8.226,0,256.609,260.000,3.391,2
34,90.00,car_flow_E#10.5,360.822,8.602,0,256.609,260.000,3.391,2
34,90.00,car_flow_E#10.9,247.358,2.176,1,256.609,260.000,3.391,2
34,90.00,car_flow_E#10.8,256.609,0.939,1,256.609,260.000,3.391,2
34,95.00,car_flow_E#10.11,5.872,12.829,0,250.946,260.000,9.054,1
34,95.00,car_flow_E#10.7,317.410,9.784,0,250.946,260.000,9.054,1
34,95.00,car_flow_E#10.6,334.892,9.143,0,250.946,260.000,9.054,1
34,95.00,car_flow_E#10.4,362.519,0.000,0,250.946,260.000,9.054,1
34,95.00,car_flow_E#10.10,107.824,13.422,1,250.946,260.000,9.054,1
34,95.00,car_flow_E#10.9,250.946,0.052,1,250.946,260.000,9.054,1
34,95.00,car_flow_E#10.8,257.494,0.005,1,250.946,260.000,9.054,1
34,100.00,car_flow_E#10.11,70.303,12.983,0,,260.000,0.000,1
34,100.00,car_flow_E#10.9,262.940,6.773,0,,260.000,0.000,1
34,100.00,car_flow_E#10.8,274.934,8.734,0,,260.000,0.000,1
34,100.00,car_flow_E#10.7,351.610,3.793,0,,260.000,0.000,1
34,100.00,car_flow_E#10.12,20.134,14.404,1,,260.000,0.000,1
34,100.00,car_flow_E#10.10,175.353,13.492,1,,260.000,0.000,1
34,100.00,car_flow_E#10.6,363.316,1.060,1,,260.000,0.000,1
34,105.00,car_flow_E#10.11,134.845,13.064,0,,260.000,0.000,1
34,105.00,car_flow_E#10.9,316.604,12.020,0,,260.000,0.000,1
34,105.00,car_flow_E#10.8,334.551,12.358,0,,260.000,0.000,1
34,105.00,car_flow_E#10.12,92.586,14.418,1,,260.000,0.000,1
34,105.00,car_flow_E#10.10,213.069,8.004,1,,260.000,0.000,1
34,110.00,car_flow_E#10.11,199.333,12.844,0,,260.000,0.000,1
34,110.00,car_flow_E#10.10,252.451,3.752,0,,260.000,0.000,1
34,110.00,car_flow_E#10.9,352.903,2.401,0,,260.000,0.000,1
34,110.00,car_flow_E#10.8,362.519,0.000,0,,260.000,0.000,1
34,110.00,car_flow_E#10.12,165.007,14.490,1,,260.000,0.000,1
34,115.00,car_flow_E#10.11,263.649,12.968,0,,260.000,0.000,0
34,115.00,car_flow_E#10.10,295.002,13.559,0,,260.000,0.000,0
34,115.00,car_flow_E#10.8,362.519,0.000,0,,260.000,0.000,0
34,115.00,car_flow_E#10.12,208.128,8.982,1,,260.000,0.000,0
34,115.00,car_flow_E#10.9,362.519,0.000,1,,260.000,0.000,0
34,120.00,car_flow_E#10.12,251.085,4.359,0,,260.000,0.000,2
34,120.00,car_flow_E#10.11,324.238,9.118,0,,260.000,0.000,2
34,120.00,car_flow_E#10.10,347.600,5.661,0,,260.000,0.000,2
35,60.00,car_flow_E#10.1,12.097,12.563,0,,260.000,0.000,0
35,60.00,car_flow_E#10.0,44.098,12.621,0,,260.000,0.000,0
35,65.00,car_flow_E#10.1,74.757,12.583,0,,260.000,0.000,0
35,65.00,car_flow_E#10.0,106.968,12.654,0,,260.000,0.000,0
35,70.00,car_flow_E#10.1,137.376,12.534,0,,260.000,0.000,0
35,70.00,car_flow_E#10.0,169.881,12.510,0,,260.000,0.000,0
35,75.00,car_flow_E#10.1,200.033,12.547,0,,260.000,0.000,2
35,75.00,car_flow_E#10.0,232.727,12.537,0,,260.000,0.000,2
35,75.00,car_flow_E#10.2,43.601,15.696,1,,260.000,0.000,2
35,80.00,car_flow_E#10.1,262.711,12.401,0,,260.000,0.000,0
35,80.00,car_flow_E#10.0,295.603,12.468,0,,260.000,0.000,0
35,80.00,car_flow_E#10.2,121.470,15.558,1,,260.000,0.000,0
35,85.00,car_flow_E#10.1,324.960,11.572,0,,260.000,0.000,0
35,85.00,car_flow_E#10.0,353.700,7.553,0,,260.000,0.000,0
35,85.00,car_flow_E#10.2,162.509,4.897,1,,260.000,0.000,0
35,90.00,car_flow_E#10.2,182.904,6.771,1,,260.000,0.000,2
35,90.00,car_flow_E#10.1,355.060,2.004,1,,260.000,0.000,2
35,95.00,car_flow_E#10.4,23.830,13.124,0,,260.000,0.000,3
35,95.00,car_flow_E#10.3,62.947,13.590,0,,260.000,0.000,3
35,95.00,car_flow_E#10.2,237.166,8.944,1,,260.000,0.000,3
35,100.00,car_flow_E#10.5,53.831,15.621,0,,260.000,0.000,1
35,100.00,car_flow_E#10.4,89.352,13.062,0,,260.000,0.000,1
35,100.00,car_flow_E#10.3,131.227,13.678,0,,260.000,0.000,1
35,100.00,car_flow_E#10.2,286.468,14.399,0,,260.000,0.000,1
35,105.00,car_flow_E#10.5,128.320,14.294,0,,260.000,0.000,0
35,105.00,car_flow_E#10.4,154.781,13.026,0,,260.000,0.000,0
35,105.00,car_flow_E#10.3,199.422,13.503,0,,260.000,0.000,0
35,105.00,car_flow_E#10.2,353.158,7.773,0,,260.000,0.000,0
35,110.00,car_flow_E#10.6,17.622,14.735,0,,260.000,0.000,2
35,110.00,car_flow_E#10.4,220.260,13.093,0,,260.000,0.000,2
35,110.00,car_flow_E#10.3,267.654,13.654,0,,260.000,0.000,2
35,110.00,car_flow_E#10.2,362.519,0.000,0,,260.000,0.000,2
35,110.00,car_flow_E#10.5,197.718,13.439,1,,260.000,0.000,2
35,115.00,car_flow_E#10.6,91.120,14.697,0,,260.000,0.000,2
35,115.00,car_flow_E#10.4,285.576,13.016,0,,260.000,0.000,2
35,115.00,car_flow_E#10.3,332.451,9.868,0,,260.000,0.000,2
35,115.00,car_flow_E#10.2,362.519,0.000,0,,260.000,0.000,2
35,115.00,car_flow_E#10.5,235.352,7.965,1,,260.000,0.000,2
35,120.00,car_flow_E#10.6,164.582,14.801,0,,260.000,0.000,2
35,120.00,car_flow_E#10.5,256.733,0.846,0,,260.000,0.000,2
35,120.00,car_flow_E#10.4,340.954,7.477,0,,260.000,0.000,2
35,120.00,car_flow_E#10.2,362.519,0.000,0,,260.000,0.000,2
35,120.00,car_flow_E#10.3,360.843,3.410,1,,260.000,0.000,2
36,35.00,car_flow_E#10.0,25.168,12.619,0,,260.000,0.000,0
36,40.00,car_flow_E#10.1,21.700,13.534,0,,260.000,0.000,0
36,40.00,car_flow_E#10.0,88.037,12.718,0,,260.000,0.000,0
36,45.00,car_flow_E#10.2,11.877,13.230,0,,260.000,0.000,0
36,45.00,car_flow_E#10.1,89.008,13.322,0,,260.000,0.000,0
36,45.00,car_flow_E#10.0,150.957,12.518,0,,260.000,0.000,0
36,50.00,car_flow_E#10.2,78.537,13.323,0,,260.000,0.000,0
36,50.00,car_flow_E#10.1,156.364,13.370,0,,260.000,0.000,0
36,50.00,car_flow_E#10.0,213.814,12.540,0,,260.000,0.000,0
36,55.00,car_flow_E#10.2,145.314,13.295,0,,260.000,0.000,0
36,55.00,car_flow_E#10.1,223.718,13.351,0,,260.000,0.000,0
36,55.00,car_flow_E#10.0,276.787,12.728,0,,260.000,0.000,0
36,60.00,car_flow_E#10.2,211.922,13.240,0,,260.000,0.000,0
36,60.00,car_flow_E#10.1,291.075,13.394,0,,260.000,0.000,0
36,60.00,car_flow_E#10.0,339.511,11.856,0,,260.000,0.000,0
36,65.00,car_flow_E#10.3,40.074,14.765,0,,260.000,0.000,0
36,65.00,car_flow_E#10.2,278.527,13.456,0,,260.000,0.000,0
36,65.00,car_flow_E#10.1,358.615,13.550,0,,260.000,0.000,0
36,70.00,car_flow_E#10.3,114.366,14.939,0,,260.000,0.000,2
36,70.00,car_flow_E#10.2,343.745,10.900,0,,260.000,0.000,2
36,75.00,car_flow_E#10.3,188.944,14.966,0,,260.000,0.000,1
36,75.00,car_flow_E#10.2,362.519,0.000,0,,260.000,0.000,1
36,80.00,car_flow_E#10.3,263.371,14.742,0,,260.000,0.000,0
36,85.00,car_flow_E#10.5,2.349,14.549,0,,260.000,0.000,0
36,85.00,car_flow_E#10.4,56.830,14.960,0,,260.000,0.000,0
36,85.00,car_flow_E#10.3,336.780,12.715,0,,260.000,0.000,0
36,90.00,car_flow_E#10.5,74.466,14.449,0,,260.000,0.000,0
36,90.00,car_flow_E#10.4,131.524,15.083,0,,260.000,0.000,0
36,90.00,car_flow_E#10.3,362.519,0.000,0,,260.000,0.000,0
36,95.00,car_flow_E#10.6,12.267,14.648,0,,260.000,0.000,2
36,95.00,car_flow_E#10.5,146.487,14.436,0,,260.000,0.000,2
36,95.00,car_flow_E#10.4,206.270,15.085,0,,260.000,0.000,2
36,95.00,car_flow_E#10.3,362.519,0.000,0,,260.000,0.000,2
36,100.00,car_flow_E#10.6,85.313,14.582,0,,260.000,0.000,2
36,100.00,car_flow_E#10.5,218.541,14.359,0,,260.000,0.000,2
36,100.00,car_flow_E#10.4,280.991,14.901,0,,260.000,0.000,2
36,100.00,car_flow_E#10.3,362.519,0.000,0,,260.000,0.000,2
36,105.00,car_flow_E#10.7,58.916,13.795,0,,260.000,0.000,2
36,105.00,car_flow_E#10.6,158.576,14.737,0,,260.000,0.000,2
36,105.00,car_flow_E#10.5,290.648,14.494,0,,260.000,0.000,2
36,105.00,car_flow_E#10.4,354.026,14.656,0,,260.000,0.000,2
36,105.00,car_flow_E#10.9,0.068,15.135,1,,260.000,0.000,2
36,105.00,car_flow_E#10.8,30.374,14.416,1,,260.000,0.000,2
36,110.00,car_flow_E#10.10,35.175,13.527,0,,260.000,0.000,2
36,110.00,car_flow_E#10.7,127.373,13.766,0,,260.000,0.000,2
36,110.00,car_flow_E#10.6,231.737,14.710,0,,260.000,0.000,2
36,110.00,car_flow_E#10.5,346.407,5.834,0,,260.000,0.000,2
36,110.00,car_flow_E#10.4,363.520,0.000,0,,260.000,0.000,2
36,110.00,car_flow_E#10.11,0.366,14.103,1,,260.000,0.000,2
36,110.00,car_flow_E#10.9,75.321,14.996,1,,260.000,0.000,2
36,110.00,car_flow_E#10.8,101.942,14.342,1,,260.000,0.000,2
36,115.00,car_flow_E#10.12,18.425,12.376,0,,260.000,0.000,0
36,115.00,car_flow_E#10.10,102.460,13.452,0,,260.000,0.000,0
36,115.00,car_flow_E#10.7,195.922,13.809,0,,260.000,0.000,0
36,115.00,car_flow_E#10.6,304.871,14.517,0,,260.000,0.000,0
36,115.00,car_flow_E#10.11,70.311,14.136,1,,260.000,0.000,0
36,115.00,car_flow_E#10.9,149.481,14.159,1,,260.000,0.000,0
36,115.00,car_flow_E#10.8,173.289,14.295,1,,260.000,0.000,0
36,115.00,car_flow_E#10.5,363.410,0.000,1,,260.000,0.000,0
36,120.00,car_flow_E#10.13,50.081,12.176,0,,260.000,0.000,0
36,120.00,car_flow_E#10.12,79.681,12.159,0,,260.000,0.000,0
36,120.00,car_flow_E#10.10,163.665,9.220,0,,260.000,0.000,0
36,120.00,car_flow_E#10.7,264.358,13.695,0,,260.000,0.000,0
36,120.00,car_flow_E#10.6,359.525,4.526,0,,260.000,0.000,0
36,120.00,car_flow_E#10.11,139.756,12.859,1,,260.000,0.000,0
36,120.00,car_flow_E#10.9,183.443,3.556,1,,260.000,0.000,0
36,120.00,car_flow_E#10.8,215.137,8.831,1,,260.000,0.000,0
36,120.00,car_flow_E#10.5,363.410,0.000,1,,260.000,0.000,0
37,25.00,car_flow_E#10.0,0.181,11.569,0,,260.000,0.000,2
37,25.00,car_flow_E#10.1,13.361,15.177,1,,260.000,0.000,2
37,30.00,car_flow_E#10.0,57.730,11.643,0,,260.000,0.000,1
37,30.00,car_flow_E#10.2,41.045,14.502,1,,260.000,0.000,1
37,30.00,car_flow_E#10.1,89.453,15.160,1,,260.000,0.000,1
37,35.00,car_flow_E#10.0,115.225,11.395,0,,260.000,0.000,0
37,35.00,car_flow_E#10.4,1.354,13.451,1,,260.000,0.000,0
37,35.00,car_flow_E#10.2,112.968,14.288,1,,260.000,0.000,0
37,35.00,car_flow_E#10.1,165.678,15.061,1,,260.000,0.000,0
37,40.00,car_flow_E#10.3,55.329,11.219,0,,260.000,0.000,0
37,40.00,car_flow_E#10.0,170.693,10.021,0,,260.000,0.000,0
37,40.00,car_flow_E#10.4,67.773,13.266,1,,260.000,0.000,0
37,40.00,car_flow_E#10.2,180.197,12.199,1,,260.000,0.000,0
37,40.00,car_flow_E#10.1,211.018,8.911,1,,260.000,0.000,0
37,45.00,car_flow_E#10.3,110.631,10.930,0,,260.000,0.000,0
37,45.00,car_flow_E#10.0,226.046,9.130,0,,260.000,0.000,0
37,45.00,car_flow_E#10.4,134.247,13.279,1,,260.000,0.000,0
37,45.00,car_flow_E#10.2,211.447,6.706,1,,260.000,0.000,0
37,45.00,car_flow_E#10.1,252.255,3.727,1,,260.000,0.000,0
37,50.00,car_flow_E#10.5,24.046,14.061,0,257.459,260.000,2.541,0
37,50.00,car_flow_E#10.3,163.027,11.204,0,257.459,260.000,2.541,0
37,50.00,car_flow_E#10.0,249.744,1.079,0,257.459,260.000,2.541,0
37,50.00,car_flow_E#10.4,164.216,3.105,1,257.459,260.000,2.541,0
