model,seed,vehicle_id,vClass,depart_time,arrival_time,duration_s,waiting_time_s,time_loss_s,route_length_m
SUMO_Default,11,car_flow_WEST_E#6.0,car,0.00,25.20,25.20,0.00,5.17,214.25
SUMO_Default,11,car_flow_turn_E#13.0,car,2.40,30.00,27.60,0.00,4.88,214.25
SUMO_Default,11,car_flow_WEST_E#6.1,car,4.80,33.40,28.60,0.00,5.07,214.25
SUMO_Default,11,car_flow_turn_E#13.1,car,7.00,35.80,28.80,0.00,5.89,214.25
SUMO_Default,11,car_flow_WEST_E#6.2,car,12.40,39.20,26.80,0.00,5.05,214.25
SUMO_Default,11,car_flow_turn_E#13.2,car,19.40,46.00,26.60,0.00,4.75,214.25
SUMO_Default,11,car_flow_south_left.0,car,17.20,46.80,29.60,0.00,7.06,541.79
SUMO_Default,11,car_flow_south_left.1,car,19.40,49.00,29.60,0.00,7.17,541.79
SUMO_Default,11,car_flow_turn_E#13.3,car,22.40,49.40,27.00,0.00,5.18,214.25
SUMO_Default,11,car_flow_turn_E#13.4,car,24.60,53.00,28.40,0.00,5.05,214.25
SUMO_Default,11,car_flow_south_left.2,car,21.80,53.20,31.40,0.00,6.29,541.79
SUMO_Default,11,car_flow_WEST_E#6.3,truck,28.00,56.40,28.40,0.00,8.64,206.25
SUMO_Default,11,car_flow_E#10.0,car,1.60,57.00,55.40,0.00,5.84,888.90
SUMO_Default,11,car_flow_South_Right.0,car,7.80,60.40,52.60,0.00,9.45,700.86
SUMO_Default,11,car_flow_south_left.3,car,29.00,60.40,31.40,0.00,5.76,541.79
SUMO_Default,11,car_flow_turn_E#13.5,car,31.40,60.60,29.20,0.00,8.14,214.25
SUMO_Default,11,car_flow_south_left.4,car,32.00,62.00,30.00,0.00,8.54,541.79
SUMO_Default,11,car_flow_south_left.5,car,34.20,63.40,29.20,0.00,8.31,541.79
SUMO_Default,11,car_flow_turn_E#13.6,car,33.60,64.20,30.60,0.00,6.94,214.25
SUMO_Default,11,car_flow_South_Right.1,car,14.20,65.20,51.00,0.00,9.94,700.86
SUMO_Default,11,car_flow_turn_E#10.0,car,8.80,66.60,57.80,0.00,5.89,888.41
SUMO_Default,11,car_flow_WEST_E#6.4,car,37.80,66.60,28.80,0.00,6.02,214.25
SUMO_Default,11,car_flow_E#10.2,car,12.80,68.00,55.20,0.00,6.33,888.90
SUMO_Default,11,car_flow_south_left.6,car,38.80,68.80,30.00,0.00,9.68,541.79
SUMO_Default,11,car_flow_WEST_E#6.5,car,41.00,68.80,27.80,0.00,6.81,214.25
SUMO_Default,11,car_flow_turn_E#13.7,car,43.20,71.60,28.40,0.00,6.30,214.25
SUMO_Default,11,car_flow_turn_E#13.8,car,45.40,73.80,28.40,0.00,7.44,214.25
SUMO_Default,11,car_flow_turn_E#10.1,car,17.80,75.00,57.20,0.00,6.03,888.41
SUMO_Default,11,car_flow_south_left.7,car,43.20,75.40,32.20,0.00,5.97,541.79
SUMO_Default,11,car_flow_South_Right.2,car,21.60,76.20,54.60,0.00,10.28,700.86
SUMO_Default,11,car_flow_south_left.8,car,45.40,76.60,31.20,0.00,9.58,541.79
SUMO_Default,11,car_flow_E#10.1,car,8.40,77.00,68.60,0.00,5.02,888.90
SUMO_Default,11,car_flow_E#10.3,car,15.00,77.40,62.40,0.00,5.14,888.90
SUMO_Default,11,car_flow_South_Right.3,car,26.00,78.40,52.40,0.00,12.37,700.86
SUMO_Default,11,car_flow_E#10.4,car,24.00,79.20,55.20,0.00,6.23,888.90
SUMO_Default,11,car_flow_WEST_E#6.6,car,55.00,82.80,27.80,0.00,4.27,214.25
SUMO_Default,11,car_flow_turn_E#13.9,car,57.80,85.00,27.20,0.00,6.04,214.25
SUMO_Default,11,car_flow_turn_E#10.2,car,28.20,87.00,58.80,0.00,5.97,888.41
SUMO_Default,11,car_flow_turn_E#10.3,car,35.20,88.40,53.20,0.00,8.98,888.41
SUMO_Default,11,car_flow_turn_E#13.10,car,61.80,88.60,26.80,0.00,5.09,214.25
SUMO_Default,11,car_flow_E#10.5,car,26.20,89.80,63.60,0.00,5.11,888.90
SUMO_Default,11,car_flow_south_left.9,truck,53.20,90.00,36.80,0.00,12.63,533.79
SUMO_Default,11,car_flow_south_left.10,car,58.40,91.40,33.00,0.00,9.21,541.79
SUMO_Default,11,car_flow_E#10.7,car,41.00,92.60,51.60,0.00,6.74,888.90
SUMO_Default,11,car_flow_turn_E#13.11,car,65.80,94.40,28.60,0.00,4.26,214.25
SUMO_Default,11,car_flow_turn_E#10.4,car,41.40,97.40,56.00,0.00,6.10,888.41
SUMO_Default,11,car_flow_WEST_E#6.7,car,72.40,98.20,25.80,0.00,5.04,214.25
SUMO_Default,11,car_flow_turn_E#10.5,car,48.20,99.20,51.00,0.00,6.91,888.41
SUMO_Default,11,car_flow_south_left.11,car,68.80,99.80,31.00,0.00,6.06,541.79
SUMO_Default,22,car_flow_WEST_E#6.0,car,0.40,26.80,26.40,0.00,4.50,214.25
SUMO_Default,22,car_flow_turn_E#13.0,truck,4.00,32.60,28.60,0.00,7.51,206.25
SUMO_Default,22,car_flow_WEST_E#6.1,truck,8.80,37.40,28.60,0.00,8.50,206.25
SUMO_Default,22,car_flow_south_left.0,truck,4.20,39.60,35.40,0.00,14.34,533.79
SUMO_Default,22,car_flow_WEST_E#6.2,car,12.00,41.20,29.20,0.00,8.50,214.25
SUMO_Default,22,car_flow_WEST_E#6.3,car,18.40,45.00,26.60,0.00,5.17,214.25
SUMO_Default,22,car_flow_WEST_E#6.4,car,20.60,47.20,26.60,0.00,6.78,214.25
SUMO_Default,22,car_flow_turn_E#13.1,car,23.00,50.40,27.40,0.00,6.28,214.25
SUMO_Default,22,car_flow_WEST_E#6.5,car,25.40,53.20,27.80,0.00,6.00,214.25
SUMO_Default,22,car_flow_South_Right.0,car,0.20,53.40,53.20,0.00,9.42,700.86
SUMO_Default,22,car_flow_south_left.1,car,25.60,55.00,29.40,0.00,9.45,541.79
SUMO_Default,22,car_flow_turn_E#13.2,car,30.40,55.80,25.40,0.00,5.85,214.25
SUMO_Default,22,car_flow_south_left.2,car,27.80,58.20,30.40,0.00,6.75,541.79
SUMO_Default,22,car_flow_WEST_E#6.6,car,32.60,59.80,27.20,0.00,5.40,214.25
SUMO_Default,22,car_flow_turn_E#10.0,car,6.00,61.60,55.60,0.00,6.21,888.41
SUMO_Default,22,car_flow_WEST_E#6.7,car,35.20,62.60,27.40,0.00,5.96,214.25
SUMO_Default,22,car_flow_turn_E#10.1,car,11.60,65.80,54.20,0.00,5.91,888.41
SUMO_Default,22,car_flow_E#10.0,car,16.20,68.40,52.20,0.00,6.61,888.90
SUMO_Default,22,car_flow_turn_E#10.2,car,13.80,73.60,59.80,0.00,5.84,888.41
SUMO_Default,22,car_flow_turn_E#10.4,car,20.60,74.40,53.80,0.00,6.29,888.41
SUMO_Default,22,car_flow_turn_E#10.3,truck,17.40,77.80,60.40,0.00,10.84,880.41
SUMO_Default,22,car_flow_turn_E#13.3,car,54.20,80.20,26.00,0.00,4.78,214.25
SUMO_Default,22,car_flow_E#10.1,truck,20.80,81.20,60.40,0.00,11.51,880.90
SUMO_Default,22,car_flow_E#10.2,car,30.00,81.60,51.60,0.00,6.95,888.90
SUMO_Default,22,car_flow_turn_E#13.4,car,56.40,82.20,25.80,0.00,7.14,214.25
SUMO_Default,22,car_flow_turn_E#13.5,car,61.40,85.20,23.80,0.00,6.14,214.25
SUMO_Default,22,car_flow_E#10.3,car,32.60,88.00,55.40,0.00,5.95,888.90
SUMO_Default,22,car_flow_turn_E#10.6,car,42.60,92.20,49.60,0.00,6.91,888.41
SUMO_Default,22,car_flow_south_left.3,car,63.40,92.40,29.00,0.00,7.31,541.79
SUMO_Default,22,car_flow_South_Right.1,car,38.80,93.40,54.60,0.00,10.00,700.86
SUMO_Default,22,car_flow_turn_E#13.6,car,65.20,93.80,28.60,0.00,4.28,214.25
SUMO_Default,22,car_flow_south_left.4,car,66.00,95.20,29.20,0.00,7.12,541.79
SUMO_Default,22,car_flow_turn_E#10.5,car,36.60,97.40,60.80,0.00,5.42,888.41
SUMO_Default,33,car_flow_WEST_E#6.0,truck,1.80,31.00,29.20,0.00,7.74,206.25
SUMO_Default,33,car_flow_WEST_E#6.1,car,7.40,34.40,27.00,0.00,7.92,214.25
SUMO_Default,33,car_flow_WEST_E#6.2,car,12.40,37.00,24.60,0.00,6.26,214.25
SUMO_Default,33,car_flow_south_left.0,car,11.60,41.40,29.80,0.00,6.16,541.79
SUMO_Default,33,car_flow_turn_E#13.0,truck,16.00,44.60,28.60,0.00,7.67,206.25
SUMO_Default,33,car_flow_turn_E#13.1,car,19.20,48.00,28.80,0.00,9.59,214.25
SUMO_Default,33,car_flow_south_left.1,car,19.80,48.60,28.80,0.00,7.10,541.79
SUMO_Default,33,car_flow_turn_E#13.2,car,25.60,54.60,29.00,0.00,4.14,214.25
SUMO_Default,33,car_flow_WEST_E#6.3,car,27.80,56.60,28.80,0.00,8.64,214.25
SUMO_Default,33,car_flow_South_Right.0,car,4.80,60.40,55.60,0.00,9.44,700.86
SUMO_Default,33,car_flow_turn_E#13.3,car,30.00,60.80,30.80,0.00,4.71,214.25
SUMO_Default,33,car_flow_WEST_E#6.4,car,32.20,62.80,30.60,0.00,10.80,214.25
SUMO_Default,33,car_flow_E#10.0,car,8.80,63.60,54.80,0.00,6.24,888.90
SUMO_Default,33,car_flow_E#10.1,car,15.60,68.40,52.80,0.00,6.34,888.90
SUMO_Default,33,car_flow_turn_E#10.1,car,9.40,69.80,60.40,0.00,5.76,888.41
SUMO_Default,33,car_flow_WEST_E#6.5,car,44.40,69.80,25.40,0.00,5.44,214.25
SUMO_Default,33,car_flow_turn_E#10.0,car,7.00,70.60,63.60,0.00,5.55,888.41
SUMO_Default,33,car_flow_turn_E#10.3,car,17.80,71.80,54.00,0.00,6.28,888.41
SUMO_Default,33,car_flow_turn_E#10.2,car,11.80,72.00,60.20,0.00,6.37,888.41
SUMO_Default,33,car_flow_turn_E#13.4,car,48.40,74.60,26.20,0.00,4.78,214.25
SUMO_Default,33,car_flow_turn_E#10.4,car,20.00,74.80,54.80,0.00,6.35,888.41
SUMO_Default,33,car_flow_South_Right.1,car,18.00,76.80,58.80,0.00,9.14,700.86
SUMO_Default,33,car_flow_south_left.2,car,49.00,77.60,28.60,0.00,6.80,541.79
SUMO_Default,33,car_flow_WEST_E#6.6,car,50.60,78.40,27.80,0.00,4.92,214.25
SUMO_Default,33,car_flow_South_Right.2,car,23.20,81.60,58.40,0.00,9.13,700.86
SUMO_Default,33,car_flow_south_left.3,car,54.00,82.60,28.60,0.00,7.13,541.79
SUMO_Default,33,car_flow_WEST_E#6.7,car,54.60,82.60,28.00,0.00,4.35,214.25
SUMO_Default,33,car_flow_South_Right.3,car,33.80,87.40,53.60,0.00,10.63,700.86
SUMO_Default,33,car_flow_south_left.4,car,57.20,87.60,30.40,0.00,6.23,541.79
SUMO_Default,33,car_flow_WEST_E#6.8,truck,60.00,87.80,27.80,0.00,7.94,206.25
SUMO_Default,33,car_flow_south_left.5,car,59.40,89.00,29.60,0.00,7.92,541.79
SUMO_Default,33,car_flow_turn_E#13.5,car,63.20,92.40,29.20,0.00,7.34,214.25
SUMO_Default,33,car_flow_turn_E#10.5,car,30.60,93.40,62.80,0.00,5.64,888.41
SUMO_Default,33,car_flow_south_left.6,car,63.80,94.60,30.80,0.00,5.70,541.79
SUMO_Default,33,car_flow_WEST_E#6.9,car,65.60,94.60,29.00,0.00,7.59,214.25
SUMO_Default,33,car_flow_south_left.7,car,66.20,95.80,29.60,0.00,11.22,541.79
SUMO_Default,33,car_flow_turn_E#13.6,car,67.80,96.80,29.00,0.00,9.19,214.25
SUMO_Default,33,car_flow_turn_E#10.6,car,41.40,97.40,56.00,0.00,6.24,888.41
DQN_w01,11,car_flow_north_E#18.0,truck,0.40,25.40,25.00,0.00,8.41,214.96
DQN_w01,11,car_flow_turn.0,car,2.40,26.80,24.40,0.00,5.41,291.86
DQN_w01,11,car_flow_turn_E#15.0,car,0.00,30.20,30.20,0.00,3.56,223.71
DQN_w01,11,car_flow_north_E#18.1,car,8.60,33.00,24.40,0.00,4.15,222.96
DQN_w01,11,car_flow_north_E#18.2,car,10.80,34.80,24.00,0.00,5.77,222.96
DQN_w01,11,car_flow_turn_E#15.1,car,9.00,38.00,29.00,0.00,3.55,223.71
DQN_w01,11,car_flow_north_E#18.3,truck,14.20,39.40,25.20,0.00,8.50,214.96
DQN_w01,11,car_flow_turn_E#15.2,car,12.60,41.20,28.60,0.00,3.98,223.71
DQN_w01,11,car_flow_turn_E#15.3,car,17.00,46.60,29.60,0.00,3.73,223.71
DQN_w01,11,car_flow_south_left.0,car,17.20,46.80,29.60,0.00,7.06,541.79
DQN_w01,11,car_flow_north_E#18.4,car,22.60,46.80,24.20,0.00,6.64,222.96
DQN_w01,11,car_flow_south_left.1,car,19.40,49.00,29.60,0.00,7.17,541.79
DQN_w01,11,car_flow_turn_E#15.4,car,22.80,51.60,28.80,0.00,3.52,223.71
DQN_w01,11,car_flow_turn.1,car,28.80,52.40,23.60,0.00,5.23,291.86
DQN_w01,11,car_flow_south_E#18.0,car,31.60,52.60,21.00,0.00,9.19,232.83
DQN_w01,11,car_flow_south_left.2,car,21.80,53.20,31.40,0.00,6.29,541.79
DQN_w01,11,car_flow_north_E#18.5,car,29.40,53.80,24.40,0.00,5.90,222.96
DQN_w01,11,car_flow_south_E#15.1,car,6.20,54.60,48.40,0.00,6.25,795.72
DQN_w01,11,car_flow_turn_E#15.5,car,25.00,55.20,30.20,0.00,3.87,223.71
DQN_w01,11,car_flow_south_E#15.0,car,3.80,56.00,52.20,0.00,5.77,795.72
DQN_w01,11,car_flow_south_left.3,car,29.00,60.40,31.40,0.00,5.76,541.79
DQN_w01,11,car_flow_turn_E#15.6,truck,32.40,61.80,29.40,0.00,6.61,215.71
DQN_w01,11,car_flow_south_left.4,car,32.00,62.00,30.00,0.00,8.54,541.79
DQN_w01,11,car_flow_south_left.5,car,34.20,63.40,29.20,0.00,8.31,541.79
DQN_w01,11,car_flow_north_E#18.6,car,41.40,65.20,23.80,0.00,4.82,222.96
DQN_w01,11,car_flow_through.0,car,35.60,66.60,31.00,0.00,6.00,223.71
DQN_w01,11,car_flow_South_Right.0,car,7.80,67.40,59.60,4.00,16.52,700.86
DQN_w01,11,car_flow_E#10.0,car,1.60,67.80,66.20,4.40,16.47,888.90
DQN_w01,11,car_flow_E#10.2,car,12.80,68.00,55.20,0.00,6.45,888.90
DQN_w01,11,car_flow_South_Right.1,car,14.20,68.80,54.60,0.00,13.55,700.86
DQN_w01,11,car_flow_south_left.6,car,38.80,68.80,30.00,0.00,9.68,541.79
DQN_w01,11,car_flow_through.1,car,37.80,69.20,31.40,0.00,6.30,223.71
DQN_w01,11,car_flow_turn_E#15.7,car,40.00,71.20,31.20,0.00,7.82,223.71
DQN_w01,11,car_flow_turn.2,car,44.60,73.60,29.00,0.00,12.42,291.86
DQN_w01,11,car_flow_WEST_E#6.0,car,0.00,74.40,74.40,46.80,54.36,214.25
DQN_w01,11,car_flow_turn_E#6.0,car,4.80,75.00,70.20,16.60,27.08,873.09
DQN_w01,11,car_flow_south_left.7,car,43.20,75.40,32.20,0.00,5.97,541.79
DQN_w01,11,car_flow_turn_E#15.8,car,42.40,76.40,34.00,2.60,13.88,223.71
DQN_w01,11,car_flow_south_E#15.2,bus,19.20,76.60,57.40,0.00,9.38,787.72
DQN_w01,11,car_flow_south_left.8,car,45.40,76.60,31.20,0.00,9.58,541.79
DQN_w01,11,car_flow_turn.3,car,51.20,79.40,28.20,0.00,8.33,291.86
DQN_w01,11,car_flow_north_E#18.7,truck,49.60,79.60,30.00,0.00,13.29,214.96
DQN_w01,11,car_flow_through.2,truck,48.00,80.40,32.40,0.00,9.61,215.71
DQN_w01,11,car_flow_turn.4,car,53.40,80.80,27.40,0.00,9.53,291.86
DQN_w01,11,car_flow_South_Right.2,car,21.60,82.40,60.80,3.20,16.53,700.86
DQN_w01,11,car_flow_south_E#15.3,car,25.00,82.80,57.80,0.00,5.72,795.72
DQN_w01,11,car_flow_south_E#18.1,truck,59.40,83.40,24.00,0.00,11.02,224.83
DQN_w01,11,car_flow_E#10.1,car,8.40,83.80,75.40,2.00,11.81,888.90
DQN_w01,11,car_flow_South_Right.3,car,26.00,83.80,57.80,0.00,17.75,700.86
DQN_w01,11,car_flow_south_E#15.5,car,32.60,84.40,51.80,0.00,5.96,795.72
DQN_w01,11,car_flow_turn_E#13.0,car,2.40,85.00,82.60,46.60,59.86,214.25
DQN_w01,11,car_flow_south_E#15.4,car,27.20,85.00,57.80,0.00,5.56,795.72
DQN_w01,11,car_flow_E#10.3,car,15.00,85.40,70.40,1.00,13.05,888.90
DQN_w01,11,car_flow_E#10.4,car,24.00,85.80,61.80,0.00,12.72,888.90
DQN_w01,11,car_flow_south_E#15.7,car,37.00,85.80,48.80,0.00,6.85,795.72
DQN_w01,11,car_flow_WEST_E#6.1,car,4.80,87.60,82.80,41.80,59.28,214.25
DQN_w01,11,car_flow_turn_E#13.1,car,7.00,90.00,83.00,38.60,60.05,214.25
DQN_w01,11,car_flow_south_E#15.6,car,34.80,90.00,55.20,0.00,5.10,795.72
DQN_w01,11,car_flow_south_left.9,truck,53.20,90.00,36.80,0.00,12.63,533.79
DQN_w01,11,car_flow_south_E#18.2,truck,68.40,90.00,21.60,0.00,8.09,224.83
DQN_w01,11,car_flow_south_left.10,car,58.40,91.40,33.00,0.00,9.21,541.79
DQN_w01,11,car_flow_WEST_E#6.2,car,12.40,92.20,79.80,34.20,58.11,214.25
DQN_w01,11,car_flow_south_E#15.10,car,46.00,92.20,46.20,0.00,6.54,795.72
DQN_w01,11,car_flow_turn_E#13.2,car,19.40,94.60,75.20,28.00,53.15,214.25
DQN_w01,11,car_flow_south_E#15.8,car,39.20,96.40,57.20,0.00,5.06,795.72
DQN_w01,11,car_flow_turn.5,car,69.20,99.20,30.00,0.00,9.12,291.86
DQN_w01,11,car_flow_north_E#18.8,car,68.80,99.40,30.60,0.40,13.88,222.96
DQN_w01,11,car_flow_south_left.11,car,68.80,99.80,31.00,0.00,6.06,541.79
DQN_w01,22,car_flow_south_E#18.0,car,0.20,18.00,17.80,0.00,4.59,232.83
DQN_w01,22,car_flow_north_E#18.0,car,3.80,26.20,22.40,0.00,4.71,222.96
DQN_w01,22,car_flow_WEST_E#6.0,car,0.40,26.80,26.40,0.00,4.50,214.25
DQN_w01,22,car_flow_turn.0,truck,0.40,28.60,28.20,0.00,9.92,283.86
DQN_w01,22,car_flow_turn.1,car,6.00,31.00,25.00,0.00,8.07,291.86
DQN_w01,22,car_flow_north_E#18.1,car,11.60,32.00,20.40,0.00,4.84,222.96
DQN_w01,22,car_flow_north_E#18.2,car,13.80,34.80,21.00,0.00,5.26,222.96
DQN_w01,22,car_flow_through.0,car,3.80,35.00,31.20,0.00,6.00,223.71
DQN_w01,22,car_flow_turn.2,car,10.40,35.40,25.00,0.00,6.20,291.86
DQN_w01,22,car_flow_turn_E#15.0,car,8.20,37.60,29.40,0.00,6.34,223.71
DQN_w01,22,car_flow_turn.3,car,14.80,39.20,24.40,0.00,6.98,291.86
DQN_w01,22,car_flow_south_left.0,truck,4.20,39.60,35.40,0.00,14.34,533.79
DQN_w01,22,car_flow_turn.4,car,17.00,41.40,24.40,0.00,6.87,291.86
DQN_w01,22,car_flow_turn_E#15.1,car,12.60,43.40,30.80,0.00,4.67,223.71
DQN_w01,22,car_flow_turn.5,car,21.40,45.40,24.00,0.00,6.25,291.86
DQN_w01,22,car_flow_north_E#18.3,truck,19.40,45.40,26.00,0.00,8.45,214.96
DQN_w01,22,car_flow_turn_E#15.2,car,19.20,46.20,27.00,0.00,6.48,223.71
DQN_w01,22,car_flow_north_E#18.4,car,22.80,47.40,24.60,0.00,7.20,222.96
DQN_w01,22,car_flow_turn_E#13.0,truck,4.00,51.40,47.40,15.20,26.26,206.25
DQN_w01,22,car_flow_south_E#18.1,truck,2.00,52.60,50.60,20.80,37.87,224.83
DQN_w01,22,car_flow_north_E#18.5,car,25.20,53.00,27.80,0.00,4.45,222.96
DQN_w01,22,car_flow_South_Right.0,car,0.20,54.60,54.40,0.00,10.49,700.86
DQN_w01,22,car_flow_WEST_E#6.1,truck,8.80,55.00,46.20,8.60,26.10,206.25
DQN_w01,22,car_flow_south_left.1,car,25.60,55.00,29.40,0.00,9.45,541.79
DQN_w01,22,car_flow_south_left.2,car,27.80,58.20,30.40,0.00,6.75,541.79
DQN_w01,22,car_flow_turn_E#15.3,car,26.00,58.80,32.80,0.20,10.74,223.71
DQN_w01,22,car_flow_north_E#18.6,car,27.40,60.20,32.80,3.00,15.07,222.96
DQN_w01,22,car_flow_turn.6,car,35.20,61.00,25.80,0.00,5.71,291.86
DQN_w01,22,car_flow_north_E#18.7,car,29.60,62.20,32.60,0.00,15.73,222.96
DQN_w01,22,car_flow_through.1,truck,29.40,62.80,33.40,0.00,8.19,215.71
DQN_w01,22,car_flow_north_E#18.8,car,32.00,65.60,33.60,0.00,14.25,222.96
DQN_w01,22,car_flow_north_E#18.9,car,34.20,67.00,32.80,0.00,15.97,222.96
DQN_w01,22,car_flow_turn_E#15.4,car,37.40,67.20,29.80,0.00,5.90,223.71
DQN_w01,22,car_flow_south_E#18.2,car,18.40,67.80,49.40,17.80,36.39,232.83
DQN_w01,22,car_flow_turn.7,truck,41.00,68.00,27.00,0.00,10.92,283.86
DQN_w01,22,car_flow_north_E#18.10,car,45.20,69.60,24.40,0.00,8.74,222.96
DQN_w01,22,car_flow_north_E#18.11,car,47.40,72.00,24.60,0.00,8.89,222.96
DQN_w01,22,car_flow_turn_E#15.5,car,44.40,73.60,29.20,0.00,6.26,223.71
DQN_w01,22,car_flow_south_E#15.0,car,16.00,74.40,58.40,0.00,4.50,795.72
DQN_w01,22,car_flow_north_E#18.12,car,52.00,75.20,23.20,0.00,6.96,222.96
DQN_w01,22,car_flow_through.2,car,46.60,75.80,29.20,0.00,7.06,223.71
DQN_w01,22,car_flow_north_E#18.13,car,54.80,77.40,22.60,0.00,6.84,222.96
DQN_w01,22,car_flow_through.3,car,48.80,78.00,29.20,0.00,7.21,223.71
DQN_w01,22,car_flow_south_E#18.3,car,41.20,78.40,37.20,8.80,23.20,232.83
DQN_w01,22,car_flow_south_E#18.4,car,41.80,80.40,38.60,4.40,24.64,232.83
DQN_w01,22,car_flow_WEST_E#6.2,car,12.00,80.80,68.80,27.60,48.21,214.25
DQN_w01,22,car_flow_E#10.0,car,16.20,81.80,65.60,5.40,19.99,888.90
DQN_w01,22,car_flow_WEST_E#6.3,car,18.40,83.40,65.00,21.00,43.43,214.25
DQN_w01,22,car_flow_WEST_E#6.4,car,20.60,85.40,64.80,17.40,45.01,214.25
DQN_w01,22,car_flow_turn_E#10.0,car,6.00,86.80,80.80,14.40,31.43,888.41
DQN_w01,22,car_flow_turn_E#13.1,car,23.00,87.80,64.80,14.60,43.75,214.25
DQN_w01,22,car_flow_turn_E#10.1,car,11.60,88.00,76.40,12.80,27.95,888.41
DQN_w01,22,car_flow_turn.8,car,55.80,88.80,33.00,0.00,11.71,291.86
DQN_w01,22,car_flow_turn_E#15.6,truck,52.40,90.60,38.20,0.80,14.18,215.71
DQN_w01,22,car_flow_north_E#18.14,car,59.60,91.80,32.20,3.40,14.40,222.96
DQN_w01,22,car_flow_south_left.3,car,63.40,92.40,29.00,0.00,7.31,541.79
DQN_w01,22,car_flow_south_E#15.2,car,38.80,93.60,54.80,0.00,13.85,795.72
DQN_w01,22,car_flow_through.4,car,58.00,94.00,36.00,0.00,14.03,223.71
DQN_w01,22,car_flow_north_E#18.15,car,64.20,94.60,30.40,0.00,13.14,222.96
DQN_w01,22,car_flow_turn.9,truck,63.60,95.00,31.40,0.00,14.00,283.86
DQN_w01,22,car_flow_south_left.4,car,66.00,95.20,29.20,0.00,7.12,541.79
DQN_w01,22,car_flow_north_E#18.16,car,66.40,96.60,30.20,0.00,13.43,222.96
DQN_w01,22,car_flow_south_E#18.5,car,43.80,97.60,53.80,15.40,41.72,232.83
DQN_w01,22,car_flow_through.5,car,60.20,98.00,37.80,0.00,12.00,223.71
DQN_w01,22,car_flow_north_E#18.17,car,68.60,99.40,30.80,0.00,13.07,222.96
DQN_w01,22,car_flow_south_E#15.1,car,36.40,99.60,63.20,0.00,13.16,795.72
DQN_w01,33,car_flow_north_E#18.0,car,4.20,26.40,22.20,0.00,5.88,222.96
DQN_w01,33,car_flow_north_E#18.1,car,7.20,28.80,21.60,0.00,5.41,222.96
DQN_w01,33,car_flow_turn_E#15.0,truck,0.00,29.60,29.60,0.00,6.93,215.71
DQN_w01,33,car_flow_turn.0,truck,5.00,33.20,28.20,0.00,9.66,283.86
DQN_w01,33,car_flow_north_E#18.2,car,14.80,37.20,22.40,0.00,6.97,222.96
DQN_w01,33,car_flow_through.0,car,8.20,39.40,31.20,0.00,6.05,223.71
DQN_w01,33,car_flow_turn_E#15.1,car,10.60,41.40,30.80,0.00,8.91,223.71
DQN_w01,33,car_flow_south_left.0,car,11.60,41.40,29.80,0.00,6.16,541.79
DQN_w01,33,car_flow_through.1,car,13.00,44.60,31.60,0.00,6.02,223.71
DQN_w01,33,car_flow_turn_E#15.2,car,15.20,46.80,31.60,0.00,8.45,223.71
DQN_w01,33,car_flow_north_E#18.3,car,23.60,47.20,23.60,0.00,5.00,222.96
DQN_w01,33,car_flow_turn.1,car,21.80,47.40,25.60,0.00,7.27,291.86
DQN_w01,33,car_flow_south_left.1,car,19.80,48.60,28.80,0.00,7.10,541.79
DQN_w01,33,car_flow_turn_E#15.3,car,17.40,48.80,31.40,0.00,8.75,223.71
DQN_w01,33,car_flow_through.2,car,19.60,52.40,32.80,0.00,6.30,223.71
DQN_w01,33,car_flow_turn.2,car,28.40,52.60,24.20,0.00,8.60,291.86
DQN_w01,33,car_flow_north_E#18.4,car,30.80,53.40,22.60,0.00,6.88,222.96
DQN_w01,33,car_flow_turn.3,car,30.80,54.80,24.00,0.00,7.77,291.86
DQN_w01,33,car_flow_through.3,truck,25.20,55.80,30.60,0.00,6.52,215.71
DQN_w01,33,car_flow_north_E#18.5,car,33.00,57.40,24.40,0.00,5.86,222.96
DQN_w01,33,car_flow_South_Right.0,car,4.80,60.40,55.60,0.00,9.42,700.86
DQN_w01,33,car_flow_WEST_E#6.0,truck,1.80,60.60,58.80,26.60,37.43,206.25
DQN_w01,33,car_flow_south_E#15.0,car,2.00,61.60,59.60,0.00,4.42,795.72
DQN_w01,33,car_flow_south_E#18.0,bus,10.60,62.40,51.80,21.00,39.08,224.83
DQN_w01,33,car_flow_turn.4,car,33.00,63.40,30.40,2.00,12.51,291.86
DQN_w01,33,car_flow_WEST_E#6.1,car,7.40,64.00,56.60,21.80,37.61,214.25
DQN_w01,33,car_flow_WEST_E#6.2,car,12.40,66.00,53.60,17.80,35.29,214.25
DQN_w01,33,car_flow_turn.5,truck,36.40,66.20,29.80,0.00,12.83,283.86
DQN_w01,33,car_flow_south_E#18.1,car,30.60,67.20,36.60,4.00,21.44,232.83
DQN_w01,33,car_flow_south_E#15.4,car,21.40,68.00,46.60,0.00,6.75,795.72
DQN_w01,33,car_flow_south_E#18.2,car,35.20,68.20,33.00,0.00,19.24,232.83
DQN_w01,33,car_flow_north_E#18.6,car,40.00,68.60,28.60,1.00,12.36,222.96
DQN_w01,33,car_flow_south_E#15.1,truck,11.60,68.80,57.20,0.00,8.22,787.72
DQN_w01,33,car_flow_turn_E#13.0,truck,16.00,68.80,52.80,12.80,31.95,206.25
DQN_w01,33,car_flow_turn.6,truck,41.40,69.40,28.00,0.00,11.85,283.86
DQN_w01,33,car_flow_north_E#18.7,car,44.20,70.60,26.40,0.00,10.47,222.96
DQN_w01,33,car_flow_turn_E#13.1,car,19.20,72.20,53.00,10.80,33.91,214.25
DQN_w01,33,car_flow_south_E#15.2,car,17.00,72.60,55.60,0.00,5.81,795.72
DQN_w01,33,car_flow_south_E#15.3,car,19.20,75.60,56.40,0.00,5.65,795.72
DQN_w01,33,car_flow_through.4,truck,46.40,76.00,29.60,0.00,7.19,215.71
DQN_w01,33,car_flow_South_Right.1,car,18.00,76.80,58.80,0.00,9.14,700.86
DQN_w01,33,car_flow_E#10.0,car,8.80,77.60,68.80,7.40,20.13,888.90
DQN_w01,33,car_flow_south_left.2,car,49.00,77.60,28.60,0.00,6.80,541.79
DQN_w01,33,car_flow_through.5,car,49.60,80.00,30.40,0.00,7.04,223.71
DQN_w01,33,car_flow_South_Right.2,car,23.20,81.60,58.40,0.00,9.13,700.86
DQN_w01,33,car_flow_south_left.3,car,54.00,82.60,28.60,0.00,7.13,541.79
DQN_w01,33,car_flow_south_E#15.5,bus,27.00,84.40,57.40,0.00,9.45,787.72
DQN_w01,33,car_flow_south_E#15.6,car,37.80,86.00,48.20,0.00,7.34,795.72
DQN_w01,33,car_flow_turn.7,bus,56.40,86.80,30.40,0.00,13.15,283.86
DQN_w01,33,car_flow_south_E#18.3,car,36.00,87.00,51.00,14.80,37.85,232.83
DQN_w01,33,car_flow_through.6,car,52.00,87.20,35.20,3.00,11.66,223.71
DQN_w01,33,car_flow_north_E#18.8,car,58.00,87.60,29.60,4.60,10.74,222.96
DQN_w01,33,car_flow_south_left.4,car,57.20,87.60,30.40,0.00,6.23,541.79
DQN_w01,33,car_flow_south_E#18.4,car,51.00,88.20,37.20,10.60,25.15,232.83
DQN_w01,33,car_flow_south_left.5,car,59.40,89.00,29.60,0.00,7.92,541.79
DQN_w01,33,car_flow_south_E#18.5,car,64.80,89.20,24.40,0.00,12.74,232.83
DQN_w01,33,car_flow_north_E#18.9,car,62.60,89.40,26.80,0.00,11.73,222.96
DQN_w01,33,car_flow_turn_E#13.2,car,25.60,91.20,65.60,20.60,40.78,214.25
DQN_w01,33,car_flow_WEST_E#6.3,car,27.80,93.20,65.40,15.40,45.28,214.25
DQN_w01,33,car_flow_South_Right.3,car,33.80,93.60,59.80,3.20,16.88,700.86
DQN_w01,33,car_flow_south_left.6,car,63.80,94.60,30.80,0.00,5.70,541.79
DQN_w01,33,car_flow_south_left.7,car,66.20,95.80,29.60,0.00,11.22,541.79
DQN_w01,33,car_flow_turn_E#13.3,car,30.00,96.60,66.60,12.40,40.51,214.25
DQN_w01,33,car_flow_E#10.1,car,15.60,98.60,83.00,21.40,36.52,888.90
DQN_w02,11,car_flow_north_E#18.0,truck,0.40,25.40,25.00,0.00,8.41,214.96
DQN_w02,11,car_flow_turn.0,car,2.40,26.80,24.40,0.00,5.41,291.86
DQN_w02,11,car_flow_turn_E#15.0,car,0.00,30.20,30.20,0.00,3.56,223.71
DQN_w02,11,car_flow_north_E#18.1,car,8.60,33.00,24.40,0.00,4.15,222.96
DQN_w02,11,car_flow_north_E#18.2,car,10.80,34.80,24.00,0.00,5.77,222.96
DQN_w02,11,car_flow_turn_E#15.1,car,9.00,38.00,29.00,0.00,3.55,223.71
DQN_w02,11,car_flow_north_E#18.3,truck,14.20,39.40,25.20,0.00,8.50,214.96
DQN_w02,11,car_flow_turn_E#15.2,car,12.60,41.20,28.60,0.00,3.98,223.71
DQN_w02,11,car_flow_turn_E#15.3,car,17.00,46.60,29.60,0.00,3.73,223.71
DQN_w02,11,car_flow_south_left.0,car,17.20,46.80,29.60,0.00,7.06,541.79
DQN_w02,11,car_flow_north_E#18.4,car,22.60,46.80,24.20,0.00,6.64,222.96
DQN_w02,11,car_flow_south_left.1,car,19.40,49.00,29.60,0.00,7.17,541.79
DQN_w02,11,car_flow_turn_E#15.4,car,22.80,51.60,28.80,0.00,3.52,223.71
DQN_w02,11,car_flow_turn.1,car,28.80,52.40,23.60,0.00,5.23,291.86
DQN_w02,11,car_flow_south_E#18.0,car,31.60,52.60,21.00,0.00,9.19,232.83
DQN_w02,11,car_flow_south_left.2,car,21.80,53.20,31.40,0.00,6.29,541.79
DQN_w02,11,car_flow_north_E#18.5,car,29.40,53.80,24.40,0.00,5.90,222.96
DQN_w02,11,car_flow_south_E#15.1,car,6.20,54.60,48.40,0.00,6.25,795.72
DQN_w02,11,car_flow_turn_E#15.5,car,25.00,55.20,30.20,0.00,3.87,223.71
DQN_w02,11,car_flow_south_E#15.0,car,3.80,56.00,52.20,0.00,5.77,795.72
DQN_w02,11,car_flow_south_left.3,car,29.00,60.40,31.40,0.00,5.76,541.79
DQN_w02,11,car_flow_turn_E#15.6,truck,32.40,61.80,29.40,0.00,6.61,215.71
DQN_w02,11,car_flow_south_left.4,car,32.00,62.00,30.00,0.00,8.54,541.79
DQN_w02,11,car_flow_south_left.5,car,34.20,63.40,29.20,0.00,8.31,541.79
DQN_w02,11,car_flow_E#10.0,car,1.60,64.80,63.20,0.00,13.55,888.90
DQN_w02,11,car_flow_north_E#18.6,car,41.40,65.20,23.80,0.00,4.82,222.96
DQN_w02,11,car_flow_through.0,car,35.60,66.60,31.00,0.00,6.00,223.71
DQN_w02,11,car_flow_South_Right.0,car,7.80,68.60,60.80,5.20,17.74,700.86
DQN_w02,11,car_flow_south_left.6,car,38.80,68.80,30.00,0.00,9.68,541.79
DQN_w02,11,car_flow_South_Right.1,car,14.20,70.00,55.80,0.00,14.75,700.86
DQN_w02,11,car_flow_through.1,car,37.80,73.20,35.40,2.20,10.30,223.71
DQN_w02,11,car_flow_turn_E#6.0,car,4.80,75.00,70.20,16.60,27.11,873.09
DQN_w02,11,car_flow_turn_E#15.7,car,40.00,75.20,35.20,0.00,11.87,223.71
DQN_w02,11,car_flow_south_left.7,car,43.20,75.40,32.20,0.00,5.97,541.79
DQN_w02,11,car_flow_South_Right.2,car,21.60,76.20,54.60,0.00,10.23,700.86
DQN_w02,11,car_flow_south_E#15.2,bus,19.20,76.60,57.40,0.00,9.40,787.72
DQN_w02,11,car_flow_south_left.8,car,45.40,76.60,31.20,0.00,9.58,541.79
DQN_w02,11,car_flow_turn_E#15.8,car,42.40,77.20,34.80,0.00,14.73,223.71
DQN_w02,11,car_flow_turn.2,car,44.60,77.20,32.60,2.20,15.95,291.86
DQN_w02,11,car_flow_South_Right.3,car,26.00,78.40,52.40,0.00,12.37,700.86
DQN_w02,11,car_flow_WEST_E#6.0,car,0.00,80.80,80.80,53.20,60.77,214.25
DQN_w02,11,car_flow_south_E#15.3,car,25.00,82.80,57.80,0.00,5.70,795.72
DQN_w02,11,car_flow_south_E#15.5,car,32.60,84.40,51.80,0.00,5.91,795.72
DQN_w02,11,car_flow_through.2,truck,48.00,84.60,36.60,0.00,13.79,215.71
DQN_w02,11,car_flow_north_E#18.7,truck,49.60,84.80,35.20,2.60,18.50,214.96
DQN_w02,11,car_flow_south_E#15.4,car,27.20,85.00,57.80,0.00,5.56,795.72
DQN_w02,11,car_flow_south_E#15.7,car,37.00,85.80,48.80,0.00,6.81,795.72
DQN_w02,11,car_flow_E#10.2,car,12.80,86.40,73.60,10.60,24.74,888.90
DQN_w02,11,car_flow_south_E#15.6,car,34.80,90.00,55.20,0.00,5.14,795.72
DQN_w02,11,car_flow_south_left.9,truck,53.20,90.00,36.80,0.00,12.63,533.79
DQN_w02,11,car_flow_turn.3,car,51.20,90.20,39.00,3.60,19.07,291.86
DQN_w02,11,car_flow_turn_E#13.0,car,2.40,91.20,88.80,52.80,66.00,214.25
DQN_w02,11,car_flow_south_left.10,car,58.40,91.40,33.00,0.00,9.21,541.79
DQN_w02,11,car_flow_WEST_E#6.1,car,4.80,93.80,89.00,48.00,65.46,214.25
DQN_w02,11,car_flow_E#10.1,car,8.40,94.00,85.60,3.80,22.11,888.90
DQN_w02,11,car_flow_south_E#18.1,truck,59.20,94.20,35.00,5.60,21.91,224.83
DQN_w02,11,car_flow_E#10.5,car,26.20,95.40,69.20,0.00,10.65,888.90
DQN_w02,11,car_flow_E#10.3,car,15.00,95.80,80.80,10.20,23.50,888.90
DQN_w02,11,car_flow_turn_E#13.1,car,7.00,96.20,89.20,44.80,66.14,214.25
DQN_w02,11,car_flow_south_E#15.8,car,39.20,96.40,57.20,0.00,5.06,795.72
DQN_w02,11,car_flow_E#10.4,car,24.00,96.80,72.80,5.20,23.85,888.90
DQN_w02,11,car_flow_turn.4,car,53.60,98.20,44.60,4.40,26.62,291.86
DQN_w02,11,car_flow_WEST_E#6.2,car,12.40,98.40,86.00,40.20,64.22,214.25
DQN_w02,11,car_flow_south_left.11,car,68.80,99.80,31.00,0.00,6.06,541.79
DQN_w02,22,car_flow_south_E#18.0,car,0.20,18.00,17.80,0.00,4.59,232.83
DQN_w02,22,car_flow_north_E#18.0,car,3.80,26.20,22.40,0.00,4.71,222.96
DQN_w02,22,car_flow_WEST_E#6.0,car,0.40,26.80,26.40,0.00,4.50,214.25
DQN_w02,22,car_flow_turn.0,truck,0.40,28.60,28.20,0.00,9.92,283.86
DQN_w02,22,car_flow_turn.1,car,6.00,31.00,25.00,0.00,8.07,291.86
DQN_w02,22,car_flow_north_E#18.1,car,11.60,32.00,20.40,0.00,4.84,222.96
DQN_w02,22,car_flow_north_E#18.2,car,13.80,34.80,21.00,0.00,5.26,222.96
DQN_w02,22,car_flow_through.0,car,3.80,35.00,31.20,0.00,6.00,223.71
DQN_w02,22,car_flow_turn.2,car,10.40,35.40,25.00,0.00,6.20,291.86
DQN_w02,22,car_flow_turn_E#15.0,car,8.20,37.60,29.40,0.00,6.34,223.71
DQN_w02,22,car_flow_turn.3,car,14.80,39.20,24.40,0.00,6.98,291.86
DQN_w02,22,car_flow_south_left.0,truck,4.20,39.60,35.40,0.00,14.34,533.79
DQN_w02,22,car_flow_turn.4,car,17.00,41.40,24.40,0.00,6.87,291.86
DQN_w02,22,car_flow_turn_E#15.1,car,12.60,43.40,30.80,0.00,4.67,223.71
DQN_w02,22,car_flow_turn.5,car,21.40,45.40,24.00,0.00,6.25,291.86
DQN_w02,22,car_flow_north_E#18.3,truck,19.40,45.40,26.00,0.00,8.45,214.96
DQN_w02,22,car_flow_turn_E#15.2,car,19.20,46.20,27.00,0.00,6.48,223.71
DQN_w02,22,car_flow_north_E#18.4,car,22.80,47.40,24.60,0.00,7.20,222.96
DQN_w02,22,car_flow_turn_E#13.0,truck,4.00,51.40,47.40,15.20,26.26,206.25
DQN_w02,22,car_flow_south_E#18.1,truck,2.00,52.60,50.60,20.80,37.87,224.83
DQN_w02,22,car_flow_north_E#18.5,car,25.20,53.00,27.80,0.00,4.45,222.96
DQN_w02,22,car_flow_South_Right.0,car,0.20,54.60,54.40,0.00,10.49,700.86
DQN_w02,22,car_flow_WEST_E#6.1,truck,8.80,55.00,46.20,8.60,26.11,206.25
DQN_w02,22,car_flow_south_left.1,car,25.60,55.00,29.40,0.00,9.45,541.79
DQN_w02,22,car_flow_south_left.2,car,27.80,58.20,30.40,0.00,6.75,541.79
DQN_w02,22,car_flow_turn_E#15.3,car,26.00,58.80,32.80,0.20,10.73,223.71
DQN_w02,22,car_flow_north_E#18.6,car,27.40,60.20,32.80,3.00,15.08,222.96
DQN_w02,22,car_flow_WEST_E#6.2,car,12.00,61.60,49.60,8.20,28.82,214.25
DQN_w02,22,car_flow_south_E#18.2,car,18.40,61.80,43.40,11.40,30.26,232.83
DQN_w02,22,car_flow_WEST_E#6.3,car,18.40,64.00,45.60,3.60,24.04,214.25
DQN_w02,22,car_flow_WEST_E#6.4,car,20.60,66.00,45.40,1.40,25.65,214.25
DQN_w02,22,car_flow_turn_E#13.1,car,23.00,68.40,45.40,0.00,24.43,214.25
DQN_w02,22,car_flow_turn.6,car,35.20,69.80,34.60,0.00,14.47,291.86
DQN_w02,22,car_flow_north_E#18.7,car,29.60,72.40,42.80,3.60,25.92,222.96
DQN_w02,22,car_flow_through.1,truck,29.40,72.60,43.20,3.20,17.92,215.71
DQN_w02,22,car_flow_south_E#15.0,car,16.00,74.40,58.40,0.00,4.49,795.72
DQN_w02,22,car_flow_north_E#18.8,car,32.00,75.80,43.80,1.00,24.55,222.96
DQN_w02,22,car_flow_south_E#18.3,car,41.20,75.80,34.60,9.80,20.46,232.83
DQN_w02,22,car_flow_turn_E#15.4,car,37.40,76.20,38.80,0.00,15.03,223.71
DQN_w02,22,car_flow_WEST_E#6.5,car,25.20,80.40,55.20,8.00,33.38,214.25
DQN_w02,22,car_flow_turn.7,truck,41.00,82.00,41.00,2.40,24.86,283.86
DQN_w02,22,car_flow_south_E#18.4,car,41.80,82.20,40.40,9.20,26.43,232.83
DQN_w02,22,car_flow_turn_E#13.2,car,30.40,82.40,52.00,4.60,32.56,214.25
DQN_w02,22,car_flow_north_E#18.9,car,34.20,84.00,49.80,4.20,32.86,222.96
DQN_w02,22,car_flow_WEST_E#6.6,car,32.80,85.00,52.20,3.20,30.40,214.25
DQN_w02,22,car_flow_turn_E#10.0,car,6.00,86.80,80.80,14.40,31.47,888.41
DQN_w02,22,car_flow_south_E#18.5,car,43.80,87.00,43.20,6.40,31.15,232.83
DQN_w02,22,car_flow_WEST_E#6.7,car,35.20,87.20,52.00,1.80,30.73,214.25
DQN_w02,22,car_flow_turn_E#10.1,car,11.60,88.00,76.40,12.80,28.00,888.41
DQN_w02,22,car_flow_turn_E#13.3,car,54.20,89.40,35.20,0.00,14.11,214.25
DQN_w02,22,car_flow_turn_E#6.0,car,23.60,91.80,68.20,7.80,19.30,873.09
DQN_w02,22,car_flow_turn_E#15.5,car,44.40,92.20,47.80,3.60,25.03,223.71
DQN_w02,22,car_flow_south_left.3,car,63.40,92.40,29.00,0.00,7.31,541.79
DQN_w02,22,car_flow_north_E#18.10,car,45.20,93.60,48.40,0.60,32.73,222.96
DQN_w02,22,car_flow_E#10.0,car,16.20,94.40,78.20,17.20,32.54,888.90
DQN_w02,22,car_flow_through.2,car,46.60,94.40,47.80,0.60,25.75,223.71
DQN_w02,22,car_flow_south_left.4,car,66.00,95.20,29.20,0.00,7.12,541.79
DQN_w02,22,car_flow_turn_E#10.2,car,13.80,96.60,82.80,7.00,28.93,888.41
DQN_w02,22,car_flow_through.3,car,48.80,96.60,47.80,0.00,25.80,223.71
DQN_w02,22,car_flow_South_Right.1,car,38.80,98.40,59.60,1.80,14.92,700.86
DQN_w02,22,car_flow_E#10.1,truck,20.80,99.80,79.00,3.60,30.21,880.90
DQN_w02,22,car_flow_turn_E#13.4,car,56.40,99.80,43.40,7.80,24.66,214.25
DQN_w02,33,car_flow_north_E#18.0,car,4.20,26.40,22.20,0.00,5.88,222.96
DQN_w02,33,car_flow_north_E#18.1,car,7.20,28.80,21.60,0.00,5.41,222.96
DQN_w02,33,car_flow_turn_E#15.0,truck,0.00,29.60,29.60,0.00,6.93,215.71
DQN_w02,33,car_flow_turn.0,truck,5.00,34.00,29.00,0.00,10.51,283.86
DQN_w02,33,car_flow_north_E#18.2,car,14.80,37.40,22.60,0.00,7.28,222.96
DQN_w02,33,car_flow_through.0,car,8.20,40.20,32.00,0.00,6.85,223.71
DQN_w02,33,car_flow_south_left.0,car,11.60,41.40,29.80,0.00,6.16,541.79
DQN_w02,33,car_flow_turn_E#15.1,car,10.60,42.20,31.60,0.00,9.73,223.71
DQN_w02,33,car_flow_through.1,car,13.00,45.40,32.40,0.00,6.82,223.71
DQN_w02,33,car_flow_north_E#18.3,car,23.60,47.20,23.60,0.00,5.14,222.96
DQN_w02,33,car_flow_turn_E#15.2,car,15.20,47.40,32.20,0.00,9.23,223.71
DQN_w02,33,car_flow_south_left.1,car,19.80,48.60,28.80,0.00,7.10,541.79
DQN_w02,33,car_flow_turn_E#15.3,car,17.40,49.60,32.20,0.00,9.51,223.71
DQN_w02,33,car_flow_turn.1,car,21.80,52.60,30.80,2.20,12.63,291.86
DQN_w02,33,car_flow_through.2,car,19.60,53.00,33.40,0.00,6.99,223.71
DQN_w02,33,car_flow_through.3,truck,25.20,59.60,34.40,0.00,10.31,215.71
DQN_w02,33,car_flow_South_Right.0,car,4.80,60.40,55.60,0.00,9.42,700.86
DQN_w02,33,car_flow_south_E#15.0,car,2.00,61.60,59.60,0.00,4.36,795.72
DQN_w02,33,car_flow_turn.2,car,28.60,62.00,33.40,2.60,17.86,291.86
DQN_w02,33,car_flow_turn.3,car,30.80,63.40,32.60,0.00,16.35,291.86
DQN_w02,33,car_flow_north_E#18.4,car,30.60,65.80,35.20,2.40,19.60,222.96
DQN_w02,33,car_flow_WEST_E#6.0,truck,1.80,66.20,64.40,32.20,43.01,206.25
DQN_w02,33,car_flow_south_E#18.0,bus,10.60,66.40,55.80,24.80,42.95,224.83
DQN_w02,33,car_flow_turn.4,car,33.20,66.60,33.40,0.00,15.38,291.86
DQN_w02,33,car_flow_south_E#18.1,car,30.40,68.00,37.60,6.00,22.46,232.83
DQN_w02,33,car_flow_south_E#15.4,car,21.40,68.20,46.80,0.00,6.93,795.72
DQN_w02,33,car_flow_south_E#15.1,truck,11.60,69.00,57.40,0.00,8.43,787.72
DQN_w02,33,car_flow_south_E#18.2,car,35.40,69.00,33.60,2.20,19.85,232.83
DQN_w02,33,car_flow_E#10.0,car,8.80,69.20,60.40,0.00,11.69,888.90
DQN_w02,33,car_flow_north_E#18.5,car,33.00,69.40,36.40,0.00,17.88,222.96
DQN_w02,33,car_flow_WEST_E#6.1,car,7.40,69.60,62.20,27.40,43.20,214.25
DQN_w02,33,car_flow_WEST_E#6.2,car,12.40,71.60,59.20,23.40,40.91,214.25
DQN_w02,33,car_flow_south_E#15.2,car,17.00,72.80,55.80,0.00,6.03,795.72
DQN_w02,33,car_flow_south_E#18.3,car,36.20,72.80,36.60,2.80,23.54,232.83
DQN_w02,33,car_flow_south_E#18.4,car,51.00,74.20,23.20,0.00,11.08,232.83
DQN_w02,33,car_flow_turn_E#13.0,truck,16.00,74.40,58.40,18.20,37.56,206.25
DQN_w02,33,car_flow_south_E#15.3,car,19.20,75.80,56.60,0.00,5.71,795.72
DQN_w02,33,car_flow_north_E#18.6,car,40.40,76.20,35.80,2.60,19.61,222.96
DQN_w02,33,car_flow_turn.5,truck,36.80,76.80,40.00,2.40,23.20,283.86
DQN_w02,33,car_flow_south_left.2,car,49.00,77.60,28.60,0.00,6.80,541.79
DQN_w02,33,car_flow_turn_E#13.1,car,19.20,77.80,58.60,16.40,39.51,214.25
DQN_w02,33,car_flow_north_E#18.7,car,44.20,78.20,34.00,0.00,18.08,222.96
DQN_w02,33,car_flow_turn.6,truck,41.80,78.80,37.00,0.00,20.99,283.86
DQN_w02,33,car_flow_turn_E#13.2,car,25.60,82.00,56.40,13.20,31.61,214.25
DQN_w02,33,car_flow_E#10.1,car,15.60,82.60,67.00,9.40,20.32,888.90
DQN_w02,33,car_flow_south_left.3,car,54.00,82.60,28.60,0.00,7.13,541.79
DQN_w02,33,car_flow_north_E#18.8,car,57.80,83.60,25.80,0.00,6.91,222.96
DQN_w02,33,car_flow_through.4,truck,46.80,84.20,37.40,0.00,14.91,215.71
DQN_w02,33,car_flow_turn_E#10.3,car,17.80,85.40,67.60,0.00,20.00,888.41
DQN_w02,33,car_flow_south_left.4,car,57.20,87.60,30.40,0.00,6.23,541.79
DQN_w02,33,car_flow_South_Right.1,car,18.00,88.00,70.00,7.80,20.22,700.86
DQN_w02,33,car_flow_turn_E#10.1,car,9.40,89.00,79.60,11.00,25.03,888.41
DQN_w02,33,car_flow_south_left.5,car,59.40,89.00,29.60,0.00,7.92,541.79
DQN_w02,33,car_flow_north_E#18.9,car,62.40,91.00,28.60,2.40,13.64,222.96
DQN_w02,33,car_flow_through.5,car,50.00,92.20,42.20,2.40,18.83,223.71
DQN_w02,33,car_flow_turn_E#10.0,car,7.00,92.80,85.80,13.40,27.58,888.41
DQN_w02,33,car_flow_turn.7,bus,56.40,94.00,37.60,0.00,20.44,283.86
DQN_w02,33,car_flow_south_E#15.5,bus,27.00,94.20,67.20,1.80,19.33,787.72
DQN_w02,33,car_flow_through.6,car,52.20,94.60,42.40,0.00,18.74,223.71
DQN_w02,33,car_flow_south_left.6,car,63.80,94.60,30.80,0.00,5.70,541.79
DQN_w02,33,car_flow_south_left.7,car,66.20,95.80,29.60,0.00,11.22,541.79
DQN_w02,33,car_flow_south_E#15.6,car,38.20,96.00,57.80,0.00,16.99,795.72
DQN_w02,33,car_flow_South_Right.2,car,23.20,96.40,73.20,5.80,23.94,700.86
DQN_w02,33,car_flow_south_E#18.5,car,64.60,98.80,34.20,9.60,22.54,232.83
DQN_w03,11,car_flow_north_E#18.0,truck,0.40,25.40,25.00,0.00,8.41,214.96
DQN_w03,11,car_flow_turn.0,car,2.40,26.80,24.40,0.00,5.41,291.86
DQN_w03,11,car_flow_turn_E#15.0,car,0.00,30.20,30.20,0.00,3.56,223.71
DQN_w03,11,car_flow_north_E#18.1,car,8.60,33.00,24.40,0.00,4.15,222.96
DQN_w03,11,car_flow_north_E#18.2,car,10.80,34.80,24.00,0.00,5.77,222.96
DQN_w03,11,car_flow_turn_E#15.1,car,9.00,38.00,29.00,0.00,3.55,223.71
DQN_w03,11,car_flow_north_E#18.3,truck,14.20,39.40,25.20,0.00,8.50,214.96
DQN_w03,11,car_flow_turn_E#15.2,car,12.60,41.20,28.60,0.00,3.98,223.71
DQN_w03,11,car_flow_turn_E#15.3,car,17.00,46.60,29.60,0.00,3.73,223.71
DQN_w03,11,car_flow_south_left.0,car,17.20,46.80,29.60,0.00,7.06,541.79
DQN_w03,11,car_flow_north_E#18.4,car,22.60,46.80,24.20,0.00,6.64,222.96
DQN_w03,11,car_flow_south_left.1,car,19.40,49.00,29.60,0.00,7.17,541.79
DQN_w03,11,car_flow_turn_E#15.4,car,22.80,51.60,28.80,0.00,3.52,223.71
DQN_w03,11,car_flow_turn.1,car,28.80,52.40,23.60,0.00,5.23,291.86
DQN_w03,11,car_flow_south_E#18.0,car,31.60,52.60,21.00,0.00,9.19,232.83
DQN_w03,11,car_flow_south_left.2,car,21.80,53.20,31.40,0.00,6.29,541.79
DQN_w03,11,car_flow_north_E#18.5,car,29.40,53.80,24.40,0.00,5.90,222.96
DQN_w03,11,car_flow_south_E#15.1,car,6.20,54.60,48.40,0.00,6.25,795.72
DQN_w03,11,car_flow_turn_E#15.5,car,25.00,55.20,30.20,0.00,3.87,223.71
DQN_w03,11,car_flow_south_E#15.0,car,3.80,56.00,52.20,0.00,5.77,795.72
DQN_w03,11,car_flow_south_left.3,car,29.00,60.40,31.40,0.00,5.76,541.79
DQN_w03,11,car_flow_turn_E#15.6,truck,32.40,61.80,29.40,0.00,6.61,215.71
DQN_w03,11,car_flow_south_left.4,car,32.00,62.00,30.00,0.00,8.54,541.79
DQN_w03,11,car_flow_south_left.5,car,34.20,63.40,29.20,0.00,8.31,541.79
DQN_w03,11,car_flow_E#10.0,car,1.60,64.80,63.20,0.00,13.55,888.90
DQN_w03,11,car_flow_north_E#18.6,car,41.40,65.20,23.80,0.00,4.82,222.96
DQN_w03,11,car_flow_through.0,car,35.60,66.60,31.00,0.00,6.00,223.71
DQN_w03,11,car_flow_South_Right.0,car,7.80,68.60,60.80,5.20,17.74,700.86
DQN_w03,11,car_flow_south_left.6,car,38.80,68.80,30.00,0.00,9.68,541.79
DQN_w03,11,car_flow_South_Right.1,car,14.20,70.00,55.80,0.00,14.75,700.86
DQN_w03,11,car_flow_turn.2,car,44.60,72.40,27.80,0.00,11.28,291.86
DQN_w03,11,car_flow_through.1,car,37.80,73.20,35.40,2.20,10.30,223.71
DQN_w03,11,car_flow_turn_E#6.0,car,4.80,75.00,70.20,16.60,27.11,873.09
DQN_w03,11,car_flow_turn_E#15.7,car,40.00,75.20,35.20,0.00,11.86,223.71
DQN_w03,11,car_flow_south_left.7,car,43.20,75.40,32.20,0.00,5.97,541.79
DQN_w03,11,car_flow_south_E#15.2,bus,19.20,76.60,57.40,0.00,9.40,787.72
DQN_w03,11,car_flow_south_left.8,car,45.40,76.60,31.20,0.00,9.58,541.79
DQN_w03,11,car_flow_turn_E#15.8,car,42.40,77.20,34.80,0.00,14.70,223.71
DQN_w03,11,car_flow_E#10.2,car,12.80,78.20,65.40,3.20,16.52,888.90
DQN_w03,11,car_flow_E#10.3,car,15.00,78.20,63.20,0.00,5.90,888.90
DQN_w03,11,car_flow_north_E#18.7,truck,49.60,78.20,28.60,0.00,11.72,214.96
DQN_w03,11,car_flow_E#10.1,car,8.40,79.80,71.40,0.00,7.84,888.90
DQN_w03,11,car_flow_through.2,truck,48.00,79.80,31.80,0.00,9.00,215.71
DQN_w03,11,car_flow_South_Right.2,car,21.60,81.00,59.40,1.80,15.12,700.86
DQN_w03,11,car_flow_South_Right.3,car,26.00,82.40,56.40,0.00,16.33,700.86
DQN_w03,11,car_flow_south_E#15.3,car,25.00,82.80,57.80,0.00,5.70,795.72
DQN_w03,11,car_flow_turn.3,car,51.20,83.20,32.00,1.80,12.04,291.86
DQN_w03,11,car_flow_south_E#15.5,car,32.60,84.40,51.80,0.00,5.91,795.72
DQN_w03,11,car_flow_turn.4,car,53.60,84.40,30.80,0.00,12.85,291.86
DQN_w03,11,car_flow_WEST_E#6.0,car,0.00,84.80,84.80,57.20,64.79,214.25
DQN_w03,11,car_flow_south_E#15.4,car,27.20,85.00,57.80,0.00,5.58,795.72
DQN_w03,11,car_flow_south_E#15.7,car,37.00,85.80,48.80,0.00,6.81,795.72
DQN_w03,11,car_flow_turn_E#13.0,car,2.40,88.00,85.60,51.20,62.88,214.25
DQN_w03,11,car_flow_south_E#15.6,car,34.80,90.00,55.20,0.00,5.10,795.72
DQN_w03,11,car_flow_south_left.9,truck,53.20,90.00,36.80,0.00,12.63,533.79
DQN_w03,11,car_flow_south_left.10,car,58.40,91.40,33.00,0.00,9.21,541.79
DQN_w03,11,car_flow_north_E#18.8,car,67.80,92.00,24.20,0.00,7.45,222.96
DQN_w03,11,car_flow_turn_E#15.9,car,59.20,94.40,35.20,0.00,5.28,223.71
DQN_w03,11,car_flow_E#10.4,car,24.00,94.60,70.60,10.20,21.59,888.90
DQN_w03,11,car_flow_south_E#15.8,car,39.20,96.40,57.20,0.00,5.08,795.72
DQN_w03,11,car_flow_turn_E#15.10,car,61.60,96.80,35.20,0.00,7.57,223.71
DQN_w03,11,car_flow_turn.5,car,69.00,98.60,29.60,0.80,8.78,291.86
DQN_w03,11,car_flow_turn_E#15.11,car,66.60,99.00,32.40,0.00,8.64,223.71
DQN_w03,11,car_flow_south_left.11,car,68.80,99.80,31.00,0.00,6.06,541.79
DQN_w03,22,car_flow_south_E#18.0,car,0.20,18.00,17.80,0.00,4.59,232.83
DQN_w03,22,car_flow_north_E#18.0,car,3.80,26.20,22.40,0.00,4.71,222.96
DQN_w03,22,car_flow_WEST_E#6.0,car,0.40,26.80,26.40,0.00,4.50,214.25
DQN_w03,22,car_flow_turn.0,truck,0.40,28.60,28.20,0.00,9.92,283.86
DQN_w03,22,car_flow_turn.1,car,6.00,31.00,25.00,0.00,8.07,291.86
DQN_w03,22,car_flow_north_E#18.1,car,11.60,32.00,20.40,0.00,4.84,222.96
DQN_w03,22,car_flow_north_E#18.2,car,13.80,34.80,21.00,0.00,5.26,222.96
DQN_w03,22,car_flow_through.0,car,3.80,35.00,31.20,0.00,6.00,223.71
DQN_w03,22,car_flow_turn.2,car,10.40,35.40,25.00,0.00,6.20,291.86
DQN_w03,22,car_flow_turn_E#15.0,car,8.20,37.60,29.40,0.00,6.34,223.71
DQN_w03,22,car_flow_turn.3,car,14.80,39.20,24.40,0.00,6.98,291.86
DQN_w03,22,car_flow_south_left.0,truck,4.20,39.60,35.40,0.00,14.34,533.79
DQN_w03,22,car_flow_turn.4,car,17.00,41.40,24.40,0.00,6.87,291.86
DQN_w03,22,car_flow_turn_E#15.1,car,12.60,43.40,30.80,0.00,4.67,223.71
DQN_w03,22,car_flow_turn.5,car,21.40,45.40,24.00,0.00,6.25,291.86
DQN_w03,22,car_flow_north_E#18.3,truck,19.40,45.40,26.00,0.00,8.45,214.96
DQN_w03,22,car_flow_turn_E#15.2,car,19.20,46.20,27.00,0.00,6.48,223.71
DQN_w03,22,car_flow_north_E#18.4,car,22.80,47.40,24.60,0.00,7.20,222.96
DQN_w03,22,car_flow_turn_E#13.0,truck,4.00,51.40,47.40,15.20,26.26,206.25
DQN_w03,22,car_flow_south_E#18.1,truck,2.00,52.60,50.60,20.80,37.87,224.83
DQN_w03,22,car_flow_north_E#18.5,car,25.20,53.00,27.80,0.00,4.45,222.96
DQN_w03,22,car_flow_South_Right.0,car,0.20,54.60,54.40,0.00,10.49,700.86
DQN_w03,22,car_flow_WEST_E#6.1,truck,8.80,55.00,46.20,8.60,26.11,206.25
DQN_w03,22,car_flow_south_left.1,car,25.60,55.00,29.40,0.00,9.45,541.79
DQN_w03,22,car_flow_south_left.2,car,27.80,58.20,30.40,0.00,6.75,541.79
DQN_w03,22,car_flow_turn_E#15.3,car,26.00,58.80,32.80,0.20,10.73,223.71
DQN_w03,22,car_flow_south_E#18.2,car,18.40,59.20,40.80,9.20,27.75,232.83
DQN_w03,22,car_flow_north_E#18.6,car,27.40,60.20,32.80,3.00,15.08,222.96
DQN_w03,22,car_flow_south_E#18.3,car,41.20,60.80,19.60,0.00,5.52,232.83
DQN_w03,22,car_flow_WEST_E#6.2,car,12.00,61.60,49.60,8.20,28.82,214.25
DQN_w03,22,car_flow_south_E#18.4,car,41.80,62.60,20.80,0.00,6.66,232.83
DQN_w03,22,car_flow_south_E#18.5,car,43.80,63.60,19.80,0.00,7.88,232.83
DQN_w03,22,car_flow_WEST_E#6.3,car,18.40,64.00,45.60,3.60,24.06,214.25
DQN_w03,22,car_flow_WEST_E#6.4,car,20.60,66.00,45.40,1.40,25.66,214.25
DQN_w03,22,car_flow_turn_E#13.1,car,23.00,68.40,45.40,0.00,24.41,214.25
DQN_w03,22,car_flow_WEST_E#6.5,car,25.20,71.00,45.80,0.00,23.90,214.25
DQN_w03,22,car_flow_turn_E#13.2,car,30.40,73.00,42.60,0.00,23.19,214.25
DQN_w03,22,car_flow_south_E#15.0,car,16.00,74.40,58.40,0.00,4.51,795.72
DQN_w03,22,car_flow_WEST_E#6.6,car,32.80,75.60,42.80,0.00,20.92,214.25
DQN_w03,22,car_flow_E#10.0,car,16.20,77.40,61.20,4.60,15.53,888.90
DQN_w03,22,car_flow_WEST_E#6.7,car,35.20,77.80,42.60,0.00,21.28,214.25
DQN_w03,22,car_flow_turn_E#13.3,car,54.20,80.80,26.60,0.00,5.42,214.25
DQN_w03,22,car_flow_E#10.1,truck,20.80,81.20,60.40,0.00,11.53,880.90
DQN_w03,22,car_flow_E#10.2,car,30.00,81.40,51.40,0.00,6.94,888.90
DQN_w03,22,car_flow_turn_E#13.4,car,56.40,82.80,26.40,0.00,7.79,214.25
DQN_w03,22,car_flow_turn_E#13.5,car,61.40,85.40,24.00,0.00,6.35,214.25
DQN_w03,22,car_flow_turn_E#10.0,car,6.00,86.80,80.80,14.40,31.42,888.41
DQN_w03,22,car_flow_turn_E#10.1,car,11.60,88.00,76.40,12.80,27.96,888.41
DQN_w03,22,car_flow_E#10.3,car,32.60,91.20,58.60,0.00,9.09,888.90
DQN_w03,22,car_flow_turn_E#6.0,car,23.60,91.80,68.20,7.80,19.36,873.09
DQN_w03,22,car_flow_south_left.3,car,63.40,92.40,29.00,0.00,7.31,541.79
DQN_w03,22,car_flow_South_Right.1,car,38.80,93.40,54.60,0.00,9.96,700.86
DQN_w03,22,car_flow_turn_E#13.6,car,65.20,93.60,28.40,0.00,4.25,214.25
DQN_w03,22,car_flow_south_left.4,car,66.00,95.20,29.20,0.00,7.12,541.79
DQN_w03,22,car_flow_turn_E#6.2,car,32.80,96.00,63.20,0.00,13.01,873.09
DQN_w03,22,car_flow_turn_E#6.1,car,32.60,98.20,65.60,0.00,9.85,873.09
DQN_w03,22,car_flow_WEST_E#6.8,car,74.20,99.80,25.60,0.00,5.01,214.25
DQN_w03,33,car_flow_north_E#18.0,car,4.20,26.40,22.20,0.00,5.88,222.96
DQN_w03,33,car_flow_north_E#18.1,car,7.20,28.80,21.60,0.00,5.41,222.96
DQN_w03,33,car_flow_turn_E#15.0,truck,0.00,29.60,29.60,0.00,6.93,215.71
DQN_w03,33,car_flow_turn.0,truck,5.00,34.00,29.00,0.00,10.51,283.86
DQN_w03,33,car_flow_north_E#18.2,car,14.80,37.40,22.60,0.00,7.28,222.96
DQN_w03,33,car_flow_through.0,car,8.20,40.20,32.00,0.00,6.85,223.71
DQN_w03,33,car_flow_south_left.0,car,11.60,41.40,29.80,0.00,6.16,541.79
DQN_w03,33,car_flow_turn_E#15.1,car,10.60,42.20,31.60,0.00,9.73,223.71
DQN_w03,33,car_flow_through.1,car,13.00,45.40,32.40,0.00,6.82,223.71
DQN_w03,33,car_flow_north_E#18.3,car,23.60,47.20,23.60,0.00,5.14,222.96
DQN_w03,33,car_flow_turn_E#15.2,car,15.20,47.40,32.20,0.00,9.24,223.71
DQN_w03,33,car_flow_turn.1,car,21.80,47.80,26.00,0.00,7.85,291.86
DQN_w03,33,car_flow_south_left.1,car,19.80,48.60,28.80,0.00,7.10,541.79
DQN_w03,33,car_flow_turn_E#15.3,car,17.40,49.60,32.20,0.00,9.50,223.71
DQN_w03,33,car_flow_through.2,car,19.60,53.00,33.40,0.00,6.95,223.71
DQN_w03,33,car_flow_north_E#18.4,car,30.60,53.20,22.60,0.00,6.93,222.96
DQN_w03,33,car_flow_WEST_E#6.0,truck,1.80,55.60,53.80,21.60,32.41,206.25
DQN_w03,33,car_flow_south_E#18.0,bus,10.60,58.40,47.80,17.00,35.09,224.83
DQN_w03,33,car_flow_WEST_E#6.1,car,7.40,59.00,51.60,16.80,32.62,214.25
DQN_w03,33,car_flow_South_Right.0,car,4.80,60.40,55.60,0.00,9.43,700.86
DQN_w03,33,car_flow_WEST_E#6.2,car,12.40,61.00,48.60,12.80,30.32,214.25
DQN_w03,33,car_flow_south_E#15.0,car,2.00,61.80,59.80,0.00,4.42,795.72
DQN_w03,33,car_flow_north_E#18.5,car,33.00,65.80,32.80,2.20,14.41,222.96
DQN_w03,33,car_flow_through.3,truck,25.20,66.60,41.40,7.00,17.30,215.71
DQN_w03,33,car_flow_turn.2,car,28.60,67.00,38.40,4.80,22.93,291.86
DQN_w03,33,car_flow_south_E#15.4,car,21.40,68.20,46.80,0.00,6.91,795.72
DQN_w03,33,car_flow_turn.3,car,30.80,68.40,37.60,0.40,21.51,291.86
DQN_w03,33,car_flow_south_E#15.1,truck,11.60,69.00,57.40,0.00,8.46,787.72
DQN_w03,33,car_flow_turn.4,car,33.20,70.60,37.40,0.00,19.43,291.86
DQN_w03,33,car_flow_south_E#18.1,car,30.40,71.00,40.60,10.00,25.48,232.83
DQN_w03,33,car_flow_south_E#18.2,car,35.40,72.00,36.60,6.40,22.85,232.83
DQN_w03,33,car_flow_south_E#15.2,car,17.00,72.80,55.80,0.00,6.03,795.72
DQN_w03,33,car_flow_turn_E#13.0,truck,16.00,73.20,57.20,14.20,36.39,206.25
DQN_w03,33,car_flow_south_E#18.3,car,36.20,73.20,37.00,5.20,23.93,232.83
DQN_w03,33,car_flow_turn.5,truck,36.80,74.40,37.60,0.00,20.68,283.86
DQN_w03,33,car_flow_north_E#18.6,car,40.40,75.20,34.80,1.20,18.55,222.96
DQN_w03,33,car_flow_south_E#15.3,car,19.20,75.60,56.40,0.00,5.70,795.72
DQN_w03,33,car_flow_south_E#18.4,car,51.00,75.80,24.80,0.00,12.67,232.83
DQN_w03,33,car_flow_turn_E#13.1,car,19.20,76.60,57.40,9.40,38.33,214.25
DQN_w03,33,car_flow_turn.6,truck,41.80,76.60,34.80,0.00,18.84,283.86
DQN_w03,33,car_flow_north_E#18.7,car,44.20,77.20,33.00,0.00,17.10,222.96
DQN_w03,33,car_flow_E#10.1,car,15.60,77.60,62.00,2.00,15.45,888.90
DQN_w03,33,car_flow_south_left.2,car,49.00,77.60,28.60,0.00,6.80,541.79
DQN_w03,33,car_flow_E#10.0,car,8.80,78.40,69.60,10.20,20.83,888.90
DQN_w03,33,car_flow_turn_E#13.2,car,25.60,80.80,55.20,4.40,30.42,214.25
DQN_w03,33,car_flow_South_Right.1,car,18.00,81.40,63.40,1.20,13.68,700.86
DQN_w03,33,car_flow_south_left.3,car,54.00,82.60,28.60,0.00,7.13,541.79
DQN_w03,33,car_flow_WEST_E#6.3,car,27.80,82.80,55.00,0.60,34.83,214.25
DQN_w03,33,car_flow_South_Right.2,car,23.20,83.00,59.80,0.00,10.43,700.86
DQN_w03,33,car_flow_south_E#15.5,bus,27.00,84.20,57.20,0.00,9.22,787.72
DQN_w03,33,car_flow_turn_E#13.3,car,30.00,86.40,56.40,0.00,30.22,214.25
DQN_w03,33,car_flow_south_left.4,car,57.20,87.60,30.40,0.00,6.23,541.79
DQN_w03,33,car_flow_WEST_E#6.4,car,32.20,88.40,56.20,0.00,36.36,214.25
DQN_w03,33,car_flow_south_left.5,car,59.40,89.00,29.60,0.00,7.92,541.79
DQN_w03,33,car_flow_north_E#18.8,car,58.20,90.20,32.00,0.80,13.13,222.96
DQN_w03,33,car_flow_through.4,truck,47.00,90.40,43.40,1.60,21.03,215.71
DQN_w03,33,car_flow_north_E#18.9,car,62.80,92.00,29.20,0.00,14.08,222.96
DQN_w03,33,car_flow_turn.7,bus,56.60,94.00,37.40,0.00,20.18,283.86
DQN_w03,33,car_flow_through.5,car,50.20,94.20,44.00,0.00,20.57,223.71
DQN_w03,33,car_flow_south_left.6,car,63.80,94.60,30.80,0.00,5.70,541.79
DQN_w03,33,car_flow_South_Right.3,car,33.80,95.80,62.00,5.00,18.93,700.86
DQN_w03,33,car_flow_south_left.7,car,66.20,95.80,29.60,0.00,11.22,541.79
DQN_w03,33,car_flow_through.6,car,52.60,96.40,43.80,0.00,20.14,223.71
DQN_w03,33,car_flow_turn_E#10.1,car,9.40,98.20,88.80,20.00,34.18,888.41
DQN_w03,33,car_flow_turn_E#10.0,car,7.00,99.40,92.40,18.40,34.38,888.41
DQN_w03,33,car_flow_south_E#15.6,car,38.20,99.60,61.40,5.40,20.61,795.72
DQN_w04,11,car_flow_north_E#18.0,truck,0.40,25.40,25.00,0.00,8.41,214.96
DQN_w04,11,car_flow_turn.0,car,2.40,26.80,24.40,0.00,5.41,291.86
DQN_w04,11,car_flow_turn_E#15.0,car,0.00,30.20,30.20,0.00,3.56,223.71
DQN_w04,11,car_flow_north_E#18.1,car,8.60,33.00,24.40,0.00,4.15,222.96
DQN_w04,11,car_flow_north_E#18.2,car,10.80,34.80,24.00,0.00,5.77,222.96
DQN_w04,11,car_flow_turn_E#15.1,car,9.00,38.00,29.00,0.00,3.55,223.71
DQN_w04,11,car_flow_north_E#18.3,truck,14.20,39.40,25.20,0.00,8.50,214.96
DQN_w04,11,car_flow_turn_E#15.2,car,12.60,41.20,28.60,0.00,3.98,223.71
DQN_w04,11,car_flow_turn_E#15.3,car,17.00,46.60,29.60,0.00,3.73,223.71
DQN_w04,11,car_flow_south_left.0,car,17.20,46.80,29.60,0.00,7.06,541.79
DQN_w04,11,car_flow_north_E#18.4,car,22.60,46.80,24.20,0.00,6.64,222.96
DQN_w04,11,car_flow_south_left.1,car,19.40,49.00,29.60,0.00,7.17,541.79
DQN_w04,11,car_flow_turn_E#15.4,car,22.80,51.60,28.80,0.00,3.52,223.71
DQN_w04,11,car_flow_turn.1,car,28.80,52.40,23.60,0.00,5.23,291.86
DQN_w04,11,car_flow_south_E#18.0,car,31.60,52.60,21.00,0.00,9.19,232.83
DQN_w04,11,car_flow_south_left.2,car,21.80,53.20,31.40,0.00,6.29,541.79
DQN_w04,11,car_flow_north_E#18.5,car,29.40,53.80,24.40,0.00,5.90,222.96
DQN_w04,11,car_flow_south_E#15.1,car,6.20,54.60,48.40,0.00,6.25,795.72
DQN_w04,11,car_flow_turn_E#15.5,car,25.00,55.20,30.20,0.00,3.87,223.71
DQN_w04,11,car_flow_south_E#15.0,car,3.80,56.00,52.20,0.00,5.77,795.72
DQN_w04,11,car_flow_south_left.3,car,29.00,60.40,31.40,0.00,5.76,541.79
DQN_w04,11,car_flow_turn_E#15.6,truck,32.40,61.80,29.40,0.00,6.61,215.71
DQN_w04,11,car_flow_south_left.4,car,32.00,62.00,30.00,0.00,8.54,541.79
DQN_w04,11,car_flow_south_left.5,car,34.20,63.40,29.20,0.00,8.31,541.79
DQN_w04,11,car_flow_north_E#18.6,car,41.40,65.20,23.80,0.00,4.81,222.96
DQN_w04,11,car_flow_through.0,car,35.60,66.60,31.00,0.00,6.00,223.71
DQN_w04,11,car_flow_South_Right.0,car,7.80,68.60,60.80,5.20,17.71,700.86
DQN_w04,11,car_flow_south_left.6,car,38.80,68.80,30.00,0.00,9.68,541.79
DQN_w04,11,car_flow_through.1,car,37.80,69.20,31.40,0.00,6.29,223.71
DQN_w04,11,car_flow_turn.2,car,44.60,69.20,24.60,0.00,7.93,291.86
DQN_w04,11,car_flow_turn_E#15.7,car,40.00,71.20,31.20,0.00,7.83,223.71
DQN_w04,11,car_flow_turn_E#15.8,car,42.40,73.20,30.80,0.00,10.73,223.71
DQN_w04,11,car_flow_north_E#18.7,truck,49.60,74.80,25.20,0.00,8.39,214.96
DQN_w04,11,car_flow_turn_E#6.0,car,4.80,75.20,70.40,16.60,27.12,873.09
DQN_w04,11,car_flow_south_left.7,car,43.20,75.40,32.20,0.00,5.97,541.79
DQN_w04,11,car_flow_south_E#15.2,bus,19.20,76.60,57.40,0.00,9.38,787.72
DQN_w04,11,car_flow_south_left.8,car,45.40,76.60,31.20,0.00,9.58,541.79
DQN_w04,11,car_flow_through.2,truck,48.00,77.20,29.20,0.00,6.47,215.71
DQN_w04,11,car_flow_South_Right.1,car,14.20,77.40,63.20,5.20,22.29,700.86
DQN_w04,11,car_flow_E#10.0,car,1.60,77.60,76.00,14.40,26.45,888.90
DQN_w04,11,car_flow_E#10.2,car,12.80,78.00,65.20,3.20,16.27,888.90
DQN_w04,11,car_flow_South_Right.2,car,21.60,79.00,57.40,0.00,13.00,700.86
DQN_w04,11,car_flow_E#10.3,car,15.00,79.60,64.60,0.00,7.34,888.90
DQN_w04,11,car_flow_E#10.1,car,8.40,79.80,71.40,0.00,7.86,888.90
DQN_w04,11,car_flow_South_Right.3,car,26.00,80.60,54.60,0.00,14.53,700.86
DQN_w04,11,car_flow_WEST_E#6.0,car,0.00,80.80,80.80,53.20,60.80,214.25
DQN_w04,11,car_flow_south_E#15.3,car,25.00,82.80,57.80,0.00,5.71,795.72
DQN_w04,11,car_flow_turn.3,car,51.20,83.00,31.80,5.00,11.88,291.86
DQN_w04,11,car_flow_turn_E#13.0,car,2.40,84.20,81.80,47.20,58.93,214.25
DQN_w04,11,car_flow_turn.4,car,53.40,84.20,30.80,0.40,12.80,291.86
DQN_w04,11,car_flow_south_E#15.5,car,32.60,84.40,51.80,0.00,5.93,795.72
DQN_w04,11,car_flow_south_E#15.4,car,27.20,85.00,57.80,0.00,5.54,795.72
DQN_w04,11,car_flow_south_E#15.7,car,37.00,85.80,48.80,0.00,6.83,795.72
DQN_w04,11,car_flow_WEST_E#6.1,car,4.80,86.80,82.00,45.00,58.34,214.25
DQN_w04,11,car_flow_turn_E#13.1,car,7.00,89.00,82.00,43.20,59.13,214.25
DQN_w04,11,car_flow_south_E#15.6,car,34.80,90.00,55.20,0.00,5.09,795.72
DQN_w04,11,car_flow_south_left.9,truck,53.20,90.00,36.80,0.00,12.63,533.79
DQN_w04,11,car_flow_south_left.10,car,58.40,91.40,33.00,0.00,9.21,541.79
DQN_w04,11,car_flow_south_E#15.10,car,46.00,92.20,46.20,0.00,6.55,795.72
DQN_w04,11,car_flow_north_E#18.8,car,69.00,92.60,23.60,0.00,6.94,222.96
DQN_w04,11,car_flow_turn_E#15.9,car,59.60,94.40,34.80,0.00,4.78,223.71
DQN_w04,11,car_flow_south_E#15.8,car,39.20,96.60,57.40,0.00,5.09,795.72
DQN_w04,11,car_flow_turn_E#15.10,car,61.80,96.80,35.00,0.00,7.27,223.71
DQN_w04,11,car_flow_south_E#18.1,truck,59.40,98.60,39.20,7.20,26.09,224.83
DQN_w04,11,car_flow_WEST_E#6.2,car,12.40,98.80,86.40,45.00,64.79,214.25
DQN_w04,11,car_flow_south_left.11,car,68.80,99.80,31.00,0.00,6.06,541.79
DQN_w04,22,car_flow_south_E#18.0,car,0.20,19.20,19.00,0.00,5.79,232.83
DQN_w04,22,car_flow_north_E#18.0,car,3.80,25.80,22.00,0.00,4.32,222.96
DQN_w04,22,car_flow_WEST_E#6.0,car,0.40,26.80,26.40,0.00,4.50,214.25
DQN_w04,22,car_flow_turn.0,truck,0.40,28.60,28.20,0.00,9.92,283.86
DQN_w04,22,car_flow_turn.1,car,6.00,31.00,25.00,0.00,8.07,291.86
DQN_w04,22,car_flow_north_E#18.1,car,11.60,31.80,20.20,0.00,4.66,222.96
DQN_w04,22,car_flow_north_E#18.2,car,13.80,34.80,21.00,0.00,5.29,222.96
DQN_w04,22,car_flow_through.0,car,3.80,35.00,31.20,0.00,6.00,223.71
DQN_w04,22,car_flow_turn.2,car,10.40,35.40,25.00,0.00,6.20,291.86
DQN_w04,22,car_flow_turn_E#15.0,car,8.20,37.60,29.40,0.00,6.34,223.71
DQN_w04,22,car_flow_turn.3,car,14.80,39.20,24.40,0.00,6.98,291.86
DQN_w04,22,car_flow_south_left.0,truck,4.20,39.60,35.40,0.00,14.34,533.79
DQN_w04,22,car_flow_turn.4,car,17.00,41.40,24.40,0.00,6.87,291.86
DQN_w04,22,car_flow_turn_E#15.1,car,12.60,43.40,30.80,0.00,4.67,223.71
DQN_w04,22,car_flow_turn.5,car,21.40,45.40,24.00,0.00,6.25,291.86
DQN_w04,22,car_flow_north_E#18.3,truck,19.40,45.40,26.00,0.00,8.46,214.96
DQN_w04,22,car_flow_turn_E#15.2,car,19.20,46.20,27.00,0.00,6.48,223.71
DQN_w04,22,car_flow_north_E#18.4,car,22.80,47.40,24.60,0.00,7.10,222.96
DQN_w04,22,car_flow_turn_E#13.0,truck,4.00,51.40,47.40,15.20,26.26,206.25
DQN_w04,22,car_flow_south_E#18.1,truck,2.00,52.60,50.60,21.00,37.88,224.83
DQN_w04,22,car_flow_north_E#18.5,car,25.20,52.80,27.60,0.00,4.38,222.96
DQN_w04,22,car_flow_South_Right.0,car,0.20,54.40,54.20,0.00,10.37,700.86
DQN_w04,22,car_flow_WEST_E#6.1,truck,8.80,55.00,46.20,8.60,26.10,206.25
DQN_w04,22,car_flow_south_left.1,car,25.60,55.00,29.40,0.00,9.45,541.79
DQN_w04,22,car_flow_south_left.2,car,27.80,58.20,30.40,0.00,6.75,541.79
DQN_w04,22,car_flow_turn_E#15.3,car,26.00,58.80,32.80,0.20,10.74,223.71
DQN_w04,22,car_flow_north_E#18.6,car,27.60,60.20,32.60,3.00,14.78,222.96
DQN_w04,22,car_flow_turn.6,car,35.20,61.00,25.80,0.00,5.71,291.86
DQN_w04,22,car_flow_north_E#18.7,car,30.00,62.20,32.20,0.00,15.36,222.96
DQN_w04,22,car_flow_through.1,truck,29.40,62.80,33.40,0.00,8.19,215.71
DQN_w04,22,car_flow_north_E#18.8,car,32.40,65.60,33.20,0.00,13.78,222.96
DQN_w04,22,car_flow_north_E#18.9,car,34.80,67.00,32.20,0.00,15.38,222.96
DQN_w04,22,car_flow_turn_E#15.4,car,37.40,67.20,29.80,0.00,5.90,223.71
DQN_w04,22,car_flow_south_E#18.2,car,18.20,67.80,49.60,17.80,36.59,232.83
DQN_w04,22,car_flow_turn.7,truck,41.00,68.00,27.00,0.00,10.92,283.86
DQN_w04,22,car_flow_north_E#18.10,car,45.80,69.60,23.80,0.00,8.10,222.96
DQN_w04,22,car_flow_north_E#18.11,car,48.20,72.00,23.80,0.00,8.02,222.96
DQN_w04,22,car_flow_turn_E#15.5,car,44.40,73.60,29.20,0.00,6.29,223.71
DQN_w04,22,car_flow_south_E#18.3,car,41.80,73.80,32.00,3.40,17.85,232.83
DQN_w04,22,car_flow_south_E#15.0,car,16.00,74.40,58.40,0.00,4.46,795.72
DQN_w04,22,car_flow_south_E#18.4,car,42.20,75.60,33.40,0.20,19.41,232.83
DQN_w04,22,car_flow_WEST_E#6.2,car,12.00,76.20,64.20,22.80,43.45,214.25
DQN_w04,22,car_flow_E#10.0,car,16.20,76.40,60.20,0.60,14.54,888.90
DQN_w04,22,car_flow_WEST_E#6.3,car,18.40,78.60,60.20,16.20,38.67,214.25
DQN_w04,22,car_flow_WEST_E#6.4,car,20.60,80.60,60.00,12.60,40.23,214.25
DQN_w04,22,car_flow_through.2,car,46.60,84.00,37.40,4.60,15.32,223.71
DQN_w04,22,car_flow_north_E#18.12,car,52.80,84.60,31.80,2.80,15.69,222.96
DQN_w04,22,car_flow_through.3,car,48.80,86.20,37.40,0.40,15.42,223.71
DQN_w04,22,car_flow_north_E#18.13,car,55.80,86.60,30.80,0.00,15.11,222.96
DQN_w04,22,car_flow_turn_E#10.0,car,6.00,86.80,80.80,14.40,31.45,888.41
DQN_w04,22,car_flow_turn.8,car,55.80,87.80,32.00,0.00,10.77,291.86
DQN_w04,22,car_flow_turn_E#10.1,car,11.60,88.00,76.40,12.80,28.04,888.41
DQN_w04,22,car_flow_turn_E#15.6,truck,52.40,89.60,37.20,0.00,13.03,215.71
DQN_w04,22,car_flow_north_E#18.14,car,60.20,90.40,30.20,0.00,12.42,222.96
DQN_w04,22,car_flow_south_left.3,car,63.40,92.40,29.00,0.00,7.31,541.79
DQN_w04,22,car_flow_through.4,car,58.00,93.00,35.00,0.00,12.99,223.71
DQN_w04,22,car_flow_north_E#18.15,car,64.60,93.20,28.60,0.00,11.31,222.96
DQN_w04,22,car_flow_south_E#15.2,car,39.60,93.40,53.80,0.00,12.78,795.72
DQN_w04,22,car_flow_turn.9,truck,63.80,94.00,30.20,0.00,12.88,283.86
DQN_w04,22,car_flow_north_E#18.16,car,66.80,95.20,28.40,0.00,11.71,222.96
DQN_w04,22,car_flow_south_left.4,car,66.00,95.20,29.20,0.00,7.12,541.79
DQN_w04,22,car_flow_through.5,car,60.20,96.80,36.60,0.00,10.93,223.71
DQN_w04,22,car_flow_north_E#18.17,car,69.20,98.00,28.80,0.00,11.09,222.96
DQN_w04,22,car_flow_turn_E#15.7,car,67.00,99.20,32.20,0.00,9.36,223.71
DQN_w04,22,car_flow_south_E#15.1,car,37.20,99.60,62.40,0.00,12.42,795.72
DQN_w04,33,car_flow_north_E#18.0,car,4.20,26.40,22.20,0.00,5.88,222.96
DQN_w04,33,car_flow_north_E#18.1,car,7.20,28.80,21.60,0.00,5.41,222.96
DQN_w04,33,car_flow_turn_E#15.0,truck,0.00,29.60,29.60,0.00,6.93,215.71
DQN_w04,33,car_flow_turn.0,truck,5.00,33.20,28.20,0.00,9.66,283.86
DQN_w04,33,car_flow_north_E#18.2,car,14.80,37.20,22.40,0.00,6.97,222.96
DQN_w04,33,car_flow_through.0,car,8.20,39.40,31.20,0.00,6.05,223.71
DQN_w04,33,car_flow_turn_E#15.1,car,10.60,41.40,30.80,0.00,8.91,223.71
DQN_w04,33,car_flow_south_left.0,car,11.60,41.40,29.80,0.00,6.16,541.79
DQN_w04,33,car_flow_through.1,car,13.00,44.60,31.60,0.00,6.02,223.71
DQN_w04,33,car_flow_turn_E#15.2,car,15.20,46.80,31.60,0.00,8.45,223.71
DQN_w04,33,car_flow_north_E#18.3,car,23.60,47.20,23.60,0.00,5.00,222.96
DQN_w04,33,car_flow_turn.1,car,21.80,47.40,25.60,0.00,7.27,291.86
DQN_w04,33,car_flow_south_left.1,car,19.80,48.60,28.80,0.00,7.10,541.79
DQN_w04,33,car_flow_turn_E#15.3,car,17.40,48.80,31.40,0.00,8.75,223.71
DQN_w04,33,car_flow_through.2,car,19.60,52.40,32.80,0.00,6.30,223.71
DQN_w04,33,car_flow_turn.2,car,28.40,52.60,24.20,0.00,8.60,291.86
DQN_w04,33,car_flow_north_E#18.4,car,30.80,53.40,22.60,0.00,6.88,222.96
DQN_w04,33,car_flow_turn.3,car,30.80,54.80,24.00,0.00,7.77,291.86
DQN_w04,33,car_flow_through.3,truck,25.20,55.80,30.60,0.00,6.52,215.71
DQN_w04,33,car_flow_north_E#18.5,car,33.00,57.40,24.40,0.00,5.86,222.96
DQN_w04,33,car_flow_South_Right.0,car,4.80,60.40,55.60,0.00,9.42,700.86
DQN_w04,33,car_flow_WEST_E#6.0,truck,1.80,60.60,58.80,26.60,37.43,206.25
DQN_w04,33,car_flow_south_E#15.0,car,2.00,61.60,59.60,0.00,4.42,795.72
DQN_w04,33,car_flow_south_E#18.0,bus,10.60,62.40,51.80,21.00,39.08,224.83
DQN_w04,33,car_flow_turn.4,car,33.00,63.40,30.40,2.00,12.51,291.86
DQN_w04,33,car_flow_WEST_E#6.1,car,7.40,64.00,56.60,21.80,37.61,214.25
DQN_w04,33,car_flow_WEST_E#6.2,car,12.40,66.00,53.60,17.80,35.29,214.25
DQN_w04,33,car_flow_turn.5,truck,36.40,66.20,29.80,0.00,12.83,283.86
DQN_w04,33,car_flow_south_E#18.1,car,30.60,67.20,36.60,4.00,21.44,232.83
DQN_w04,33,car_flow_south_E#15.4,car,21.40,68.00,46.60,0.00,6.75,795.72
DQN_w04,33,car_flow_south_E#18.2,car,35.20,68.20,33.00,0.00,19.24,232.83
DQN_w04,33,car_flow_north_E#18.6,car,40.00,68.60,28.60,1.00,12.36,222.96
DQN_w04,33,car_flow_south_E#15.1,truck,11.60,68.80,57.20,0.00,8.22,787.72
DQN_w04,33,car_flow_turn_E#13.0,truck,16.00,68.80,52.80,12.80,31.95,206.25
DQN_w04,33,car_flow_turn.6,truck,41.40,69.40,28.00,0.00,11.85,283.86
DQN_w04,33,car_flow_north_E#18.7,car,44.20,70.60,26.40,0.00,10.47,222.96
DQN_w04,33,car_flow_turn_E#13.1,car,19.20,72.20,53.00,10.80,33.93,214.25
DQN_w04,33,car_flow_E#10.0,car,8.80,72.60,63.80,2.40,15.13,888.90
DQN_w04,33,car_flow_south_E#15.2,car,17.00,72.60,55.60,0.00,5.81,795.72
DQN_w04,33,car_flow_south_E#15.3,car,19.20,75.60,56.40,0.00,5.65,795.72
DQN_w04,33,car_flow_turn_E#13.2,car,25.60,76.40,50.80,7.60,25.98,214.25
DQN_w04,33,car_flow_south_E#18.3,car,36.00,76.40,40.40,4.00,27.27,232.83
DQN_w04,33,car_flow_South_Right.1,car,18.00,76.80,58.80,0.00,9.14,700.86
DQN_w04,33,car_flow_south_left.2,car,49.00,77.60,28.60,0.00,6.80,541.79
DQN_w04,33,car_flow_WEST_E#6.3,car,27.80,78.40,50.60,5.80,30.50,214.25
DQN_w04,33,car_flow_South_Right.2,car,23.20,81.60,58.40,0.00,9.13,700.86
DQN_w04,33,car_flow_turn_E#13.3,car,30.00,82.00,52.00,4.20,25.94,214.25
DQN_w04,33,car_flow_south_left.3,car,54.00,82.60,28.60,0.00,7.13,541.79
DQN_w04,33,car_flow_WEST_E#6.4,car,32.20,84.00,51.80,2.80,32.03,214.25
DQN_w04,33,car_flow_south_E#15.5,bus,27.00,84.40,57.40,0.00,9.43,787.72
DQN_w04,33,car_flow_south_E#15.6,car,37.80,86.00,48.20,0.00,7.33,795.72
DQN_w04,33,car_flow_WEST_E#6.5,car,44.40,86.20,41.80,0.00,21.76,214.25
DQN_w04,33,car_flow_south_left.4,car,57.20,87.60,30.40,0.00,6.23,541.79
DQN_w04,33,car_flow_through.4,truck,46.40,88.20,41.80,3.40,19.46,215.71
DQN_w04,33,car_flow_south_left.5,car,59.40,89.00,29.60,0.00,7.92,541.79
DQN_w04,33,car_flow_north_E#18.8,car,58.00,89.40,31.40,0.00,12.58,222.96
DQN_w04,33,car_flow_north_E#18.9,car,62.40,91.20,28.80,0.00,13.73,222.96
DQN_w04,33,car_flow_through.5,car,49.60,92.00,42.40,0.00,19.06,223.71
DQN_w04,33,car_flow_turn.7,bus,56.40,92.20,35.80,0.00,18.56,283.86
DQN_w04,33,car_flow_through.6,car,52.00,94.20,42.20,0.00,18.68,223.71
DQN_w04,33,car_flow_south_left.6,car,63.80,94.60,30.80,0.00,5.70,541.79
DQN_w04,33,car_flow_South_Right.3,car,33.80,95.40,61.60,5.00,18.68,700.86
DQN_w04,33,car_flow_south_left.7,car,66.20,95.80,29.60,0.00,11.22,541.79
DQN_w04,33,car_flow_turn_E#15.4,car,59.80,99.80,40.00,0.00,11.45,223.71
DQN_w05,11,car_flow_north_E#18.0,truck,0.40,25.40,25.00,0.00,8.41,214.96
DQN_w05,11,car_flow_turn.0,car,2.40,26.80,24.40,0.00,5.41,291.86
DQN_w05,11,car_flow_turn_E#15.0,car,0.00,30.20,30.20,0.00,3.56,223.71
DQN_w05,11,car_flow_north_E#18.1,car,8.60,33.00,24.40,0.00,4.15,222.96
DQN_w05,11,car_flow_north_E#18.2,car,10.80,34.80,24.00,0.00,5.77,222.96
DQN_w05,11,car_flow_turn_E#15.1,car,9.00,38.00,29.00,0.00,3.55,223.71
DQN_w05,11,car_flow_north_E#18.3,truck,14.20,39.40,25.20,0.00,8.50,214.96
DQN_w05,11,car_flow_turn_E#15.2,car,12.60,41.20,28.60,0.00,3.98,223.71
DQN_w05,11,car_flow_turn_E#15.3,car,17.00,46.60,29.60,0.00,3.74,223.71
DQN_w05,11,car_flow_south_left.0,car,17.20,46.80,29.60,0.00,7.06,541.79
DQN_w05,11,car_flow_south_left.1,car,19.40,49.00,29.60,0.00,7.17,541.79
DQN_w05,11,car_flow_north_E#18.4,car,22.60,51.80,29.20,2.00,11.71,222.96
DQN_w05,11,car_flow_turn_E#15.4,car,22.80,52.20,29.40,0.00,4.22,223.71
DQN_w05,11,car_flow_turn.1,car,28.80,52.40,23.60,0.00,5.29,291.86
DQN_w05,11,car_flow_south_left.2,car,21.80,53.20,31.40,0.00,6.29,541.79
DQN_w05,11,car_flow_south_E#18.0,car,31.60,53.80,22.20,0.20,10.32,232.83
DQN_w05,11,car_flow_south_E#15.1,car,6.20,54.60,48.40,0.00,6.23,795.72
DQN_w05,11,car_flow_turn_E#15.5,car,25.00,55.80,30.80,0.00,4.33,223.71
DQN_w05,11,car_flow_south_E#15.0,car,3.80,56.00,52.20,0.00,5.80,795.72
DQN_w05,11,car_flow_E#10.0,car,1.60,57.00,55.40,0.00,5.84,888.90
DQN_w05,11,car_flow_north_E#18.5,car,29.40,57.20,27.80,0.00,9.37,222.96
DQN_w05,11,car_flow_WEST_E#6.0,car,0.00,57.80,57.80,28.80,37.79,214.25
DQN_w05,11,car_flow_turn_E#13.0,car,2.40,60.40,58.00,22.80,35.18,214.25
DQN_w05,11,car_flow_South_Right.0,car,7.80,60.40,52.60,0.00,9.46,700.86
DQN_w05,11,car_flow_south_left.3,car,29.00,60.40,31.40,0.00,5.76,541.79
DQN_w05,11,car_flow_south_left.4,car,32.00,62.00,30.00,0.00,8.54,541.79
DQN_w05,11,car_flow_WEST_E#6.1,car,4.80,63.00,58.20,20.60,34.58,214.25
DQN_w05,11,car_flow_south_left.5,car,34.20,63.40,29.20,0.00,8.31,541.79
DQN_w05,11,car_flow_turn_E#13.1,car,7.00,65.20,58.20,18.80,35.30,214.25
DQN_w05,11,car_flow_South_Right.1,car,14.20,65.20,51.00,0.00,9.91,700.86
DQN_w05,11,car_flow_WEST_E#6.2,car,12.40,67.60,55.20,15.60,33.40,214.25
DQN_w05,11,car_flow_south_left.6,car,38.80,68.80,30.00,0.00,9.68,541.79
DQN_w05,11,car_flow_turn_E#6.0,car,4.80,69.00,64.20,10.60,21.07,873.09
DQN_w05,11,car_flow_turn_E#15.6,truck,32.40,69.80,37.40,0.80,14.52,215.71
DQN_w05,11,car_flow_north_E#18.6,car,42.20,70.80,28.60,0.00,9.59,222.96
DQN_w05,11,car_flow_E#10.2,car,12.80,73.80,61.00,0.00,12.16,888.90
DQN_w05,11,car_flow_through.0,car,35.60,73.80,38.20,0.00,13.08,223.71
DQN_w05,11,car_flow_south_left.7,car,43.20,75.40,32.20,0.00,5.97,541.79
DQN_w05,11,car_flow_through.1,car,37.80,76.00,38.20,0.00,13.18,223.71
DQN_w05,11,car_flow_South_Right.2,car,21.60,76.20,54.60,0.00,10.26,700.86
DQN_w05,11,car_flow_south_E#15.2,bus,19.20,76.60,57.40,0.00,9.40,787.72
DQN_w05,11,car_flow_south_left.8,car,45.40,76.60,31.20,0.00,9.58,541.79
DQN_w05,11,car_flow_turn_E#15.7,car,40.00,78.20,38.20,0.00,14.79,223.71
DQN_w05,11,car_flow_South_Right.3,car,26.00,78.40,52.40,0.00,12.36,700.86
DQN_w05,11,car_flow_turn.2,car,44.60,78.80,34.20,0.00,17.65,291.86
DQN_w05,11,car_flow_turn_E#10.1,car,17.80,79.00,61.20,0.00,10.12,888.41
DQN_w05,11,car_flow_turn_E#15.8,car,42.40,80.40,38.00,2.00,18.02,223.71
DQN_w05,11,car_flow_turn_E#10.0,car,8.80,81.00,72.20,6.60,20.35,888.41
DQN_w05,11,car_flow_south_E#18.1,truck,60.40,84.20,23.80,0.00,10.74,224.83
DQN_w05,11,car_flow_turn_E#13.2,car,19.40,84.80,65.40,24.00,43.37,214.25
DQN_w05,11,car_flow_E#10.3,car,15.00,86.40,71.40,2.00,14.23,888.90
DQN_w05,11,car_flow_north_E#18.7,truck,50.60,86.60,36.00,5.60,19.08,214.96
DQN_w05,11,car_flow_turn_E#10.3,car,35.20,86.80,51.60,0.00,7.49,888.41
DQN_w05,11,car_flow_turn_E#13.3,car,22.40,87.00,64.60,18.20,42.70,214.25
DQN_w05,11,car_flow_south_E#15.3,car,25.00,87.20,62.20,0.00,10.17,795.72
DQN_w05,11,car_flow_south_E#15.5,car,32.60,88.60,56.00,0.00,10.14,795.72
DQN_w05,11,car_flow_south_E#15.4,car,27.20,89.00,61.80,0.00,9.69,795.72
DQN_w05,11,car_flow_turn_E#13.4,car,24.80,89.80,65.00,14.80,41.61,214.25
DQN_w05,11,car_flow_south_left.9,truck,53.20,90.00,36.80,0.00,12.63,533.79
DQN_w05,11,car_flow_south_left.10,car,58.40,91.40,33.00,0.00,9.21,541.79
DQN_w05,11,car_flow_WEST_E#6.3,truck,28.20,91.80,63.60,10.40,43.86,206.25
DQN_w05,11,car_flow_south_E#15.7,car,37.40,92.20,54.80,2.00,12.90,795.72
DQN_w05,11,car_flow_south_E#15.6,car,35.00,92.40,57.40,0.00,7.25,795.72
DQN_w05,11,car_flow_turn_E#10.2,car,28.20,95.40,67.20,2.20,14.25,888.41
DQN_w05,11,car_flow_E#10.1,car,8.40,95.80,87.40,13.00,23.87,888.90
DQN_w05,11,car_flow_through.2,truck,48.00,96.60,48.60,7.40,25.82,215.71
DQN_w05,11,car_flow_south_E#15.10,car,47.00,97.00,50.00,0.00,10.22,795.72
DQN_w05,11,car_flow_E#10.5,car,26.20,97.20,71.00,0.00,12.43,888.90
DQN_w05,11,car_flow_south_left.11,car,68.80,99.80,31.00,0.00,6.06,541.79
DQN_w05,22,car_flow_south_E#18.0,car,0.20,18.00,17.80,0.00,4.59,232.83
DQN_w05,22,car_flow_north_E#18.0,car,3.80,26.20,22.40,0.00,4.71,222.96
DQN_w05,22,car_flow_WEST_E#6.0,car,0.40,26.80,26.40,0.00,4.50,214.25
DQN_w05,22,car_flow_turn.0,truck,0.40,28.60,28.20,0.00,9.92,283.86
DQN_w05,22,car_flow_north_E#18.1,car,11.60,32.00,20.40,0.00,4.84,222.96
DQN_w05,22,car_flow_through.0,car,3.80,35.00,31.20,0.00,6.01,223.71
DQN_w05,22,car_flow_turn.1,car,6.00,37.40,31.40,4.00,14.42,291.86
DQN_w05,22,car_flow_turn_E#13.0,truck,4.00,38.20,34.20,2.00,13.04,206.25
DQN_w05,22,car_flow_south_left.0,truck,4.20,39.60,35.40,0.00,14.34,533.79
DQN_w05,22,car_flow_north_E#18.2,car,13.80,40.60,26.80,3.40,11.18,222.96
DQN_w05,22,car_flow_south_E#18.1,truck,2.00,41.20,39.20,9.80,26.57,224.83
DQN_w05,22,car_flow_WEST_E#6.1,truck,8.80,41.80,33.00,0.00,12.86,206.25
DQN_w05,22,car_flow_turn.2,car,10.40,42.40,32.00,0.00,13.15,291.86
DQN_w05,22,car_flow_turn.3,car,14.80,44.60,29.80,0.00,12.52,291.86
DQN_w05,22,car_flow_turn_E#15.0,car,8.20,45.40,37.20,0.20,14.15,223.71
DQN_w05,22,car_flow_turn.4,car,17.00,46.60,29.60,0.00,11.97,291.86
DQN_w05,22,car_flow_north_E#18.3,truck,19.40,47.00,27.60,0.00,10.03,214.96
DQN_w05,22,car_flow_north_E#18.4,car,22.80,49.00,26.20,0.00,8.72,222.96
DQN_w05,22,car_flow_turn_E#15.1,car,12.60,49.60,37.00,0.00,10.91,223.71
DQN_w05,22,car_flow_turn.5,car,21.40,49.80,28.40,0.00,10.77,291.86
DQN_w05,22,car_flow_turn_E#15.2,car,19.20,51.60,32.40,0.00,11.98,223.71
DQN_w05,22,car_flow_south_E#18.2,car,18.40,52.60,34.20,9.20,21.24,232.83
DQN_w05,22,car_flow_north_E#18.5,car,25.00,54.40,29.40,0.00,6.09,222.96
DQN_w05,22,car_flow_WEST_E#6.2,car,12.00,54.60,42.60,7.60,22.01,214.25
DQN_w05,22,car_flow_south_left.1,car,25.60,55.00,29.40,0.00,9.45,541.79
DQN_w05,22,car_flow_north_E#18.6,car,27.20,55.80,28.60,0.00,10.89,222.96
DQN_w05,22,car_flow_WEST_E#6.3,car,18.40,57.20,38.80,3.80,17.24,214.25
DQN_w05,22,car_flow_north_E#18.7,car,29.60,57.20,27.60,0.00,10.75,222.96
DQN_w05,22,car_flow_south_left.2,car,27.80,58.20,30.40,0.00,6.75,541.79
DQN_w05,22,car_flow_WEST_E#6.4,car,20.60,59.20,38.60,1.60,18.80,214.25
DQN_w05,22,car_flow_South_Right.0,car,0.20,60.20,60.00,3.60,16.21,700.86
DQN_w05,22,car_flow_turn_E#15.3,car,26.00,61.80,35.80,2.60,13.85,223.71
DQN_w05,22,car_flow_north_E#18.8,car,31.80,64.20,32.40,3.00,13.13,222.96
DQN_w05,22,car_flow_north_E#18.9,car,34.00,65.80,31.80,0.00,14.86,222.96
DQN_w05,22,car_flow_through.1,truck,29.40,66.20,36.80,0.00,11.54,215.71
DQN_w05,22,car_flow_turn_E#10.1,car,11.60,66.40,54.80,0.00,6.53,888.41
DQN_w05,22,car_flow_south_E#18.3,car,41.20,66.60,25.40,3.20,11.39,232.83
DQN_w05,22,car_flow_turn_E#10.0,car,6.00,67.80,61.80,0.00,12.35,888.41
DQN_w05,22,car_flow_turn.6,car,35.20,68.20,33.00,2.00,12.89,291.86
DQN_w05,22,car_flow_turn_E#13.1,car,23.00,71.00,48.00,8.20,27.04,214.25
DQN_w05,22,car_flow_E#10.0,car,16.20,74.20,58.00,0.00,12.43,888.90
DQN_w05,22,car_flow_turn_E#15.4,car,37.60,75.60,38.00,0.00,14.14,223.71
DQN_w05,22,car_flow_south_E#18.4,car,42.20,77.40,35.20,9.20,21.25,232.83
DQN_w05,22,car_flow_south_E#18.5,car,43.80,78.60,34.80,3.20,22.71,232.83
DQN_w05,22,car_flow_south_E#15.0,car,16.00,79.00,63.00,0.00,9.01,795.72
DQN_w05,22,car_flow_WEST_E#6.5,car,25.20,79.80,54.60,9.80,32.85,214.25
DQN_w05,22,car_flow_turn.7,truck,41.00,82.00,41.00,3.40,24.84,283.86
DQN_w05,22,car_flow_turn_E#13.2,car,30.40,82.00,51.60,5.80,32.03,214.25
DQN_w05,22,car_flow_north_E#18.10,car,45.20,82.00,36.80,0.60,21.16,222.96
DQN_w05,22,car_flow_north_E#18.11,car,47.60,84.40,36.80,0.00,21.02,222.96
DQN_w05,22,car_flow_turn_E#15.5,car,44.40,86.00,41.60,0.00,18.68,223.71
DQN_w05,22,car_flow_north_E#18.12,car,52.00,87.20,35.20,0.00,19.04,222.96
DQN_w05,22,car_flow_turn_E#6.0,car,23.80,87.60,63.80,5.80,15.02,873.09
DQN_w05,22,car_flow_through.2,car,46.80,88.20,41.40,0.00,19.31,223.71
DQN_w05,22,car_flow_north_E#18.13,car,54.60,89.20,34.60,0.00,19.02,222.96
DQN_w05,22,car_flow_through.3,car,49.00,90.20,41.20,0.00,19.33,223.71
DQN_w05,22,car_flow_turn.8,car,56.00,91.80,35.80,0.00,14.48,291.86
DQN_w05,22,car_flow_turn_E#10.3,truck,17.40,92.20,74.80,4.80,25.15,880.41
DQN_w05,22,car_flow_south_left.3,car,63.40,92.40,29.00,0.00,7.31,541.79
DQN_w05,22,car_flow_turn_E#15.6,truck,52.60,93.40,40.80,0.00,16.77,215.71
DQN_w05,22,car_flow_north_E#18.14,car,60.00,93.40,33.40,0.00,15.67,222.96
DQN_w05,22,car_flow_south_E#18.6,car,54.40,94.00,39.60,11.20,26.42,232.83
DQN_w05,22,car_flow_south_left.4,car,66.00,95.20,29.20,0.00,7.12,541.79
DQN_w05,22,car_flow_turn_E#10.2,car,13.80,95.80,82.00,18.20,27.98,888.41
DQN_w05,22,car_flow_WEST_E#6.6,car,32.60,97.40,64.80,14.80,43.04,214.25
DQN_w05,22,car_flow_South_Right.1,car,38.80,97.60,58.80,1.00,14.01,700.86
DQN_w05,22,car_flow_E#10.2,car,30.00,98.20,68.20,6.40,23.55,888.90
DQN_w05,22,car_flow_WEST_E#6.7,car,35.20,99.80,64.60,9.80,43.18,214.25
DQN_w05,33,car_flow_north_E#18.0,car,4.20,27.20,23.00,0.00,6.78,222.96
DQN_w05,33,car_flow_turn_E#15.0,truck,0.00,29.60,29.60,0.00,6.93,215.71
DQN_w05,33,car_flow_north_E#18.1,car,7.20,29.60,22.40,0.00,6.15,222.96
DQN_w05,33,car_flow_turn.0,truck,5.00,33.20,28.20,0.00,9.66,283.86
DQN_w05,33,car_flow_north_E#18.2,car,14.80,37.00,22.20,0.00,6.89,222.96
DQN_w05,33,car_flow_through.0,car,8.20,39.40,31.20,0.00,6.03,223.71
DQN_w05,33,car_flow_turn_E#15.1,car,10.60,41.40,30.80,0.00,8.90,223.71
DQN_w05,33,car_flow_south_left.0,car,11.60,41.40,29.80,0.00,6.16,541.79
DQN_w05,33,car_flow_through.1,car,13.00,48.60,35.60,1.80,10.14,223.71
DQN_w05,33,car_flow_south_left.1,car,19.80,48.60,28.80,0.00,7.10,541.79
DQN_w05,33,car_flow_turn_E#15.2,car,15.20,50.80,35.60,0.00,12.51,223.71
DQN_w05,33,car_flow_turn_E#15.3,car,17.40,52.80,35.40,0.00,12.72,223.71
DQN_w05,33,car_flow_turn.1,car,21.80,54.00,32.20,0.00,14.03,291.86
DQN_w05,33,car_flow_through.2,car,19.60,58.80,39.20,2.20,12.81,223.71
DQN_w05,33,car_flow_north_E#18.3,car,24.00,60.60,36.60,0.80,18.12,222.96
DQN_w05,33,car_flow_WEST_E#6.0,truck,1.80,61.40,59.60,27.40,38.21,206.25
DQN_w05,33,car_flow_south_E#15.0,car,2.00,62.80,60.80,0.00,5.56,795.72
DQN_w05,33,car_flow_south_E#18.0,bus,10.60,63.20,52.60,21.80,39.89,224.83
DQN_w05,33,car_flow_South_Right.0,car,4.80,64.80,60.00,1.20,13.73,700.86
DQN_w05,33,car_flow_WEST_E#6.1,car,7.40,64.80,57.40,22.60,38.40,214.25
DQN_w05,33,car_flow_WEST_E#6.2,car,12.40,66.80,54.40,18.60,36.10,214.25
DQN_w05,33,car_flow_turn.2,car,28.40,67.80,39.40,3.60,23.90,291.86
DQN_w05,33,car_flow_south_E#15.1,truck,11.60,68.60,57.00,0.00,8.07,787.72
DQN_w05,33,car_flow_turn.3,car,30.80,69.40,38.60,1.60,22.50,291.86
DQN_w05,33,car_flow_through.3,truck,25.20,71.40,46.20,7.00,22.18,215.71
DQN_w05,33,car_flow_south_E#18.1,car,30.80,72.60,41.80,9.20,26.70,232.83
DQN_w05,33,car_flow_north_E#18.4,car,31.00,73.20,42.20,0.00,26.43,222.96
DQN_w05,33,car_flow_south_E#18.2,car,35.60,73.80,38.20,3.00,24.29,232.83
DQN_w05,33,car_flow_E#10.0,car,8.80,74.60,65.80,2.40,17.12,888.90
DQN_w05,33,car_flow_E#10.1,car,15.60,75.00,59.40,0.00,12.84,888.90
DQN_w05,33,car_flow_turn_E#13.0,truck,16.00,76.40,60.40,17.40,39.56,206.25
DQN_w05,33,car_flow_South_Right.1,car,18.00,76.80,58.80,0.00,9.08,700.86
DQN_w05,33,car_flow_turn.4,car,33.00,77.60,44.60,3.00,26.71,291.86
DQN_w05,33,car_flow_south_left.2,car,49.00,77.60,28.60,0.00,6.80,541.79
DQN_w05,33,car_flow_turn_E#10.1,car,9.40,78.80,69.40,1.00,14.75,888.41
DQN_w05,33,car_flow_south_E#18.3,car,35.80,79.60,43.80,3.60,30.67,232.83
DQN_w05,33,car_flow_south_E#15.2,car,17.20,79.80,62.60,5.40,12.81,795.72
DQN_w05,33,car_flow_turn_E#13.1,car,19.20,79.80,60.60,12.60,41.54,214.25
DQN_w05,33,car_flow_south_E#18.4,car,51.00,80.80,29.80,0.00,17.67,232.83
DQN_w05,33,car_flow_turn_E#10.0,car,7.00,82.20,75.20,3.40,17.08,888.41
DQN_w05,33,car_flow_turn.5,truck,36.40,82.60,46.20,0.00,29.31,283.86
DQN_w05,33,car_flow_south_left.3,car,54.00,82.60,28.60,0.00,7.13,541.79
DQN_w05,33,car_flow_south_E#15.4,car,21.80,82.80,61.00,4.80,21.31,795.72
DQN_w05,33,car_flow_south_E#15.3,car,19.60,83.40,63.80,0.80,13.08,795.72
DQN_w05,33,car_flow_north_E#18.5,car,33.20,83.60,50.40,3.60,32.05,222.96
DQN_w05,33,car_flow_turn_E#13.2,car,25.60,84.00,58.40,8.40,33.59,214.25
DQN_w05,33,car_flow_turn_E#10.3,car,17.80,85.00,67.20,2.00,19.54,888.41
DQN_w05,33,car_flow_WEST_E#6.3,car,27.80,86.00,58.20,6.60,38.04,214.25
DQN_w05,33,car_flow_south_left.4,car,57.20,87.60,30.40,0.00,6.23,541.79
DQN_w05,33,car_flow_South_Right.2,car,23.20,88.00,64.80,3.40,15.50,700.86
DQN_w05,33,car_flow_south_left.5,car,59.40,89.00,29.60,0.00,7.92,541.79
DQN_w05,33,car_flow_turn_E#10.2,car,11.80,89.60,77.80,4.40,24.02,888.41
DQN_w05,33,car_flow_turn_E#13.3,car,30.00,89.60,59.60,5.00,33.42,214.25
DQN_w05,33,car_flow_north_E#18.6,car,40.40,91.20,50.80,3.20,34.55,222.96
DQN_w05,33,car_flow_WEST_E#6.4,car,32.20,91.60,59.40,3.60,39.58,214.25
DQN_w05,33,car_flow_turn.6,truck,41.40,92.00,50.60,2.00,34.60,283.86
DQN_w05,33,car_flow_north_E#18.7,car,44.20,93.40,49.20,0.40,33.21,222.96
DQN_w05,33,car_flow_WEST_E#6.5,car,44.40,93.60,49.20,0.00,29.24,214.25
DQN_w05,33,car_flow_south_left.6,car,63.80,94.60,30.80,0.00,5.70,541.79
DQN_w05,33,car_flow_south_left.7,car,66.20,95.80,29.60,0.00,11.22,541.79
DQN_w05,33,car_flow_turn_E#10.4,car,20.00,96.00,76.00,3.80,27.68,888.41
DQN_w05,33,car_flow_through.4,truck,46.40,96.40,50.00,0.00,27.58,215.71
DQN_w05,33,car_flow_north_E#18.8,car,60.00,98.60,38.60,0.00,19.79,222.96
DQN_w06,11,car_flow_north_E#18.0,truck,0.40,25.40,25.00,0.00,8.41,214.96
DQN_w06,11,car_flow_turn.0,car,2.40,26.80,24.40,0.00,5.41,291.86
DQN_w06,11,car_flow_turn_E#15.0,car,0.00,30.20,30.20,0.00,3.56,223.71
DQN_w06,11,car_flow_north_E#18.1,car,8.60,33.00,24.40,0.00,4.15,222.96
DQN_w06,11,car_flow_north_E#18.2,car,10.80,34.80,24.00,0.00,5.77,222.96
DQN_w06,11,car_flow_turn_E#15.1,car,9.00,38.00,29.00,0.00,3.55,223.71
DQN_w06,11,car_flow_north_E#18.3,truck,14.20,39.40,25.20,0.00,8.50,214.96
DQN_w06,11,car_flow_WEST_E#6.0,car,0.00,40.00,40.00,11.40,19.93,214.25
DQN_w06,11,car_flow_turn_E#13.0,car,2.40,42.60,40.20,5.40,17.43,214.25
DQN_w06,11,car_flow_WEST_E#6.1,car,4.80,45.20,40.40,3.20,16.96,214.25
DQN_w06,11,car_flow_south_left.0,car,17.20,46.80,29.60,0.00,7.06,541.79
DQN_w06,11,car_flow_turn_E#15.2,car,12.60,47.80,35.20,5.00,10.59,223.71
DQN_w06,11,car_flow_south_left.1,car,19.40,49.00,29.60,0.00,7.17,541.79
DQN_w06,11,car_flow_north_E#18.4,car,22.60,50.20,27.60,0.00,10.03,222.96
DQN_w06,11,car_flow_turn_E#15.3,car,17.00,51.00,34.00,0.00,7.97,223.71
DQN_w06,11,car_flow_turn.1,car,28.80,52.60,23.80,0.00,5.33,291.86
DQN_w06,11,car_flow_south_left.2,car,21.80,53.20,31.40,0.00,6.29,541.79
DQN_w06,11,car_flow_turn_E#15.4,car,22.80,53.20,30.40,0.00,5.22,223.71
DQN_w06,11,car_flow_south_E#15.1,car,6.20,54.60,48.40,0.00,6.21,795.72
DQN_w06,11,car_flow_south_E#18.0,car,31.60,55.60,24.00,2.00,12.13,232.83
DQN_w06,11,car_flow_south_E#15.0,car,3.80,56.00,52.20,0.00,5.76,795.72
DQN_w06,11,car_flow_north_E#18.5,car,29.40,56.00,26.60,0.00,8.16,222.96
DQN_w06,11,car_flow_turn_E#15.5,car,25.00,56.40,31.40,0.00,5.08,223.71
DQN_w06,11,car_flow_South_Right.0,car,7.80,60.40,52.60,0.00,9.46,700.86
DQN_w06,11,car_flow_south_left.3,car,29.00,60.40,31.40,0.00,5.76,541.79
DQN_w06,11,car_flow_turn_E#15.6,truck,32.20,62.00,29.80,0.00,7.02,215.71
DQN_w06,11,car_flow_south_left.4,car,32.00,62.00,30.00,0.00,8.54,541.79
DQN_w06,11,car_flow_south_left.5,car,34.20,63.40,29.20,0.00,8.31,541.79
DQN_w06,11,car_flow_north_E#18.6,car,41.00,65.60,24.60,0.00,5.52,222.96
DQN_w06,11,car_flow_turn_E#6.0,car,4.80,66.80,62.00,8.40,18.87,873.09
DQN_w06,11,car_flow_through.0,car,35.40,66.80,31.40,0.00,6.38,223.71
DQN_w06,11,car_flow_South_Right.1,car,14.20,67.00,52.80,0.00,11.88,700.86
DQN_w06,11,car_flow_E#10.0,car,1.60,67.80,66.20,4.40,16.47,888.90
DQN_w06,11,car_flow_E#10.2,car,12.80,68.00,55.20,0.00,6.45,888.90
DQN_w06,11,car_flow_south_left.6,car,38.80,68.80,30.00,0.00,9.68,541.79
DQN_w06,11,car_flow_through.1,car,37.80,69.40,31.60,0.00,6.49,223.71
DQN_w06,11,car_flow_turn_E#15.7,car,40.20,71.60,31.40,0.00,7.87,223.71
DQN_w06,11,car_flow_turn.2,car,44.60,73.40,28.80,0.00,12.29,291.86
DQN_w06,11,car_flow_turn_E#10.0,car,8.80,74.60,65.80,1.60,13.91,888.41
DQN_w06,11,car_flow_turn_E#15.8,car,42.40,75.40,33.00,2.20,12.85,223.71
DQN_w06,11,car_flow_south_left.7,car,43.20,75.40,32.20,0.00,5.97,541.79
DQN_w06,11,car_flow_south_left.8,car,45.40,76.60,31.20,0.00,9.58,541.79
DQN_w06,11,car_flow_turn.3,car,51.40,79.20,27.80,0.00,7.91,291.86
DQN_w06,11,car_flow_north_E#18.7,truck,49.20,80.00,30.80,0.20,14.07,214.96
DQN_w06,11,car_flow_through.2,truck,48.20,80.00,31.80,0.00,9.11,215.71
DQN_w06,11,car_flow_turn.4,car,53.60,80.60,27.00,0.00,9.10,291.86
DQN_w06,11,car_flow_south_E#15.2,bus,19.20,80.80,61.60,0.00,13.65,787.72
DQN_w06,11,car_flow_South_Right.2,car,21.60,83.00,61.40,3.60,16.98,700.86
DQN_w06,11,car_flow_E#10.1,car,8.40,83.60,75.20,2.00,11.72,888.90
DQN_w06,11,car_flow_South_Right.3,car,26.00,84.20,58.20,0.00,18.21,700.86
DQN_w06,11,car_flow_south_E#18.1,truck,59.00,84.40,25.40,0.00,12.26,224.83
DQN_w06,11,car_flow_turn_E#13.1,car,7.00,84.80,77.80,37.60,54.94,214.25
DQN_w06,11,car_flow_south_E#15.3,car,25.00,85.80,60.80,0.00,8.75,795.72
DQN_w06,11,car_flow_south_E#15.5,car,31.80,85.80,54.00,0.00,8.21,795.72
DQN_w06,11,car_flow_E#10.3,car,15.00,86.00,71.00,1.20,13.75,888.90
DQN_w06,11,car_flow_E#10.4,car,24.00,86.20,62.20,0.00,13.13,888.90
DQN_w06,11,car_flow_south_E#15.7,car,36.40,87.00,50.60,0.00,8.82,795.72
DQN_w06,11,car_flow_WEST_E#6.2,car,12.40,87.20,74.80,33.20,53.00,214.25
DQN_w06,11,car_flow_south_E#15.4,car,27.20,87.80,60.60,0.00,8.45,795.72
DQN_w06,11,car_flow_turn_E#13.2,car,19.40,89.40,70.00,31.40,48.08,214.25
DQN_w06,11,car_flow_south_left.9,truck,53.20,90.00,36.80,0.00,12.63,533.79
DQN_w06,11,car_flow_south_E#18.2,truck,68.40,90.20,21.80,0.00,8.41,224.83
DQN_w06,11,car_flow_south_E#15.6,car,34.20,91.20,57.00,0.00,7.01,795.72
DQN_w06,11,car_flow_south_left.10,car,58.40,91.40,33.00,0.00,9.21,541.79
DQN_w06,11,car_flow_turn_E#13.3,car,22.40,91.80,69.40,29.80,47.39,214.25
DQN_w06,11,car_flow_E#10.5,car,26.20,92.00,65.80,0.00,7.23,888.90
DQN_w06,11,car_flow_south_E#15.10,car,45.60,92.40,46.80,0.00,7.01,795.72
DQN_w06,11,car_flow_E#10.7,car,41.00,92.60,51.60,0.00,6.74,888.90
DQN_w06,11,car_flow_turn_E#13.4,car,24.80,94.40,69.60,28.20,46.26,214.25
DQN_w06,11,car_flow_WEST_E#6.3,truck,28.20,96.60,68.40,25.80,48.51,206.25
DQN_w06,11,car_flow_south_E#15.8,car,38.80,96.80,58.00,0.00,5.84,795.72
DQN_w06,11,car_flow_south_left.11,car,68.80,99.80,31.00,0.00,6.06,541.79
DQN_w06,22,car_flow_south_E#18.0,car,0.20,19.20,19.00,0.00,5.79,232.83
DQN_w06,22,car_flow_north_E#18.0,car,3.80,25.80,22.00,0.00,4.32,222.96
DQN_w06,22,car_flow_WEST_E#6.0,car,0.40,26.80,26.40,0.00,4.50,214.25
DQN_w06,22,car_flow_south_E#18.1,truck,2.00,31.80,29.80,0.40,17.07,224.83
DQN_w06,22,car_flow_turn_E#13.0,truck,4.00,32.60,28.60,0.00,7.51,206.25
DQN_w06,22,car_flow_WEST_E#6.1,truck,8.80,37.40,28.60,0.00,8.50,206.25
DQN_w06,22,car_flow_south_E#18.2,car,18.20,37.60,19.40,0.00,6.41,232.83
DQN_w06,22,car_flow_south_left.0,truck,4.20,39.60,35.40,0.00,14.34,533.79
DQN_w06,22,car_flow_WEST_E#6.2,car,12.00,41.20,29.20,0.00,8.51,214.25
DQN_w06,22,car_flow_north_E#18.1,car,11.60,41.20,29.60,4.60,13.85,222.96
DQN_w06,22,car_flow_turn.0,truck,0.40,42.20,41.80,9.20,23.38,283.86
DQN_w06,22,car_flow_north_E#18.2,car,13.80,43.00,29.20,0.00,13.61,222.96
DQN_w06,22,car_flow_turn.1,car,6.00,43.80,37.80,3.20,20.86,291.86
DQN_w06,22,car_flow_through.0,car,3.80,47.20,43.40,5.40,18.25,223.71
DQN_w06,22,car_flow_north_E#18.3,truck,19.40,48.80,29.40,0.00,11.88,214.96
DQN_w06,22,car_flow_turn_E#15.0,car,8.20,49.40,41.20,1.20,18.21,223.71
DQN_w06,22,car_flow_north_E#18.4,car,22.60,50.80,28.20,0.00,10.71,222.96
DQN_w06,22,car_flow_WEST_E#6.3,car,18.40,52.40,34.00,4.80,12.42,214.25
DQN_w06,22,car_flow_turn.2,car,10.40,52.80,42.40,3.80,23.56,291.86
DQN_w06,22,car_flow_WEST_E#6.4,car,20.60,54.40,33.80,0.40,13.98,214.25
DQN_w06,22,car_flow_south_left.1,car,25.60,55.00,29.40,0.00,9.45,541.79
DQN_w06,22,car_flow_turn.3,car,14.80,55.20,40.40,0.00,23.11,291.86
DQN_w06,22,car_flow_turn.4,car,17.00,57.00,40.00,0.00,22.39,291.86
DQN_w06,22,car_flow_south_left.2,car,27.80,58.20,30.40,0.00,6.75,541.79
DQN_w06,22,car_flow_turn_E#15.1,car,12.60,60.00,47.40,1.40,21.39,223.71
DQN_w06,22,car_flow_turn.5,car,21.40,60.20,38.80,0.00,20.97,291.86
DQN_w06,22,car_flow_north_E#18.5,car,24.80,60.60,35.80,2.60,12.42,222.96
DQN_w06,22,car_flow_north_E#18.6,car,27.20,62.00,34.80,0.00,16.88,222.96
DQN_w06,22,car_flow_turn_E#15.2,car,19.20,62.20,43.00,0.00,22.40,223.71
DQN_w06,22,car_flow_north_E#18.7,car,29.80,63.20,33.40,0.00,16.68,222.96
DQN_w06,22,car_flow_north_E#18.8,car,32.20,65.40,33.20,0.00,13.83,222.96
DQN_w06,22,car_flow_turn_E#10.0,car,6.00,65.60,59.60,0.00,10.26,888.41
DQN_w06,22,car_flow_turn_E#15.3,car,25.40,65.60,40.20,0.00,18.23,223.71
DQN_w06,22,car_flow_turn_E#10.1,car,11.60,66.40,54.80,0.00,6.44,888.41
DQN_w06,22,car_flow_north_E#18.9,car,34.60,66.80,32.20,0.00,15.45,222.96
DQN_w06,22,car_flow_turn.6,car,34.40,67.20,32.80,0.00,12.73,291.86
DQN_w06,22,car_flow_north_E#18.10,car,45.80,69.40,23.60,0.00,7.95,222.96
DQN_w06,22,car_flow_through.1,truck,28.80,69.80,41.00,0.00,15.65,215.71
DQN_w06,22,car_flow_turn.7,truck,40.60,71.60,31.00,0.00,14.89,283.86
DQN_w06,22,car_flow_north_E#18.11,car,48.00,71.80,23.80,0.00,8.09,222.96
DQN_w06,22,car_flow_south_E#18.3,car,41.80,73.40,31.60,9.40,17.36,232.83
DQN_w06,22,car_flow_turn_E#15.4,car,37.00,73.60,36.60,0.00,12.75,223.71
DQN_w06,22,car_flow_south_E#18.4,car,42.00,74.60,32.60,5.00,18.55,232.83
DQN_w06,22,car_flow_South_Right.0,car,0.20,75.60,75.40,18.80,31.48,700.86
DQN_w06,22,car_flow_E#10.0,car,16.20,76.00,59.80,0.60,14.26,888.90
DQN_w06,22,car_flow_turn_E#13.1,car,23.00,76.00,53.00,18.00,31.88,214.25
DQN_w06,22,car_flow_WEST_E#6.5,car,25.40,78.40,53.00,15.00,31.10,214.25
DQN_w06,22,car_flow_turn_E#13.2,car,30.40,80.40,50.00,13.20,30.57,214.25
DQN_w06,22,car_flow_south_E#15.0,car,16.00,80.80,64.80,0.00,10.81,795.72
DQN_w06,22,car_flow_turn_E#10.4,car,20.60,82.60,62.00,0.00,14.47,888.41
DQN_w06,22,car_flow_turn_E#15.5,car,44.00,83.00,39.00,1.60,16.21,223.71
DQN_w06,22,car_flow_north_E#18.12,car,52.60,83.00,30.40,2.80,14.23,222.96
DQN_w06,22,car_flow_north_E#18.13,car,55.60,85.00,29.40,0.00,13.63,222.96
DQN_w06,22,car_flow_through.2,car,46.40,85.20,38.80,0.00,16.75,223.71
DQN_w06,22,car_flow_turn_E#10.3,truck,17.40,86.00,68.60,0.00,19.11,880.41
DQN_w06,22,car_flow_turn_E#10.2,car,13.80,87.00,73.20,9.80,19.24,888.41
DQN_w06,22,car_flow_through.3,car,48.60,87.40,38.80,0.00,16.77,223.71
DQN_w06,22,car_flow_turn.8,car,55.40,88.80,33.40,0.00,11.98,291.86
DQN_w06,22,car_flow_north_E#18.14,car,60.00,88.80,28.80,0.00,10.98,222.96
DQN_w06,22,car_flow_turn_E#15.6,truck,52.00,90.40,38.40,0.00,14.34,215.71
DQN_w06,22,car_flow_north_E#18.15,car,64.40,91.60,27.20,0.00,10.03,222.96
DQN_w06,22,car_flow_south_left.3,car,63.40,92.40,29.00,0.00,7.31,541.79
DQN_w06,22,car_flow_south_E#15.2,car,39.20,93.60,54.40,0.00,13.23,795.72
DQN_w06,22,car_flow_through.4,car,57.80,93.80,36.00,0.00,14.01,223.71
DQN_w06,22,car_flow_north_E#18.16,car,66.60,93.80,27.20,0.00,10.47,222.96
DQN_w06,22,car_flow_turn.9,truck,63.60,94.80,31.20,0.00,13.87,283.86
DQN_w06,22,car_flow_south_left.4,car,66.00,95.20,29.20,0.00,7.12,541.79
DQN_w06,22,car_flow_north_E#18.17,car,69.00,96.60,27.60,0.00,9.76,222.96
DQN_w06,22,car_flow_through.5,car,60.00,97.80,37.80,0.00,11.98,223.71
DQN_w06,22,car_flow_north_E#18.18,car,71.80,99.00,27.20,0.00,9.36,222.96
DQN_w06,22,car_flow_south_E#15.1,car,37.00,99.40,62.40,0.00,12.58,795.72
DQN_w06,33,car_flow_WEST_E#6.0,truck,1.80,31.00,29.20,0.00,7.75,206.25
DQN_w06,33,car_flow_WEST_E#6.1,car,7.40,34.40,27.00,0.00,7.93,214.25
DQN_w06,33,car_flow_north_E#18.0,car,4.20,36.40,32.20,6.40,15.97,222.96
DQN_w06,33,car_flow_north_E#18.1,car,7.20,38.40,31.20,1.40,15.05,222.96
DQN_w06,33,car_flow_turn_E#15.0,truck,0.00,38.80,38.80,3.20,16.27,215.71
DQN_w06,33,car_flow_turn.0,truck,5.00,39.00,34.00,0.00,15.58,283.86
DQN_w06,33,car_flow_south_left.0,car,11.60,41.40,29.80,0.00,6.16,541.79
DQN_w06,33,car_flow_north_E#18.2,car,14.80,42.00,27.20,0.00,11.74,222.96
DQN_w06,33,car_flow_through.0,car,8.20,45.20,37.00,0.00,11.78,223.71
DQN_w06,33,car_flow_WEST_E#6.2,car,12.40,47.00,34.60,6.20,16.37,214.25
DQN_w06,33,car_flow_south_left.1,car,19.80,48.60,28.80,0.00,7.10,541.79
DQN_w06,33,car_flow_turn_E#15.1,car,10.60,51.40,40.80,4.20,18.92,223.71
DQN_w06,33,car_flow_through.1,car,13.00,55.40,42.40,1.20,16.94,223.71
DQN_w06,33,car_flow_north_E#18.3,car,24.80,55.40,30.60,0.00,12.03,222.96
DQN_w06,33,car_flow_turn.1,car,22.20,57.20,35.00,0.00,16.73,291.86
DQN_w06,33,car_flow_turn_E#15.2,car,15.20,57.60,42.40,0.00,19.31,223.71
DQN_w06,33,car_flow_north_E#18.4,car,33.00,58.00,25.00,0.00,9.34,222.96
DQN_w06,33,car_flow_turn_E#15.3,car,17.40,59.60,42.20,0.00,19.53,223.71
DQN_w06,33,car_flow_south_E#15.0,car,2.00,61.80,59.80,0.00,4.44,795.72
DQN_w06,33,car_flow_north_E#18.5,car,35.40,61.80,26.40,0.00,7.95,222.96
DQN_w06,33,car_flow_through.2,car,19.80,63.00,43.20,0.00,16.65,223.71
DQN_w06,33,car_flow_E#10.0,car,8.80,63.80,55.00,0.00,6.36,888.90
DQN_w06,33,car_flow_South_Right.0,car,4.80,64.60,59.80,1.20,13.73,700.86
DQN_w06,33,car_flow_through.3,truck,25.60,65.20,39.60,0.00,15.47,215.71
DQN_w06,33,car_flow_turn_E#13.0,truck,16.00,69.40,53.40,17.60,32.58,206.25
DQN_w06,33,car_flow_turn_E#10.0,car,7.00,70.60,63.60,0.00,5.52,888.41
DQN_w06,33,car_flow_turn.2,car,29.00,72.60,43.60,8.20,28.18,291.86
DQN_w06,33,car_flow_turn_E#13.1,car,19.20,72.80,53.60,14.80,34.55,214.25
DQN_w06,33,car_flow_south_E#15.1,truck,11.60,73.40,61.80,0.00,12.91,787.72
DQN_w06,33,car_flow_south_E#18.0,bus,10.60,74.20,63.60,32.20,50.76,224.83
DQN_w06,33,car_flow_turn.3,car,31.20,74.80,43.60,4.60,27.40,291.86
DQN_w06,33,car_flow_south_E#18.1,car,32.80,75.60,42.80,11.40,27.87,232.83
DQN_w06,33,car_flow_north_E#18.6,car,42.60,76.00,33.40,10.00,17.06,222.96
DQN_w06,33,car_flow_turn.4,car,33.40,76.40,43.00,2.80,25.08,291.86
DQN_w06,33,car_flow_south_E#18.2,car,37.80,76.80,39.00,7.60,25.22,232.83
DQN_w06,33,car_flow_south_E#15.2,car,17.00,77.00,60.00,0.00,10.33,795.72
DQN_w06,33,car_flow_turn_E#13.2,car,25.60,77.00,51.40,12.00,26.64,214.25
DQN_w06,33,car_flow_south_left.2,car,49.00,77.60,28.60,0.00,6.80,541.79
DQN_w06,33,car_flow_south_E#18.3,car,38.00,77.80,39.80,6.20,26.66,232.83
DQN_w06,33,car_flow_north_E#18.7,car,44.80,78.00,33.20,5.00,17.36,222.96
DQN_w06,33,car_flow_E#10.1,car,15.60,79.00,63.40,4.80,16.82,888.90
DQN_w06,33,car_flow_WEST_E#6.3,car,27.80,79.00,51.20,10.40,31.02,214.25
DQN_w06,33,car_flow_turn_E#10.2,car,11.80,81.20,69.40,3.80,15.63,888.41
DQN_w06,33,car_flow_turn_E#10.1,car,9.40,81.60,72.20,7.80,17.63,888.41
DQN_w06,33,car_flow_turn_E#10.4,car,20.00,82.60,62.60,0.00,14.31,888.41
DQN_w06,33,car_flow_turn_E#13.3,car,30.00,82.60,52.60,8.80,26.45,214.25
DQN_w06,33,car_flow_south_E#18.4,car,51.00,82.60,31.60,2.60,19.54,232.83
DQN_w06,33,car_flow_south_left.3,car,54.00,82.60,28.60,0.00,7.13,541.79
DQN_w06,33,car_flow_turn_E#10.3,car,17.80,83.00,65.20,0.00,17.49,888.41
DQN_w06,33,car_flow_South_Right.1,car,18.00,83.20,65.20,3.40,15.47,700.86
DQN_w06,33,car_flow_south_E#15.4,car,21.80,84.20,62.40,0.00,22.56,795.72
DQN_w06,33,car_flow_South_Right.2,car,23.20,84.60,61.40,0.00,12.13,700.86
DQN_w06,33,car_flow_WEST_E#6.4,car,32.40,84.60,52.20,7.20,32.40,214.25
DQN_w06,33,car_flow_south_E#18.5,car,64.80,84.60,19.80,0.00,8.06,232.83
DQN_w06,33,car_flow_south_E#15.3,car,19.40,85.40,66.00,2.20,15.22,795.72
DQN_w06,33,car_flow_WEST_E#6.5,car,44.40,86.60,42.20,0.00,22.30,214.25
DQN_w06,33,car_flow_turn.5,truck,36.80,87.00,50.20,3.20,33.31,283.86
DQN_w06,33,car_flow_south_E#15.6,car,40.40,87.60,47.20,0.00,6.32,795.72
DQN_w06,33,car_flow_south_left.4,car,57.20,87.60,30.40,0.00,6.23,541.79
DQN_w06,33,car_flow_turn.6,truck,41.80,88.60,46.80,0.00,30.72,283.86
DQN_w06,33,car_flow_south_E#15.5,bus,29.20,89.00,59.80,0.00,11.91,787.72
DQN_w06,33,car_flow_turn_E#13.4,car,48.40,89.00,40.60,0.00,19.18,214.25
DQN_w06,33,car_flow_north_E#18.8,car,58.00,89.00,31.00,0.00,12.11,222.96
DQN_w06,33,car_flow_south_left.5,car,59.40,89.00,29.60,0.00,7.92,541.79
DQN_w06,33,car_flow_north_E#18.9,car,62.40,90.80,28.40,0.00,13.30,222.96
DQN_w06,33,car_flow_WEST_E#6.6,car,50.60,91.80,41.20,0.00,18.24,214.25
DQN_w06,33,car_flow_through.4,truck,46.60,93.80,47.20,0.00,24.89,215.71
DQN_w06,33,car_flow_south_left.6,car,63.80,94.60,30.80,0.00,5.70,541.79
DQN_w06,33,car_flow_South_Right.3,car,33.80,95.00,61.20,4.40,18.17,700.86
DQN_w06,33,car_flow_south_left.7,car,66.20,95.80,29.60,0.00,11.22,541.79
DQN_w06,33,car_flow_through.5,car,50.00,97.60,47.60,0.00,24.27,223.71
DQN_w06,33,car_flow_turn_E#10.6,car,41.40,98.60,57.20,0.00,7.29,888.41
DQN_w06,33,car_flow_south_E#18.6,car,65.20,99.20,34.00,9.40,22.43,232.83
DQN_w07,11,car_flow_north_E#18.0,truck,0.40,25.40,25.00,0.00,8.41,214.96
DQN_w07,11,car_flow_turn.0,car,2.40,26.80,24.40,0.00,5.41,291.86
DQN_w07,11,car_flow_turn_E#15.0,car,0.00,30.20,30.20,0.00,3.56,223.71
DQN_w07,11,car_flow_north_E#18.1,car,8.60,33.00,24.40,0.00,4.15,222.96
DQN_w07,11,car_flow_north_E#18.2,car,10.80,34.80,24.00,0.00,5.77,222.96
DQN_w07,11,car_flow_turn_E#15.1,car,9.00,38.00,29.00,0.00,3.55,223.71
DQN_w07,11,car_flow_north_E#18.3,truck,14.20,39.40,25.20,0.00,8.50,214.96
DQN_w07,11,car_flow_turn_E#15.2,car,12.60,41.20,28.60,0.00,3.99,223.71
DQN_w07,11,car_flow_turn_E#15.3,car,17.00,46.60,29.60,0.00,3.71,223.71
DQN_w07,11,car_flow_south_left.0,car,17.20,46.80,29.60,0.00,7.06,541.79
DQN_w07,11,car_flow_north_E#18.4,car,22.60,46.80,24.20,0.00,6.64,222.96
DQN_w07,11,car_flow_WEST_E#6.0,car,0.00,48.80,48.80,19.80,28.66,214.25
DQN_w07,11,car_flow_south_left.1,car,19.40,49.00,29.60,0.00,7.17,541.79
DQN_w07,11,car_flow_turn_E#13.0,car,2.40,51.40,49.00,13.80,26.09,214.25
DQN_w07,11,car_flow_south_left.2,car,21.80,53.20,31.40,0.00,6.29,541.79
DQN_w07,11,car_flow_WEST_E#6.1,car,4.80,53.80,49.00,11.60,25.55,214.25
DQN_w07,11,car_flow_south_E#15.1,car,6.20,54.60,48.40,0.00,6.23,795.72
DQN_w07,11,car_flow_turn.1,car,28.80,55.80,27.00,0.00,8.64,291.86
DQN_w07,11,car_flow_south_E#15.0,car,3.80,56.00,52.20,0.00,5.79,795.72
DQN_w07,11,car_flow_turn_E#13.1,car,7.00,56.20,49.20,9.80,26.25,214.25
DQN_w07,11,car_flow_turn_E#15.4,car,22.80,58.60,35.80,4.80,10.39,223.71
DQN_w07,11,car_flow_north_E#18.5,car,29.40,58.80,29.40,0.00,11.01,222.96
DQN_w07,11,car_flow_South_Right.0,car,7.80,60.40,52.60,0.00,9.44,700.86
DQN_w07,11,car_flow_south_left.3,car,29.00,60.40,31.40,0.00,5.76,541.79
DQN_w07,11,car_flow_turn_E#15.5,car,25.00,61.40,36.40,0.00,9.91,223.71
DQN_w07,11,car_flow_south_left.4,car,32.00,62.00,30.00,0.00,8.54,541.79
DQN_w07,11,car_flow_turn_E#15.6,truck,32.40,63.40,31.00,0.00,8.25,215.71
DQN_w07,11,car_flow_south_left.5,car,34.20,63.40,29.20,0.00,8.31,541.79
DQN_w07,11,car_flow_through.0,car,35.60,67.80,32.20,0.00,7.16,223.71
DQN_w07,11,car_flow_north_E#18.6,car,41.80,67.80,26.00,0.00,6.83,222.96
DQN_w07,11,car_flow_E#10.0,car,1.60,68.00,66.40,4.40,16.69,888.90
DQN_w07,11,car_flow_south_left.6,car,38.80,68.80,30.00,0.00,9.68,541.79
DQN_w07,11,car_flow_E#10.2,car,12.80,69.20,56.40,0.00,7.54,888.90
DQN_w07,11,car_flow_South_Right.1,car,14.20,70.00,55.80,1.60,14.85,700.86
DQN_w07,11,car_flow_through.1,car,37.80,70.20,32.40,0.00,7.29,223.71
DQN_w07,11,car_flow_turn_E#15.7,car,40.20,72.40,32.20,0.00,8.71,223.71
DQN_w07,11,car_flow_turn.2,car,44.80,73.20,28.40,0.00,11.93,291.86
DQN_w07,11,car_flow_turn_E#6.0,car,4.80,74.00,69.20,15.60,26.09,873.09
DQN_w07,11,car_flow_turn_E#15.8,car,42.60,75.20,32.60,1.80,12.63,223.71
DQN_w07,11,car_flow_south_left.7,car,43.20,75.40,32.20,0.00,5.97,541.79
DQN_w07,11,car_flow_South_Right.2,car,21.60,76.20,54.60,0.00,10.24,700.86
DQN_w07,11,car_flow_south_E#15.2,bus,19.20,76.60,57.40,0.00,9.41,787.72
DQN_w07,11,car_flow_south_left.8,car,45.40,76.60,31.20,0.00,9.58,541.79
DQN_w07,11,car_flow_turn.3,car,51.40,79.00,27.60,0.00,7.78,291.86
DQN_w07,11,car_flow_through.2,truck,48.20,80.00,31.80,0.00,9.01,215.71
DQN_w07,11,car_flow_turn.4,car,53.60,80.60,27.00,0.00,9.14,291.86
DQN_w07,11,car_flow_south_E#18.0,car,31.60,81.80,50.20,26.40,38.39,232.83
DQN_w07,11,car_flow_north_E#18.7,truck,50.00,82.40,32.40,0.00,15.53,214.96
DQN_w07,11,car_flow_south_E#15.3,car,25.00,82.80,57.80,0.00,5.70,795.72
DQN_w07,11,car_flow_turn_E#10.1,car,17.80,84.00,66.20,2.60,14.99,888.41
DQN_w07,11,car_flow_WEST_E#6.2,car,12.40,84.20,71.80,31.60,50.09,214.25
DQN_w07,11,car_flow_turn_E#10.0,car,8.80,84.60,75.80,11.60,23.90,888.41
DQN_w07,11,car_flow_South_Right.3,car,26.00,85.00,59.00,3.40,18.96,700.86
DQN_w07,11,car_flow_south_E#18.1,truck,60.00,86.00,26.00,0.00,12.93,224.83
DQN_w07,11,car_flow_turn_E#13.2,car,19.40,86.40,67.00,22.80,45.06,214.25
DQN_w07,11,car_flow_E#10.3,car,15.00,88.40,73.40,5.40,16.05,888.90
DQN_w07,11,car_flow_south_E#15.5,car,32.60,88.60,56.00,0.00,10.08,795.72
DQN_w07,11,car_flow_E#10.1,car,8.40,88.80,80.40,7.00,16.93,888.90
DQN_w07,11,car_flow_turn_E#13.3,car,22.40,88.80,66.40,20.20,44.55,214.25
DQN_w07,11,car_flow_E#10.4,car,24.00,89.60,65.60,0.00,16.49,888.90
DQN_w07,11,car_flow_south_E#15.7,car,37.00,89.80,52.80,0.00,10.91,795.72
DQN_w07,11,car_flow_south_left.9,truck,53.20,90.00,36.80,0.00,12.63,533.79
DQN_w07,11,car_flow_E#10.5,car,26.20,90.20,64.00,0.00,5.63,888.90
DQN_w07,11,car_flow_south_E#15.4,car,27.20,90.80,63.60,3.40,11.49,795.72
DQN_w07,11,car_flow_south_left.10,car,58.40,91.40,33.00,0.00,9.21,541.79
DQN_w07,11,car_flow_turn_E#13.4,car,24.80,91.60,66.80,19.20,43.40,214.25
DQN_w07,11,car_flow_WEST_E#6.3,truck,28.20,93.60,65.40,18.00,45.68,206.25
DQN_w07,11,car_flow_south_E#15.6,car,34.80,93.80,59.00,0.00,8.90,795.72
DQN_w07,11,car_flow_south_E#15.8,car,39.40,99.20,59.80,0.00,7.58,795.72
DQN_w07,11,car_flow_south_left.11,car,68.80,99.80,31.00,0.00,6.06,541.79
DQN_w07,22,car_flow_south_E#18.0,car,0.20,19.20,19.00,0.00,5.79,232.83
DQN_w07,22,car_flow_north_E#18.0,car,3.80,25.80,22.00,0.00,4.32,222.96
DQN_w07,22,car_flow_WEST_E#6.0,car,0.40,26.80,26.40,0.00,4.50,214.25
DQN_w07,22,car_flow_turn.0,truck,0.40,28.60,28.20,0.00,9.92,283.86
DQN_w07,22,car_flow_turn.1,car,6.00,31.00,25.00,0.00,8.07,291.86
DQN_w07,22,car_flow_north_E#18.1,car,11.60,31.80,20.20,0.00,4.66,222.96
DQN_w07,22,car_flow_north_E#18.2,car,13.80,34.80,21.00,0.00,5.29,222.96
DQN_w07,22,car_flow_through.0,car,3.80,35.00,31.20,0.00,6.01,223.71
DQN_w07,22,car_flow_turn.2,car,10.40,35.40,25.00,0.00,6.22,291.86
DQN_w07,22,car_flow_turn_E#15.0,car,8.20,37.60,29.40,0.00,6.33,223.71
DQN_w07,22,car_flow_south_left.0,truck,4.20,39.60,35.40,0.00,14.34,533.79
DQN_w07,22,car_flow_turn_E#13.0,truck,4.00,41.60,37.60,5.40,16.47,206.25
DQN_w07,22,car_flow_WEST_E#6.1,truck,8.80,45.20,36.40,0.00,16.30,206.25
DQN_w07,22,car_flow_south_E#18.1,truck,2.00,46.40,44.40,14.60,31.65,224.83
DQN_w07,22,car_flow_turn.3,car,14.80,48.20,33.40,0.00,16.00,291.86
DQN_w07,22,car_flow_WEST_E#6.2,car,12.00,48.80,36.80,0.00,16.16,214.25
DQN_w07,22,car_flow_turn.4,car,17.00,49.40,32.40,0.00,14.91,291.86
DQN_w07,22,car_flow_south_E#18.2,car,18.20,52.80,34.60,4.80,21.63,232.83
DQN_w07,22,car_flow_turn_E#15.1,car,12.60,53.00,40.40,2.20,14.41,223.71
DQN_w07,22,car_flow_south_left.1,car,25.60,55.00,29.40,0.00,9.45,541.79
DQN_w07,22,car_flow_WEST_E#6.3,car,18.40,55.40,37.00,1.40,15.44,214.25
DQN_w07,22,car_flow_north_E#18.3,truck,19.40,56.40,37.00,0.00,19.34,214.96
DQN_w07,22,car_flow_WEST_E#6.4,car,20.60,57.40,36.80,0.00,16.97,214.25
DQN_w07,22,car_flow_south_left.2,car,27.80,58.20,30.40,0.00,6.75,541.79
DQN_w07,22,car_flow_turn.5,car,21.40,58.80,37.40,2.00,19.73,291.86
DQN_w07,22,car_flow_turn_E#13.1,car,23.00,59.80,36.80,0.00,15.70,214.25
DQN_w07,22,car_flow_South_Right.0,car,0.20,60.20,60.00,3.40,16.06,700.86
DQN_w07,22,car_flow_turn_E#15.2,car,19.20,61.80,42.60,4.60,22.04,223.71
DQN_w07,22,car_flow_north_E#18.4,car,22.80,62.80,40.00,3.40,22.65,222.96
DQN_w07,22,car_flow_turn_E#15.3,car,26.00,64.40,38.40,0.00,16.33,223.71
DQN_w07,22,car_flow_turn.6,car,35.20,66.60,31.40,0.00,11.31,291.86
DQN_w07,22,car_flow_north_E#18.5,car,25.20,68.60,43.40,0.40,20.01,222.96
DQN_w07,22,car_flow_through.1,truck,29.40,69.00,39.60,0.00,14.42,215.71
DQN_w07,22,car_flow_north_E#18.6,car,27.60,70.00,42.40,0.00,24.58,222.96
DQN_w07,22,car_flow_turn_E#10.1,car,11.60,70.80,59.20,0.00,10.80,888.41
DQN_w07,22,car_flow_turn.7,truck,41.00,70.80,29.80,0.00,13.74,283.86
DQN_w07,22,car_flow_north_E#18.7,car,29.80,71.40,41.60,0.00,24.69,222.96
DQN_w07,22,car_flow_turn_E#15.4,car,37.60,72.80,35.20,0.00,11.41,223.71
DQN_w07,22,car_flow_turn_E#10.0,car,6.00,73.00,67.00,4.40,17.56,888.41
DQN_w07,22,car_flow_north_E#18.8,car,32.20,73.40,41.20,0.00,21.97,222.96
DQN_w07,22,car_flow_south_E#15.0,car,16.00,74.40,58.40,0.00,4.45,795.72
DQN_w07,22,car_flow_north_E#18.9,car,34.60,75.00,40.40,0.00,23.46,222.96
DQN_w07,22,car_flow_turn_E#15.5,car,44.40,76.20,31.80,0.00,8.92,223.71
DQN_w07,22,car_flow_north_E#18.10,car,50.60,77.20,26.60,0.00,11.08,222.96
DQN_w07,22,car_flow_through.2,car,46.60,78.40,31.80,0.00,9.78,223.71
DQN_w07,22,car_flow_north_E#18.11,car,53.00,79.80,26.80,0.00,11.02,222.96
DQN_w07,22,car_flow_through.3,car,48.80,80.60,31.80,0.00,9.80,223.71
DQN_w07,22,car_flow_north_E#18.12,car,58.20,83.00,24.80,0.00,8.57,222.96
DQN_w07,22,car_flow_turn_E#15.6,truck,52.20,84.20,32.00,0.00,7.80,215.71
DQN_w07,22,car_flow_south_E#18.3,car,46.40,85.00,38.60,16.20,24.43,232.83
DQN_w07,22,car_flow_turn_E#10.2,car,13.80,85.20,71.40,3.40,17.42,888.41
DQN_w07,22,car_flow_turn_E#6.0,car,23.60,87.40,63.80,5.60,14.91,873.09
DQN_w07,22,car_flow_turn.8,car,55.60,88.20,32.60,3.20,11.47,291.86
DQN_w07,22,car_flow_WEST_E#6.5,car,25.20,89.60,64.40,26.40,42.61,214.25
DQN_w07,22,car_flow_turn_E#10.4,car,20.60,90.20,69.60,8.00,22.12,888.41
DQN_w07,22,car_flow_south_left.3,car,63.40,92.40,29.00,0.00,7.31,541.79
DQN_w07,22,car_flow_turn_E#10.3,truck,17.40,92.60,75.20,4.80,25.64,880.41
DQN_w07,22,car_flow_through.4,car,58.00,92.80,34.80,0.00,12.69,223.71
DQN_w07,22,car_flow_north_E#18.13,car,60.80,94.00,33.20,6.40,17.44,222.96
DQN_w07,22,car_flow_south_left.4,car,66.00,95.20,29.20,0.00,7.12,541.79
DQN_w07,22,car_flow_south_E#18.4,car,46.60,95.60,49.00,19.00,35.03,232.83
DQN_w07,22,car_flow_south_E#18.5,car,49.00,96.80,47.80,14.40,35.77,232.83
DQN_w07,22,car_flow_through.5,car,60.40,96.80,36.40,0.00,10.61,223.71
DQN_w07,22,car_flow_South_Right.1,car,38.80,97.80,59.00,1.20,14.26,700.86
DQN_w07,22,car_flow_E#10.0,car,16.20,98.20,82.00,21.80,36.37,888.90
DQN_w07,22,car_flow_turn_E#13.2,car,30.40,98.80,68.40,28.40,49.01,214.25
DQN_w07,22,car_flow_E#10.2,car,30.00,99.20,69.20,9.80,24.72,888.90
DQN_w07,33,car_flow_north_E#18.0,car,4.20,26.40,22.20,0.00,5.88,222.96
DQN_w07,33,car_flow_north_E#18.1,car,7.20,28.80,21.60,0.00,5.41,222.96
DQN_w07,33,car_flow_turn_E#15.0,truck,0.00,29.60,29.60,0.00,6.93,215.71
DQN_w07,33,car_flow_turn.0,truck,5.00,33.20,28.20,0.00,9.66,283.86
DQN_w07,33,car_flow_north_E#18.2,car,14.80,37.20,22.40,0.00,6.97,222.96
DQN_w07,33,car_flow_through.0,car,8.20,39.40,31.20,0.00,6.03,223.71
DQN_w07,33,car_flow_turn_E#15.1,car,10.60,41.40,30.80,0.00,8.90,223.71
DQN_w07,33,car_flow_south_left.0,car,11.60,41.40,29.80,0.00,6.16,541.79
DQN_w07,33,car_flow_through.1,car,13.00,48.60,35.60,1.80,10.14,223.71
DQN_w07,33,car_flow_south_left.1,car,19.80,48.60,28.80,0.00,7.10,541.79
DQN_w07,33,car_flow_turn.1,car,21.80,50.40,28.60,0.00,10.44,291.86
DQN_w07,33,car_flow_turn_E#15.2,car,15.20,50.80,35.60,0.00,12.52,223.71
DQN_w07,33,car_flow_turn_E#15.3,car,17.40,52.80,35.40,0.00,12.71,223.71
DQN_w07,33,car_flow_north_E#18.3,car,23.60,52.80,29.20,0.00,10.61,222.96
DQN_w07,33,car_flow_turn.2,car,28.40,54.40,26.00,0.00,10.45,291.86
DQN_w07,33,car_flow_north_E#18.4,car,30.80,55.40,24.60,0.00,8.96,222.96
DQN_w07,33,car_flow_through.2,car,19.60,56.20,36.60,0.00,10.03,223.71
DQN_w07,33,car_flow_through.3,truck,25.20,58.40,33.20,0.00,9.06,215.71
DQN_w07,33,car_flow_north_E#18.5,car,33.20,59.20,26.00,0.00,7.56,222.96
DQN_w07,33,car_flow_South_Right.0,car,4.80,60.60,55.80,0.00,9.61,700.86
DQN_w07,33,car_flow_south_E#15.0,car,2.00,61.60,59.60,0.00,4.41,795.72
DQN_w07,33,car_flow_turn.3,car,30.80,62.20,31.40,2.20,15.13,291.86
DQN_w07,33,car_flow_WEST_E#6.0,truck,1.80,63.00,61.20,29.00,39.81,206.25
DQN_w07,33,car_flow_turn.4,car,33.00,64.00,31.00,0.00,13.09,291.86
DQN_w07,33,car_flow_WEST_E#6.1,car,7.40,66.40,59.00,24.20,39.99,214.25
DQN_w07,33,car_flow_turn.5,truck,36.40,67.60,31.20,0.00,14.33,283.86
DQN_w07,33,car_flow_north_E#18.6,car,40.40,67.60,27.20,0.00,10.81,222.96
DQN_w07,33,car_flow_WEST_E#6.2,car,12.40,68.40,56.00,20.20,37.70,214.25
DQN_w07,33,car_flow_south_E#18.0,bus,10.60,68.60,58.00,27.20,45.25,224.83
DQN_w07,33,car_flow_south_E#15.1,truck,11.60,68.80,57.20,0.00,8.20,787.72
DQN_w07,33,car_flow_north_E#18.7,car,44.20,69.40,25.20,0.00,9.31,222.96
DQN_w07,33,car_flow_south_E#18.1,car,30.60,70.20,39.60,8.20,24.52,232.83
DQN_w07,33,car_flow_turn.6,truck,41.40,70.40,29.00,0.00,12.92,283.86
DQN_w07,33,car_flow_turn_E#13.0,truck,16.00,71.20,55.20,15.00,34.34,206.25
DQN_w07,33,car_flow_south_E#15.4,car,21.40,74.00,52.60,0.00,12.86,795.72
DQN_w07,33,car_flow_through.4,truck,46.20,76.00,29.80,0.00,7.40,215.71
DQN_w07,33,car_flow_South_Right.1,car,18.00,76.80,58.80,0.00,9.15,700.86
DQN_w07,33,car_flow_E#10.0,car,8.80,77.60,68.80,7.40,20.15,888.90
DQN_w07,33,car_flow_south_left.2,car,49.00,77.60,28.60,0.00,6.80,541.79
DQN_w07,33,car_flow_turn_E#10.1,car,9.40,78.80,69.40,1.00,14.75,888.41
DQN_w07,33,car_flow_through.5,car,49.40,80.00,30.60,0.00,7.24,223.71
DQN_w07,33,car_flow_South_Right.2,car,23.20,81.60,58.40,0.00,9.12,700.86
DQN_w07,33,car_flow_turn_E#10.0,car,7.00,82.20,75.20,3.40,17.08,888.41
DQN_w07,33,car_flow_south_E#15.3,car,19.20,82.20,63.00,1.40,12.14,795.72
DQN_w07,33,car_flow_south_left.3,car,54.00,82.60,28.60,0.00,7.13,541.79
DQN_w07,33,car_flow_south_E#15.2,car,17.00,83.40,66.40,5.40,16.78,795.72
DQN_w07,33,car_flow_south_E#15.5,bus,27.00,86.40,59.40,0.00,11.51,787.72
DQN_w07,33,car_flow_turn.7,bus,55.80,86.60,30.80,0.00,13.55,283.86
DQN_w07,33,car_flow_through.6,car,51.80,87.20,35.40,3.00,11.89,223.71
DQN_w07,33,car_flow_north_E#18.8,car,57.80,87.60,29.80,4.80,10.94,222.96
DQN_w07,33,car_flow_south_left.4,car,57.20,87.60,30.40,0.00,6.23,541.79
DQN_w07,33,car_flow_south_left.5,car,59.40,89.00,29.60,0.00,7.92,541.79
DQN_w07,33,car_flow_north_E#18.9,car,62.60,89.20,26.60,0.00,11.62,222.96
DQN_w07,33,car_flow_turn_E#10.3,car,17.80,91.00,73.20,12.00,25.58,888.41
DQN_w07,33,car_flow_South_Right.3,car,33.80,92.40,58.60,2.00,15.66,700.86
DQN_w07,33,car_flow_south_E#18.2,car,35.60,94.20,58.60,27.00,44.89,232.83
DQN_w07,33,car_flow_turn_E#15.4,car,59.20,94.60,35.40,0.00,6.94,223.71
DQN_w07,33,car_flow_south_left.6,car,63.80,94.60,30.80,0.00,5.70,541.79
DQN_w07,33,car_flow_south_E#18.3,car,35.80,95.40,59.60,22.40,46.43,232.83
DQN_w07,33,car_flow_south_left.7,car,66.20,95.80,29.60,0.00,11.22,541.79
DQN_w07,33,car_flow_turn_E#10.4,car,20.00,96.00,76.00,7.20,27.62,888.41
DQN_w07,33,car_flow_turn_E#10.2,car,11.80,96.20,84.40,14.40,30.58,888.41
DQN_w07,33,car_flow_south_E#18.4,car,51.00,96.40,45.40,17.60,33.34,232.83
DQN_w07,33,car_flow_turn_E#15.5,car,61.60,96.80,35.20,0.00,11.07,223.71
DQN_w07,33,car_flow_south_E#18.5,car,65.00,97.40,32.40,6.80,20.83,232.83
DQN_w07,33,car_flow_south_E#15.6,car,38.20,97.60,59.40,3.80,18.63,795.72
DQN_w07,33,car_flow_south_E#18.6,car,65.40,98.60,33.20,5.60,21.56,232.83
DQN_w07,33,car_flow_turn_E#13.1,car,19.20,98.80,79.60,34.20,60.47,214.25
DQN_w08,11,car_flow_north_E#18.0,truck,0.40,25.40,25.00,0.00,8.41,214.96
DQN_w08,11,car_flow_turn.0,car,2.40,26.80,24.40,0.00,5.41,291.86
DQN_w08,11,car_flow_turn_E#15.0,car,0.00,30.20,30.20,0.00,3.56,223.71
DQN_w08,11,car_flow_north_E#18.1,car,8.60,33.00,24.40,0.00,4.15,222.96
DQN_w08,11,car_flow_north_E#18.2,car,10.80,34.80,24.00,0.00,5.77,222.96
DQN_w08,11,car_flow_turn_E#15.1,car,9.00,38.00,29.00,0.00,3.55,223.71
DQN_w08,11,car_flow_north_E#18.3,truck,14.20,39.40,25.20,0.00,8.50,214.96
DQN_w08,11,car_flow_turn_E#15.2,car,12.60,41.20,28.60,0.00,3.98,223.71
DQN_w08,11,car_flow_turn_E#15.3,car,17.00,46.60,29.60,0.00,3.73,223.71
DQN_w08,11,car_flow_south_left.0,car,17.20,46.80,29.60,0.00,7.06,541.79
DQN_w08,11,car_flow_north_E#18.4,car,22.60,46.80,24.20,0.00,6.64,222.96
DQN_w08,11,car_flow_south_left.1,car,19.40,49.00,29.60,0.00,7.17,541.79
DQN_w08,11,car_flow_turn_E#15.4,car,22.80,51.60,28.80,0.00,3.52,223.71
DQN_w08,11,car_flow_turn.1,car,28.80,52.40,23.60,0.00,5.23,291.86
DQN_w08,11,car_flow_south_E#18.0,car,31.60,52.60,21.00,0.00,9.19,232.83
DQN_w08,11,car_flow_south_left.2,car,21.80,53.20,31.40,0.00,6.29,541.79
DQN_w08,11,car_flow_north_E#18.5,car,29.40,53.80,24.40,0.00,5.90,222.96
DQN_w08,11,car_flow_south_E#15.1,car,6.20,54.60,48.40,0.00,6.25,795.72
DQN_w08,11,car_flow_turn_E#15.5,car,25.00,55.20,30.20,0.00,3.87,223.71
DQN_w08,11,car_flow_south_E#15.0,car,3.80,56.00,52.20,0.00,5.77,795.72
DQN_w08,11,car_flow_south_left.3,car,29.00,60.40,31.40,0.00,5.76,541.79
DQN_w08,11,car_flow_turn_E#15.6,truck,32.40,61.80,29.40,0.00,6.61,215.71
DQN_w08,11,car_flow_south_left.4,car,32.00,62.00,30.00,0.00,8.54,541.79
DQN_w08,11,car_flow_south_left.5,car,34.20,63.40,29.20,0.00,8.31,541.79
DQN_w08,11,car_flow_E#10.0,car,1.60,64.80,63.20,0.00,13.55,888.90
DQN_w08,11,car_flow_north_E#18.6,car,41.40,65.20,23.80,0.00,4.82,222.96
DQN_w08,11,car_flow_through.0,car,35.60,66.60,31.00,0.00,6.00,223.71
DQN_w08,11,car_flow_South_Right.0,car,7.80,67.40,59.60,4.00,16.52,700.86
DQN_w08,11,car_flow_E#10.2,car,12.80,68.00,55.20,0.00,6.32,888.90
DQN_w08,11,car_flow_WEST_E#6.0,car,0.00,68.80,68.80,40.40,48.62,214.25
DQN_w08,11,car_flow_South_Right.1,car,14.20,68.80,54.60,0.00,13.55,700.86
DQN_w08,11,car_flow_south_left.6,car,38.80,68.80,30.00,0.00,9.68,541.79
DQN_w08,11,car_flow_turn_E#13.0,car,2.40,71.40,69.00,34.40,46.28,214.25
DQN_w08,11,car_flow_WEST_E#6.1,car,4.80,74.20,69.40,32.20,45.78,214.25
DQN_w08,11,car_flow_turn_E#6.0,car,4.80,75.00,70.20,16.60,27.10,873.09
DQN_w08,11,car_flow_south_left.7,car,43.20,75.40,32.20,0.00,5.97,541.79
DQN_w08,11,car_flow_South_Right.2,car,21.60,76.20,54.60,0.00,10.20,700.86
DQN_w08,11,car_flow_south_E#15.2,bus,19.20,76.60,57.40,0.00,9.41,787.72
DQN_w08,11,car_flow_south_left.8,car,45.40,76.60,31.20,0.00,9.58,541.79
DQN_w08,11,car_flow_turn.2,car,44.60,77.20,32.60,0.00,16.02,291.86
DQN_w08,11,car_flow_through.1,car,37.80,78.20,40.40,7.20,15.28,223.71
DQN_w08,11,car_flow_turn_E#15.7,car,40.00,80.20,40.20,2.60,16.89,223.71
DQN_w08,11,car_flow_turn_E#15.8,car,42.40,82.20,39.80,0.60,19.72,223.71
DQN_w08,11,car_flow_north_E#18.7,truck,49.60,82.40,32.80,0.00,16.03,214.96
DQN_w08,11,car_flow_south_E#15.3,car,25.00,82.80,57.80,0.00,5.70,795.72
DQN_w08,11,car_flow_south_E#15.5,car,32.60,84.40,51.80,0.00,5.93,795.72
DQN_w08,11,car_flow_through.2,truck,48.00,84.60,36.60,0.00,13.95,215.71
DQN_w08,11,car_flow_South_Right.3,car,26.00,84.80,58.80,3.40,18.90,700.86
DQN_w08,11,car_flow_E#10.1,car,8.40,85.00,76.60,2.00,13.07,888.90
DQN_w08,11,car_flow_south_E#15.4,car,27.20,85.00,57.80,0.00,5.56,795.72
DQN_w08,11,car_flow_south_E#15.7,car,37.00,85.80,48.80,0.00,6.80,795.72
DQN_w08,11,car_flow_E#10.4,car,24.00,87.00,63.00,0.00,13.96,888.90
DQN_w08,11,car_flow_turn_E#13.1,car,7.00,89.20,82.20,42.20,59.37,214.25
DQN_w08,11,car_flow_E#10.5,car,26.20,89.80,63.60,0.00,5.17,888.90
DQN_w08,11,car_flow_south_E#15.6,car,34.80,90.00,55.20,0.00,5.09,795.72
DQN_w08,11,car_flow_south_left.9,truck,53.20,90.00,36.80,0.00,12.63,533.79
DQN_w08,11,car_flow_south_left.10,car,58.40,91.40,33.00,0.00,9.21,541.79
DQN_w08,11,car_flow_WEST_E#6.2,car,12.40,91.60,79.20,35.80,57.41,214.25
DQN_w08,11,car_flow_south_E#18.1,truck,59.40,93.00,33.60,4.40,20.59,224.83
DQN_w08,11,car_flow_E#10.3,car,15.00,93.40,78.40,8.80,21.17,888.90
DQN_w08,11,car_flow_turn_E#13.2,car,19.40,93.80,74.40,28.60,52.50,214.25
DQN_w08,11,car_flow_turn.3,car,51.20,96.00,44.80,9.40,24.99,291.86
DQN_w08,11,car_flow_turn_E#13.3,car,22.40,96.20,73.80,25.20,51.89,214.25
DQN_w08,11,car_flow_south_E#15.8,car,39.20,96.60,57.40,0.00,5.11,795.72
DQN_w08,11,car_flow_turn_E#13.4,car,24.80,99.00,74.20,22.00,50.77,214.25
DQN_w08,11,car_flow_south_left.11,car,68.80,99.80,31.00,0.00,6.06,541.79
DQN_w08,22,car_flow_south_E#18.0,car,0.20,18.00,17.80,0.00,4.59,232.83
DQN_w08,22,car_flow_north_E#18.0,car,3.80,26.20,22.40,0.00,4.71,222.96
DQN_w08,22,car_flow_WEST_E#6.0,car,0.40,26.80,26.40,0.00,4.50,214.25
DQN_w08,22,car_flow_turn.0,truck,0.40,28.60,28.20,0.00,9.92,283.86
DQN_w08,22,car_flow_turn.1,car,6.00,31.00,25.00,0.00,8.07,291.86
DQN_w08,22,car_flow_north_E#18.1,car,11.60,32.00,20.40,0.00,4.84,222.96
DQN_w08,22,car_flow_north_E#18.2,car,13.80,34.80,21.00,0.00,5.26,222.96
DQN_w08,22,car_flow_through.0,car,3.80,35.00,31.20,0.00,6.00,223.71
DQN_w08,22,car_flow_turn.2,car,10.40,35.40,25.00,0.00,6.20,291.86
DQN_w08,22,car_flow_turn_E#15.0,car,8.20,37.60,29.40,0.00,6.34,223.71
DQN_w08,22,car_flow_turn.3,car,14.80,39.20,24.40,0.00,6.98,291.86
DQN_w08,22,car_flow_south_left.0,truck,4.20,39.60,35.40,0.00,14.34,533.79
DQN_w08,22,car_flow_turn.4,car,17.00,41.40,24.40,0.00,6.87,291.86
DQN_w08,22,car_flow_turn_E#15.1,car,12.60,43.40,30.80,0.00,4.67,223.71
DQN_w08,22,car_flow_turn.5,car,21.40,45.40,24.00,0.00,6.25,291.86
DQN_w08,22,car_flow_north_E#18.3,truck,19.40,45.40,26.00,0.00,8.45,214.96
DQN_w08,22,car_flow_turn_E#15.2,car,19.20,46.20,27.00,0.00,6.48,223.71
DQN_w08,22,car_flow_north_E#18.4,car,22.80,47.40,24.60,0.00,7.20,222.96
DQN_w08,22,car_flow_turn_E#13.0,truck,4.00,51.40,47.40,15.20,26.26,206.25
DQN_w08,22,car_flow_south_E#18.1,truck,2.00,52.60,50.60,20.80,37.87,224.83
DQN_w08,22,car_flow_north_E#18.5,car,25.20,53.00,27.80,0.00,4.45,222.96
DQN_w08,22,car_flow_South_Right.0,car,0.20,54.60,54.40,0.00,10.50,700.86
DQN_w08,22,car_flow_WEST_E#6.1,truck,8.80,55.00,46.20,8.60,26.11,206.25
DQN_w08,22,car_flow_south_left.1,car,25.60,55.00,29.40,0.00,9.45,541.79
DQN_w08,22,car_flow_south_left.2,car,27.80,58.20,30.40,0.00,6.75,541.79
DQN_w08,22,car_flow_WEST_E#6.2,car,12.00,58.60,46.60,6.80,25.97,214.25
DQN_w08,22,car_flow_turn_E#15.3,car,26.00,61.60,35.60,5.20,13.69,223.71
DQN_w08,22,car_flow_north_E#18.6,car,27.40,63.20,35.80,8.00,18.05,222.96
DQN_w08,22,car_flow_turn.6,car,35.20,63.40,28.20,0.00,8.16,291.86
DQN_w08,22,car_flow_north_E#18.7,car,29.60,65.20,35.60,3.60,18.72,222.96
DQN_w08,22,car_flow_through.1,truck,29.40,66.00,36.60,0.00,11.28,215.71
DQN_w08,22,car_flow_north_E#18.8,car,32.00,68.60,36.60,1.80,17.24,222.96
DQN_w08,22,car_flow_south_E#18.2,car,18.40,69.20,50.80,19.20,37.80,232.83
DQN_w08,22,car_flow_turn_E#15.4,car,37.40,69.80,32.40,0.00,8.55,223.71
DQN_w08,22,car_flow_north_E#18.9,car,34.20,70.00,35.80,0.00,18.94,222.96
DQN_w08,22,car_flow_south_E#18.3,car,41.20,70.60,29.40,3.00,15.21,232.83
DQN_w08,22,car_flow_south_E#18.4,car,41.40,71.80,30.40,2.00,16.48,232.83
DQN_w08,22,car_flow_WEST_E#6.3,car,18.40,72.20,53.80,13.00,32.39,214.25
DQN_w08,22,car_flow_south_E#18.5,car,43.60,73.20,29.60,0.20,17.60,232.83
DQN_w08,22,car_flow_south_E#15.0,car,16.00,74.40,58.40,0.00,4.53,795.72
DQN_w08,22,car_flow_WEST_E#6.4,car,20.60,74.40,53.80,7.40,33.93,214.25
DQN_w08,22,car_flow_turn_E#13.1,car,23.00,76.80,53.80,4.60,32.71,214.25
DQN_w08,22,car_flow_turn.7,truck,41.00,76.80,35.80,2.20,19.75,283.86
DQN_w08,22,car_flow_north_E#18.10,car,45.40,78.40,33.00,0.00,17.41,222.96
DQN_w08,22,car_flow_turn_E#15.5,car,44.40,80.80,36.40,0.00,13.44,223.71
DQN_w08,22,car_flow_north_E#18.11,car,47.60,80.80,33.20,0.00,17.47,222.96
DQN_w08,22,car_flow_through.2,car,46.80,83.00,36.20,0.00,14.10,223.71
DQN_w08,22,car_flow_north_E#18.12,car,53.00,83.80,30.80,0.00,14.58,222.96
DQN_w08,22,car_flow_through.3,car,49.00,85.00,36.00,0.00,14.12,223.71
DQN_w08,22,car_flow_north_E#18.13,car,55.80,85.80,30.00,0.00,14.34,222.96
DQN_w08,22,car_flow_turn.8,car,55.80,86.40,30.60,0.00,9.44,291.86
DQN_w08,22,car_flow_turn_E#10.0,car,6.00,86.80,80.80,14.40,31.47,888.41
DQN_w08,22,car_flow_turn_E#10.1,car,11.60,88.00,76.40,12.80,28.01,888.41
DQN_w08,22,car_flow_turn_E#15.6,truck,52.40,88.20,35.80,0.00,11.79,215.71
DQN_w08,22,car_flow_turn_E#10.4,car,20.60,89.40,68.80,1.60,21.26,888.41
DQN_w08,22,car_flow_north_E#18.14,car,61.80,90.00,28.20,0.00,10.38,222.96
DQN_w08,22,car_flow_turn_E#10.2,car,13.80,91.80,78.00,3.40,24.14,888.41
DQN_w08,22,car_flow_through.4,car,58.00,91.80,33.80,0.00,11.75,223.71
DQN_w08,22,car_flow_south_left.3,car,63.40,92.40,29.00,0.00,7.31,541.79
DQN_w08,22,car_flow_turn_E#10.3,truck,17.40,92.80,75.40,0.00,25.73,880.41
DQN_w08,22,car_flow_north_E#18.15,car,68.60,93.00,24.40,0.00,7.21,222.96
DQN_w08,22,car_flow_north_E#18.16,car,71.00,95.20,24.20,0.00,7.42,222.96
DQN_w08,22,car_flow_south_left.4,car,66.00,95.20,29.20,0.00,7.12,541.79
DQN_w08,22,car_flow_through.5,car,60.20,95.60,35.40,0.00,9.72,223.71
DQN_w08,22,car_flow_south_E#18.6,car,55.60,96.60,41.00,17.40,27.77,232.83
DQN_w08,22,car_flow_WEST_E#6.5,car,25.20,98.00,72.80,20.00,50.92,214.25
DQN_w08,22,car_flow_E#10.0,car,16.20,98.60,82.40,22.40,36.85,888.90
DQN_w08,22,car_flow_South_Right.1,car,38.80,98.60,59.80,2.00,15.04,700.86
DQN_w08,33,car_flow_north_E#18.0,car,4.20,26.40,22.20,0.00,5.88,222.96
DQN_w08,33,car_flow_north_E#18.1,car,7.20,28.80,21.60,0.00,5.41,222.96
DQN_w08,33,car_flow_turn_E#15.0,truck,0.00,29.60,29.60,0.00,6.93,215.71
DQN_w08,33,car_flow_turn.0,truck,5.00,33.20,28.20,0.00,9.66,283.86
DQN_w08,33,car_flow_north_E#18.2,car,14.80,37.20,22.40,0.00,6.97,222.96
DQN_w08,33,car_flow_through.0,car,8.20,39.40,31.20,0.00,6.05,223.71
DQN_w08,33,car_flow_turn_E#15.1,car,10.60,41.40,30.80,0.00,8.91,223.71
DQN_w08,33,car_flow_south_left.0,car,11.60,41.40,29.80,0.00,6.16,541.79
DQN_w08,33,car_flow_through.1,car,13.00,44.60,31.60,0.00,6.02,223.71
DQN_w08,33,car_flow_turn_E#15.2,car,15.20,46.80,31.60,0.00,8.46,223.71
DQN_w08,33,car_flow_north_E#18.3,car,23.60,47.20,23.60,0.00,5.00,222.96
DQN_w08,33,car_flow_turn.1,car,21.80,47.40,25.60,0.00,7.26,291.86
DQN_w08,33,car_flow_south_left.1,car,19.80,48.60,28.80,0.00,7.10,541.79
DQN_w08,33,car_flow_turn_E#15.3,car,17.40,48.80,31.40,0.00,8.74,223.71
DQN_w08,33,car_flow_through.2,car,19.60,52.40,32.80,0.00,6.29,223.71
DQN_w08,33,car_flow_north_E#18.4,car,30.80,53.40,22.60,0.00,6.88,222.96
DQN_w08,33,car_flow_WEST_E#6.0,truck,1.80,54.80,53.00,20.80,31.61,206.25
DQN_w08,33,car_flow_WEST_E#6.1,car,7.40,58.20,50.80,16.00,31.78,214.25
DQN_w08,33,car_flow_south_E#18.0,bus,10.60,58.20,47.60,16.80,34.89,224.83
DQN_w08,33,car_flow_WEST_E#6.2,car,12.40,60.20,47.80,11.80,29.49,214.25
DQN_w08,33,car_flow_South_Right.0,car,4.80,60.40,55.60,0.00,9.44,700.86
DQN_w08,33,car_flow_south_E#15.0,car,2.00,61.60,59.60,0.00,4.42,795.72
DQN_w08,33,car_flow_turn.2,car,28.40,62.80,34.40,3.20,18.94,291.86
DQN_w08,33,car_flow_turn.3,car,30.80,64.60,33.80,0.20,17.53,291.86
DQN_w08,33,car_flow_north_E#18.5,car,33.00,65.60,32.60,2.00,14.21,222.96
DQN_w08,33,car_flow_through.3,truck,25.20,66.60,41.40,7.00,17.14,215.71
DQN_w08,33,car_flow_south_E#18.1,car,30.60,67.80,37.20,6.80,22.04,232.83
DQN_w08,33,car_flow_north_E#18.6,car,40.00,67.80,27.80,0.00,11.39,222.96
DQN_w08,33,car_flow_south_E#15.4,car,21.40,68.00,46.60,0.00,6.78,795.72
DQN_w08,33,car_flow_south_E#15.1,truck,11.60,68.80,57.20,0.00,8.21,787.72
DQN_w08,33,car_flow_north_E#18.7,car,44.20,69.60,25.40,0.00,9.63,222.96
DQN_w08,33,car_flow_E#10.0,car,8.80,71.20,62.40,0.60,13.75,888.90
DQN_w08,33,car_flow_turn_E#13.0,truck,16.00,71.40,55.40,12.40,34.58,206.25
DQN_w08,33,car_flow_south_E#15.2,car,17.00,72.60,55.60,0.00,5.82,795.72
DQN_w08,33,car_flow_turn.4,car,33.00,74.00,41.00,3.60,23.13,291.86
DQN_w08,33,car_flow_south_E#18.2,car,35.20,74.40,39.20,6.60,25.50,232.83
DQN_w08,33,car_flow_turn_E#13.1,car,19.20,74.80,55.60,7.60,36.52,214.25
DQN_w08,33,car_flow_south_E#15.3,car,19.20,75.60,56.40,0.00,5.61,795.72
DQN_w08,33,car_flow_south_E#18.3,car,36.00,75.60,39.60,3.40,26.41,232.83
DQN_w08,33,car_flow_south_E#18.4,car,51.00,76.60,25.60,0.00,13.52,232.83
DQN_w08,33,car_flow_South_Right.1,car,18.00,76.80,58.80,0.00,9.15,700.86
DQN_w08,33,car_flow_south_left.2,car,49.00,77.60,28.60,0.00,6.80,541.79
DQN_w08,33,car_flow_turn_E#13.2,car,25.60,79.00,53.40,2.60,28.61,214.25
DQN_w08,33,car_flow_E#10.1,car,15.60,79.20,63.60,3.20,17.10,888.90
DQN_w08,33,car_flow_WEST_E#6.3,car,27.80,81.00,53.20,0.00,33.04,214.25
DQN_w08,33,car_flow_South_Right.2,car,23.20,81.60,58.40,0.00,9.12,700.86
DQN_w08,33,car_flow_south_left.3,car,54.00,82.60,28.60,0.00,7.13,541.79
DQN_w08,33,car_flow_south_E#18.5,car,64.60,83.40,18.80,0.00,7.05,232.83
DQN_w08,33,car_flow_south_E#15.5,bus,27.00,84.40,57.40,0.00,9.40,787.72
DQN_w08,33,car_flow_turn_E#13.3,car,30.00,84.60,54.60,0.00,28.41,214.25
DQN_w08,33,car_flow_south_E#18.6,car,65.40,85.80,20.40,0.00,8.76,232.83
DQN_w08,33,car_flow_WEST_E#6.4,car,32.20,86.60,54.40,0.00,34.56,214.25
DQN_w08,33,car_flow_turn.5,truck,36.40,87.20,50.80,4.40,33.89,283.86
DQN_w08,33,car_flow_south_left.4,car,57.20,87.60,30.40,0.00,6.23,541.79
DQN_w08,33,car_flow_north_E#18.8,car,58.00,87.80,29.80,3.60,10.87,222.96
DQN_w08,33,car_flow_WEST_E#6.5,car,44.40,88.60,44.20,0.00,24.21,214.25
DQN_w08,33,car_flow_turn.6,truck,41.40,88.80,47.40,2.20,31.32,283.86
DQN_w08,33,car_flow_south_left.5,car,59.40,89.00,29.60,0.00,7.92,541.79
DQN_w08,33,car_flow_north_E#18.9,car,62.40,89.40,27.00,0.00,12.01,222.96
DQN_w08,33,car_flow_turn_E#13.4,car,48.40,91.00,42.60,0.00,21.09,214.25
DQN_w08,33,car_flow_through.4,truck,46.20,93.60,47.40,0.80,25.01,215.71
DQN_w08,33,car_flow_South_Right.3,car,33.80,93.60,59.80,3.20,16.85,700.86
DQN_w08,33,car_flow_south_left.6,car,63.80,94.60,30.80,0.00,5.70,541.79
DQN_w08,33,car_flow_south_left.7,car,66.20,95.80,29.60,0.00,11.22,541.79
DQN_w08,33,car_flow_through.5,car,49.40,97.60,48.20,0.00,24.86,223.71
DQN_w08,33,car_flow_turn_E#10.1,car,9.40,98.00,88.60,19.60,34.04,888.41
DQN_w08,33,car_flow_south_E#15.6,car,37.80,98.20,60.40,0.00,19.49,795.72
DQN_w08,33,car_flow_turn_E#10.0,car,7.00,99.20,92.20,18.40,34.19,888.41
DQN_w09,11,car_flow_turn.0,car,2.40,26.80,24.40,0.00,5.41,291.86
DQN_w09,11,car_flow_north_E#18.0,truck,0.40,28.00,27.60,0.00,10.99,214.96
DQN_w09,11,car_flow_turn_E#15.0,car,0.00,30.20,30.20,0.00,3.56,223.71
DQN_w09,11,car_flow_north_E#18.1,car,8.60,34.40,25.80,0.00,5.60,222.96
DQN_w09,11,car_flow_north_E#18.2,car,11.00,36.20,25.20,0.00,6.81,222.96
DQN_w09,11,car_flow_turn_E#15.1,car,9.00,38.00,29.00,0.00,3.55,223.71
DQN_w09,11,car_flow_north_E#18.3,truck,14.40,40.00,25.60,0.00,8.89,214.96
DQN_w09,11,car_flow_turn_E#15.2,car,12.60,41.20,28.60,0.00,3.99,223.71
DQN_w09,11,car_flow_turn_E#15.3,car,17.00,46.60,29.60,0.00,3.71,223.71
DQN_w09,11,car_flow_south_left.0,car,17.20,46.80,29.60,0.00,7.06,541.79
DQN_w09,11,car_flow_north_E#18.4,car,23.00,47.00,24.00,0.00,6.38,222.96
DQN_w09,11,car_flow_WEST_E#6.0,car,0.00,48.80,48.80,19.80,28.66,214.25
DQN_w09,11,car_flow_south_left.1,car,19.40,49.00,29.60,0.00,7.17,541.79
DQN_w09,11,car_flow_turn_E#13.0,car,2.40,51.40,49.00,13.80,26.09,214.25
DQN_w09,11,car_flow_south_left.2,car,21.80,53.20,31.40,0.00,6.29,541.79
DQN_w09,11,car_flow_WEST_E#6.1,car,4.80,53.80,49.00,11.60,25.55,214.25
DQN_w09,11,car_flow_turn.1,car,28.80,55.80,27.00,0.00,8.64,291.86
DQN_w09,11,car_flow_turn_E#13.1,car,7.00,56.20,49.20,9.80,26.24,214.25
DQN_w09,11,car_flow_south_E#15.1,car,6.20,56.40,50.20,0.00,8.09,795.72
DQN_w09,11,car_flow_E#10.0,car,1.60,57.20,55.60,0.00,6.00,888.90
DQN_w09,11,car_flow_south_E#15.0,car,3.80,58.20,54.40,0.00,8.04,795.72
DQN_w09,11,car_flow_north_E#18.5,car,29.80,58.60,28.80,0.00,10.47,222.96
DQN_w09,11,car_flow_turn_E#15.4,car,22.80,58.60,35.80,4.80,10.40,223.71
DQN_w09,11,car_flow_South_Right.0,car,7.80,60.40,52.60,0.00,9.42,700.86
DQN_w09,11,car_flow_south_left.3,car,29.00,60.40,31.40,0.00,5.76,541.79
DQN_w09,11,car_flow_south_E#18.0,car,32.00,61.00,29.00,5.80,17.13,232.83
DQN_w09,11,car_flow_turn_E#15.5,car,25.00,61.20,36.20,0.00,9.88,223.71
DQN_w09,11,car_flow_south_left.4,car,32.00,62.00,30.00,0.00,8.54,541.79
DQN_w09,11,car_flow_south_left.5,car,34.20,63.40,29.20,0.00,8.31,541.79
DQN_w09,11,car_flow_WEST_E#6.2,car,12.40,63.60,51.20,10.20,29.44,214.25
DQN_w09,11,car_flow_South_Right.1,car,14.20,65.00,50.80,0.00,9.90,700.86
DQN_w09,11,car_flow_turn_E#13.2,car,19.40,65.80,46.40,1.40,24.43,214.25
DQN_w09,11,car_flow_turn_E#13.3,car,22.40,68.20,45.80,0.00,23.84,214.25
DQN_w09,11,car_flow_south_left.6,car,38.80,68.80,30.00,0.00,9.68,541.79
DQN_w09,11,car_flow_turn_E#13.4,car,24.80,70.80,46.00,0.00,22.65,214.25
DQN_w09,11,car_flow_turn_E#15.6,truck,32.40,73.80,41.40,5.60,18.67,215.71
DQN_w09,11,car_flow_turn_E#6.0,car,4.80,74.20,69.40,15.80,26.24,873.09
DQN_w09,11,car_flow_south_left.7,car,43.20,75.40,32.20,0.00,5.97,541.79
DQN_w09,11,car_flow_south_E#15.2,bus,19.40,76.60,57.20,0.00,9.34,787.72
DQN_w09,11,car_flow_south_left.8,car,45.40,76.60,31.20,0.00,9.58,541.79
DQN_w09,11,car_flow_north_E#18.6,car,41.80,77.40,35.60,1.00,16.56,222.96
DQN_w09,11,car_flow_through.0,car,35.60,78.40,42.80,2.00,17.80,223.71
DQN_w09,11,car_flow_E#10.2,car,12.80,78.60,65.80,3.20,16.84,888.90
DQN_w09,11,car_flow_E#10.3,car,15.00,79.40,64.40,0.00,7.12,888.90
DQN_w09,11,car_flow_South_Right.2,car,21.60,80.00,58.40,0.60,14.07,700.86
DQN_w09,11,car_flow_E#10.1,car,8.40,80.80,72.40,0.00,8.79,888.90
DQN_w09,11,car_flow_through.1,car,37.80,80.80,43.00,0.00,17.92,223.71
DQN_w09,11,car_flow_South_Right.3,car,26.00,81.20,55.20,0.00,15.28,700.86
DQN_w09,11,car_flow_south_E#15.3,car,25.20,83.00,57.80,0.00,5.84,795.72
DQN_w09,11,car_flow_turn_E#15.7,car,40.20,83.00,42.80,0.00,19.37,223.71
DQN_w09,11,car_flow_turn_E#10.1,car,17.80,84.20,66.40,2.60,15.26,888.41
DQN_w09,11,car_flow_turn_E#10.0,car,8.80,84.60,75.80,11.60,23.91,888.41
DQN_w09,11,car_flow_WEST_E#6.3,truck,28.20,85.60,57.40,11.40,37.58,206.25
DQN_w09,11,car_flow_south_E#18.1,truck,65.60,87.80,22.20,0.00,9.13,224.83
DQN_w09,11,car_flow_south_E#15.5,car,33.00,88.40,55.40,0.00,9.72,795.72
DQN_w09,11,car_flow_E#10.4,car,24.00,88.60,64.60,2.40,15.58,888.90
DQN_w09,11,car_flow_turn_E#13.5,car,31.40,89.40,58.00,8.40,37.07,214.25
DQN_w09,11,car_flow_south_left.9,truck,53.20,90.00,36.80,0.00,12.63,533.79
DQN_w09,11,car_flow_E#10.5,car,26.20,90.20,64.00,0.00,5.47,888.90
DQN_w09,11,car_flow_south_E#15.4,car,27.60,90.60,63.00,2.80,10.94,795.72
DQN_w09,11,car_flow_south_left.10,car,58.40,91.40,33.00,0.00,9.21,541.79
DQN_w09,11,car_flow_turn_E#13.6,car,33.60,93.00,59.40,7.00,35.61,214.25
DQN_w09,11,car_flow_turn.2,car,44.80,93.60,48.80,9.00,32.12,291.86
DQN_w09,11,car_flow_WEST_E#6.4,car,37.80,95.20,57.40,5.60,34.64,214.25
DQN_w09,11,car_flow_turn_E#10.2,car,28.20,95.40,67.20,4.00,14.30,888.41
DQN_w09,11,car_flow_turn_E#10.3,car,35.20,96.80,61.60,2.20,17.41,888.41
DQN_w09,11,car_flow_turn_E#15.8,car,42.60,97.20,54.60,12.40,34.52,223.71
DQN_w09,11,car_flow_south_E#18.2,truck,76.80,98.40,21.60,0.00,8.08,224.83
DQN_w09,11,car_flow_south_E#15.7,car,37.40,98.60,61.20,4.00,19.33,795.72
DQN_w09,11,car_flow_WEST_E#6.5,car,41.00,99.80,58.80,6.20,37.76,214.25
DQN_w09,11,car_flow_south_left.11,car,68.80,99.80,31.00,0.00,6.06,541.79
DQN_w09,22,car_flow_south_E#18.0,car,0.20,18.00,17.80,0.00,4.59,232.83
DQN_w09,22,car_flow_south_E#18.1,truck,2.00,23.80,21.80,0.00,9.22,224.83
DQN_w09,22,car_flow_WEST_E#6.0,car,0.40,26.80,26.40,0.00,4.50,214.25
DQN_w09,22,car_flow_turn.0,truck,0.40,29.20,28.80,0.00,10.41,283.86
DQN_w09,22,car_flow_turn.1,car,6.00,31.40,25.40,0.00,8.51,291.86
DQN_w09,22,car_flow_north_E#18.0,car,3.80,32.00,28.20,2.20,10.50,222.96
DQN_w09,22,car_flow_north_E#18.1,car,11.60,33.80,22.20,0.00,6.54,222.96
DQN_w09,22,car_flow_through.0,car,3.80,35.60,31.80,0.00,6.49,223.71
DQN_w09,22,car_flow_turn.2,car,10.40,36.00,25.60,0.00,6.70,291.86
DQN_w09,22,car_flow_north_E#18.2,car,13.80,36.00,22.20,0.00,6.65,222.96
DQN_w09,22,car_flow_turn_E#15.0,car,8.20,38.00,29.80,0.00,6.76,223.71
DQN_w09,22,car_flow_south_left.0,truck,4.20,39.60,35.40,0.00,14.34,533.79
DQN_w09,22,car_flow_turn_E#13.0,truck,4.00,42.20,38.20,6.00,17.06,206.25
DQN_w09,22,car_flow_turn.3,car,14.80,43.80,29.00,0.00,11.55,291.86
DQN_w09,22,car_flow_turn.4,car,17.00,45.40,28.40,0.00,10.87,291.86
DQN_w09,22,car_flow_turn_E#15.1,car,12.60,48.80,36.20,1.80,10.03,223.71
DQN_w09,22,car_flow_turn.5,car,21.40,48.80,27.40,0.00,9.66,291.86
DQN_w09,22,car_flow_north_E#18.3,truck,19.40,50.40,31.00,0.00,13.42,214.96
DQN_w09,22,car_flow_turn_E#15.2,car,19.20,50.80,31.60,0.00,11.04,223.71
DQN_w09,22,car_flow_north_E#18.4,car,22.60,52.40,29.80,0.00,12.30,222.96
DQN_w09,22,car_flow_south_E#18.2,car,18.40,52.80,34.40,9.60,21.28,232.83
DQN_w09,22,car_flow_WEST_E#6.1,truck,8.80,54.80,46.00,6.60,25.87,206.25
DQN_w09,22,car_flow_south_left.1,car,25.60,55.00,29.40,0.00,9.45,541.79
DQN_w09,22,car_flow_north_E#18.5,car,25.00,57.80,32.80,0.00,9.39,222.96
DQN_w09,22,car_flow_south_left.2,car,27.80,58.20,30.40,0.00,6.75,541.79
DQN_w09,22,car_flow_WEST_E#6.2,car,12.00,58.40,46.40,3.80,25.71,214.25
DQN_w09,22,car_flow_north_E#18.6,car,27.40,59.20,31.80,0.00,13.85,222.96
DQN_w09,22,car_flow_turn_E#15.3,car,25.80,61.40,35.60,4.80,13.61,223.71
DQN_w09,22,car_flow_north_E#18.7,car,29.80,62.20,32.40,2.20,15.52,222.96
DQN_w09,22,car_flow_turn.6,car,35.20,63.20,28.00,0.00,7.86,291.86
DQN_w09,22,car_flow_through.1,truck,29.40,65.60,36.20,0.00,11.02,215.71
DQN_w09,22,car_flow_north_E#18.8,car,32.00,65.60,33.60,0.00,14.30,222.96
DQN_w09,22,car_flow_north_E#18.9,car,34.40,67.20,32.80,0.00,15.83,222.96
DQN_w09,22,car_flow_turn.7,truck,40.80,68.20,27.40,0.00,11.24,283.86
DQN_w09,22,car_flow_turn_E#15.4,car,37.40,69.40,32.00,0.00,8.22,223.71
DQN_w09,22,car_flow_north_E#18.10,car,45.60,69.80,24.20,0.00,8.46,222.96
DQN_w09,22,car_flow_turn_E#10.1,car,11.60,70.80,59.20,0.00,10.86,888.41
DQN_w09,22,car_flow_north_E#18.11,car,48.00,72.20,24.20,0.00,8.48,222.96
DQN_w09,22,car_flow_turn_E#10.0,car,6.00,73.00,67.00,4.40,17.50,888.41
DQN_w09,22,car_flow_turn_E#15.5,car,44.20,73.60,29.40,0.00,6.59,223.71
DQN_w09,22,car_flow_south_E#18.3,car,41.40,73.80,32.40,10.40,18.32,232.83
DQN_w09,22,car_flow_south_E#15.0,car,16.00,74.80,58.80,0.00,4.86,795.72
DQN_w09,22,car_flow_South_Right.0,car,0.20,75.80,75.60,19.00,31.67,700.86
DQN_w09,22,car_flow_south_E#18.4,car,41.60,75.80,34.20,6.00,20.26,232.83
DQN_w09,22,car_flow_WEST_E#6.3,car,18.40,76.40,58.00,16.00,36.59,214.25
DQN_w09,22,car_flow_E#10.0,car,16.20,76.60,60.40,0.80,14.74,888.90
DQN_w09,22,car_flow_turn_E#10.2,car,13.80,77.00,63.20,0.00,9.23,888.41
DQN_w09,22,car_flow_WEST_E#6.4,car,20.60,78.60,58.00,11.40,38.13,214.25
DQN_w09,22,car_flow_turn_E#13.1,car,23.00,81.00,58.00,9.20,36.90,214.25
DQN_w09,22,car_flow_through.2,car,46.40,84.20,37.80,4.00,15.73,223.71
DQN_w09,22,car_flow_north_E#18.12,car,52.40,84.80,32.40,2.60,16.27,222.96
DQN_w09,22,car_flow_through.3,car,48.60,86.40,37.80,0.40,15.80,223.71
DQN_w09,22,car_flow_north_E#18.13,car,55.60,86.80,31.20,0.00,15.45,222.96
DQN_w09,22,car_flow_turn_E#6.0,car,23.60,88.40,64.80,6.60,15.91,873.09
DQN_w09,22,car_flow_turn_E#15.6,truck,52.00,89.80,37.80,0.00,13.61,215.71
DQN_w09,22,car_flow_south_E#18.5,car,44.00,90.40,46.40,14.20,34.29,232.83
DQN_w09,22,car_flow_turn_E#10.3,truck,17.40,92.20,74.80,4.80,25.25,880.41
DQN_w09,22,car_flow_south_left.3,car,63.40,92.40,29.00,0.00,7.31,541.79
DQN_w09,22,car_flow_South_Right.1,car,38.80,93.40,54.60,0.00,9.97,700.86
DQN_w09,22,car_flow_south_E#15.2,car,39.20,94.00,54.80,0.00,13.63,795.72
DQN_w09,22,car_flow_WEST_E#6.5,car,25.20,95.20,70.00,18.20,48.25,214.25
DQN_w09,22,car_flow_south_left.4,car,66.00,95.20,29.20,0.00,7.12,541.79
DQN_w09,22,car_flow_E#10.1,truck,20.80,95.80,75.00,2.80,26.20,880.90
DQN_w09,22,car_flow_south_E#18.6,car,54.80,96.20,41.40,8.40,28.23,232.83
DQN_w09,22,car_flow_turn_E#13.2,car,30.40,97.40,67.00,13.80,47.51,214.25
DQN_w09,22,car_flow_turn.8,car,55.60,97.80,42.20,6.60,20.93,291.86
DQN_w09,22,car_flow_south_E#15.1,car,36.80,99.60,62.80,0.00,12.97,795.72
DQN_w09,22,car_flow_WEST_E#6.6,car,32.60,99.80,67.20,11.80,45.42,214.25
DQN_w09,22,car_flow_north_E#18.14,car,60.00,99.80,39.80,6.60,21.99,222.96
DQN_w09,33,car_flow_north_E#18.0,car,4.20,27.20,23.00,0.00,6.78,222.96
DQN_w09,33,car_flow_turn_E#15.0,truck,0.00,29.60,29.60,0.00,6.93,215.71
DQN_w09,33,car_flow_north_E#18.1,car,7.20,29.60,22.40,0.00,6.15,222.96
DQN_w09,33,car_flow_turn.0,truck,5.00,34.00,29.00,0.00,10.51,283.86
DQN_w09,33,car_flow_north_E#18.2,car,14.80,37.40,22.60,0.00,7.31,222.96
DQN_w09,33,car_flow_through.0,car,8.20,40.20,32.00,0.00,6.88,223.71
DQN_w09,33,car_flow_south_left.0,car,11.60,41.40,29.80,0.00,6.16,541.79
DQN_w09,33,car_flow_WEST_E#6.0,truck,1.80,43.20,41.40,9.20,20.02,206.25
DQN_w09,33,car_flow_turn_E#15.1,car,10.60,46.80,36.20,3.20,14.28,223.71
DQN_w09,33,car_flow_south_left.1,car,19.80,48.60,28.80,0.00,7.10,541.79
DQN_w09,33,car_flow_through.1,car,13.00,50.40,37.40,0.00,11.93,223.71
DQN_w09,33,car_flow_north_E#18.3,car,24.00,51.80,27.80,0.00,9.31,222.96
DQN_w09,33,car_flow_turn_E#15.2,car,15.20,52.60,37.40,0.00,14.30,223.71
DQN_w09,33,car_flow_turn_E#15.3,car,17.40,54.60,37.20,0.00,14.51,223.71
DQN_w09,33,car_flow_through.2,car,19.60,58.00,38.40,0.00,11.88,223.71
DQN_w09,33,car_flow_WEST_E#6.1,car,7.40,60.00,52.60,15.20,33.53,214.25
DQN_w09,33,car_flow_South_Right.0,car,4.80,60.40,55.60,0.00,9.42,700.86
DQN_w09,33,car_flow_WEST_E#6.2,car,12.40,62.00,49.60,7.80,31.23,214.25
DQN_w09,33,car_flow_turn.1,car,21.80,62.60,40.80,8.20,22.65,291.86
DQN_w09,33,car_flow_south_E#15.0,car,2.00,62.80,60.80,0.00,5.60,795.72
DQN_w09,33,car_flow_turn_E#13.0,truck,16.00,64.60,48.60,6.20,27.59,206.25
DQN_w09,33,car_flow_south_E#18.0,bus,10.60,65.00,54.40,23.40,41.49,224.83
DQN_w09,33,car_flow_north_E#18.4,car,31.00,65.80,34.80,8.00,19.20,222.96
DQN_w09,33,car_flow_E#10.0,car,8.80,67.80,59.00,0.00,10.36,888.90
DQN_w09,33,car_flow_turn_E#13.1,car,19.20,68.00,48.80,5.20,29.61,214.25
DQN_w09,33,car_flow_south_E#15.1,truck,11.60,68.80,57.20,0.00,8.34,787.72
DQN_w09,33,car_flow_north_E#18.5,car,33.40,69.40,36.00,4.40,17.60,222.96
DQN_w09,33,car_flow_through.3,truck,25.20,71.00,45.80,4.20,21.62,215.71
DQN_w09,33,car_flow_turn.2,car,28.40,72.00,43.60,4.40,28.19,291.86
DQN_w09,33,car_flow_turn.3,car,30.60,73.60,43.00,1.00,26.68,291.86
DQN_w09,33,car_flow_south_E#18.1,car,30.80,75.40,44.60,13.20,29.43,232.83
DQN_w09,33,car_flow_turn.4,car,33.00,75.80,42.80,0.00,24.94,291.86
DQN_w09,33,car_flow_south_E#18.2,car,35.80,76.40,40.60,5.80,26.83,232.83
DQN_w09,33,car_flow_turn_E#10.1,car,9.40,76.80,67.40,1.00,12.68,888.41
DQN_w09,33,car_flow_north_E#18.6,car,40.60,77.00,36.40,2.60,20.16,222.96
DQN_w09,33,car_flow_south_left.2,car,49.00,77.60,28.60,0.00,6.80,541.79
DQN_w09,33,car_flow_turn_E#10.2,car,11.80,77.80,66.00,0.00,12.16,888.41
DQN_w09,33,car_flow_turn_E#13.2,car,25.60,77.80,52.20,7.80,27.44,214.25
DQN_w09,33,car_flow_south_E#15.4,car,21.80,79.00,57.20,0.00,17.40,795.72
DQN_w09,33,car_flow_north_E#18.7,car,44.20,79.00,34.80,0.00,18.91,222.96
DQN_w09,33,car_flow_E#10.1,car,15.60,79.20,63.60,4.20,17.07,888.90
DQN_w09,33,car_flow_turn_E#10.0,car,7.00,79.80,72.80,3.40,14.64,888.41
DQN_w09,33,car_flow_WEST_E#6.3,car,27.80,79.80,52.00,3.20,31.89,214.25
DQN_w09,33,car_flow_south_E#15.2,car,17.20,81.00,63.80,3.40,14.16,795.72
DQN_w09,33,car_flow_south_E#15.3,car,19.60,82.40,62.80,0.20,12.00,795.72
DQN_w09,33,car_flow_south_left.3,car,54.00,82.60,28.60,0.00,7.13,541.79
DQN_w09,33,car_flow_south_E#18.3,car,36.60,83.00,46.40,8.80,33.15,232.83
DQN_w09,33,car_flow_South_Right.1,car,18.00,83.20,65.20,3.00,15.48,700.86
DQN_w09,33,car_flow_turn_E#13.3,car,30.00,83.20,53.20,0.20,27.11,214.25
DQN_w09,33,car_flow_south_E#18.4,car,51.00,84.00,33.00,2.60,20.98,232.83
DQN_w09,33,car_flow_South_Right.2,car,23.20,84.60,61.40,0.00,12.13,700.86
DQN_w09,33,car_flow_WEST_E#6.4,car,32.20,85.40,53.20,0.00,33.31,214.25
DQN_w09,33,car_flow_south_E#15.5,bus,27.40,85.60,58.20,0.00,10.20,787.72
DQN_w09,33,car_flow_south_E#18.5,car,64.80,85.80,21.00,0.00,9.36,232.83
DQN_w09,33,car_flow_WEST_E#6.5,car,44.40,87.40,43.00,0.00,23.02,214.25
DQN_w09,33,car_flow_South_Right.3,car,33.80,87.60,53.80,0.00,10.93,700.86
DQN_w09,33,car_flow_south_left.4,car,57.20,87.60,30.40,0.00,6.23,541.79
DQN_w09,33,car_flow_turn_E#10.3,car,17.80,87.80,70.00,9.80,22.36,888.41
DQN_w09,33,car_flow_south_E#18.6,car,65.00,88.00,23.00,0.40,11.43,232.83
DQN_w09,33,car_flow_south_left.5,car,59.40,89.00,29.60,0.00,7.92,541.79
DQN_w09,33,car_flow_turn_E#10.4,car,20.00,89.60,69.60,5.40,21.12,888.41
DQN_w09,33,car_flow_turn_E#13.4,car,48.40,89.80,41.40,0.00,19.86,214.25
DQN_w09,33,car_flow_turn.5,truck,36.60,92.00,55.40,7.40,38.59,283.86
DQN_w09,33,car_flow_WEST_E#6.6,car,50.60,92.40,41.80,0.00,18.92,214.25
DQN_w09,33,car_flow_south_E#15.6,car,38.40,94.00,55.60,0.80,14.82,795.72
DQN_w09,33,car_flow_south_left.6,car,63.80,94.60,30.80,0.00,5.70,541.79
DQN_w09,33,car_flow_WEST_E#6.7,car,54.60,95.00,40.40,0.00,16.68,214.25
DQN_w09,33,car_flow_north_E#18.8,car,58.00,95.40,37.40,3.60,18.57,222.96
DQN_w09,33,car_flow_south_left.7,car,66.20,95.80,29.60,0.00,11.22,541.79
DQN_w09,33,car_flow_WEST_E#6.8,truck,60.00,97.20,37.20,0.00,17.26,206.25
DQN_w09,33,car_flow_south_E#18.7,car,74.80,97.80,23.00,1.00,10.76,232.83
DQN_w10,11,car_flow_north_E#18.0,truck,0.40,25.40,25.00,0.00,8.41,214.96
DQN_w10,11,car_flow_turn.0,car,2.40,26.80,24.40,0.00,5.41,291.86
DQN_w10,11,car_flow_turn_E#15.0,car,0.00,30.20,30.20,0.00,3.56,223.71
DQN_w10,11,car_flow_north_E#18.1,car,8.60,33.00,24.40,0.00,4.15,222.96
DQN_w10,11,car_flow_north_E#18.2,car,10.80,34.80,24.00,0.00,5.77,222.96
DQN_w10,11,car_flow_turn_E#15.1,car,9.00,38.00,29.00,0.00,3.55,223.71
DQN_w10,11,car_flow_north_E#18.3,truck,14.20,39.40,25.20,0.00,8.50,214.96
DQN_w10,11,car_flow_turn_E#15.2,car,12.60,41.20,28.60,0.00,3.99,223.71
DQN_w10,11,car_flow_turn_E#15.3,car,17.00,46.60,29.60,0.00,3.71,223.71
DQN_w10,11,car_flow_south_left.0,car,17.20,46.80,29.60,0.00,7.06,541.79
DQN_w10,11,car_flow_north_E#18.4,car,22.60,46.80,24.20,0.00,6.64,222.96
DQN_w10,11,car_flow_WEST_E#6.0,car,0.00,48.80,48.80,19.80,28.66,214.25
DQN_w10,11,car_flow_south_left.1,car,19.40,49.00,29.60,0.00,7.17,541.79
DQN_w10,11,car_flow_turn_E#13.0,car,2.40,51.40,49.00,13.80,26.09,214.25
DQN_w10,11,car_flow_south_left.2,car,21.80,53.20,31.40,0.00,6.29,541.79
DQN_w10,11,car_flow_WEST_E#6.1,car,4.80,53.80,49.00,11.60,25.55,214.25
DQN_w10,11,car_flow_south_E#15.1,car,6.20,54.60,48.40,0.00,6.23,795.72
DQN_w10,11,car_flow_turn.1,car,28.80,55.80,27.00,0.00,8.64,291.86
DQN_w10,11,car_flow_south_E#15.0,car,3.80,56.00,52.20,0.00,5.79,795.72
DQN_w10,11,car_flow_turn_E#13.1,car,7.00,56.20,49.20,9.80,26.25,214.25
DQN_w10,11,car_flow_E#10.0,car,1.60,57.20,55.60,0.00,6.00,888.90
DQN_w10,11,car_flow_turn_E#15.4,car,22.80,58.60,35.80,4.80,10.40,223.71
DQN_w10,11,car_flow_north_E#18.5,car,29.40,58.80,29.40,0.00,11.01,222.96
DQN_w10,11,car_flow_South_Right.0,car,7.80,60.40,52.60,0.00,9.44,700.86
DQN_w10,11,car_flow_south_left.3,car,29.00,60.40,31.40,0.00,5.76,541.79
DQN_w10,11,car_flow_south_E#18.0,car,31.60,61.00,29.40,5.60,17.52,232.83
DQN_w10,11,car_flow_turn_E#15.5,car,25.00,61.20,36.20,0.00,9.89,223.71
DQN_w10,11,car_flow_south_left.4,car,32.00,62.00,30.00,0.00,8.54,541.79
DQN_w10,11,car_flow_south_left.5,car,34.20,63.40,29.20,0.00,8.31,541.79
DQN_w10,11,car_flow_WEST_E#6.2,car,12.40,64.40,52.00,12.00,30.30,214.25
DQN_w10,11,car_flow_South_Right.1,car,14.20,65.20,51.00,0.00,9.91,700.86
DQN_w10,11,car_flow_turn_E#13.2,car,19.40,66.80,47.40,3.20,25.42,214.25
DQN_w10,11,car_flow_south_left.6,car,38.80,68.80,30.00,0.00,9.68,541.79
DQN_w10,11,car_flow_turn_E#13.3,car,22.40,69.00,46.60,0.60,24.78,214.25
DQN_w10,11,car_flow_turn_E#15.6,truck,32.40,71.20,38.80,0.60,16.11,215.71
DQN_w10,11,car_flow_north_E#18.6,car,41.80,72.40,30.60,0.00,11.65,222.96
DQN_w10,11,car_flow_turn_E#6.0,car,4.80,74.00,69.20,15.60,26.09,873.09
DQN_w10,11,car_flow_south_left.7,car,43.20,75.40,32.20,0.00,5.97,541.79
DQN_w10,11,car_flow_through.0,car,35.60,75.80,40.20,0.00,15.20,223.71
DQN_w10,11,car_flow_south_E#15.2,bus,19.20,76.60,57.40,0.00,9.37,787.72
DQN_w10,11,car_flow_south_left.8,car,45.40,76.60,31.20,0.00,9.58,541.79
DQN_w10,11,car_flow_E#10.2,car,12.80,78.00,65.20,3.20,16.31,888.90
DQN_w10,11,car_flow_through.1,car,37.80,78.20,40.40,0.00,15.31,223.71
DQN_w10,11,car_flow_north_E#18.7,truck,51.00,78.20,27.20,0.00,10.27,214.96
DQN_w10,11,car_flow_E#10.3,car,15.00,78.80,63.80,0.00,6.48,888.90
DQN_w10,11,car_flow_E#10.1,car,8.40,80.20,71.80,0.00,8.27,888.90
DQN_w10,11,car_flow_turn_E#15.7,car,40.20,80.20,40.00,0.00,16.65,223.71
DQN_w10,11,car_flow_South_Right.2,car,21.60,81.00,59.40,1.60,15.09,700.86
DQN_w10,11,car_flow_South_Right.3,car,26.00,82.20,56.20,0.00,16.30,700.86
DQN_w10,11,car_flow_turn_E#15.8,car,42.60,82.20,39.60,0.00,19.54,223.71
DQN_w10,11,car_flow_turn.2,car,44.80,82.40,37.60,2.80,20.91,291.86
DQN_w10,11,car_flow_south_E#15.3,car,25.00,82.80,57.80,0.00,5.72,795.72
DQN_w10,11,car_flow_turn_E#10.1,car,17.80,84.00,66.20,2.60,15.00,888.41
DQN_w10,11,car_flow_turn_E#10.0,car,8.80,84.40,75.60,11.60,23.81,888.41
DQN_w10,11,car_flow_turn_E#13.4,car,24.80,87.20,62.40,14.00,39.19,214.25
DQN_w10,11,car_flow_E#10.4,car,24.00,88.20,64.20,3.00,15.12,888.90
DQN_w10,11,car_flow_south_E#15.5,car,32.60,88.60,56.00,0.00,10.06,795.72
DQN_w10,11,car_flow_through.2,truck,48.20,90.00,41.80,0.00,19.06,215.71
DQN_w10,11,car_flow_south_left.9,truck,53.20,90.00,36.80,0.00,12.63,533.79
DQN_w10,11,car_flow_south_E#15.4,car,27.20,90.80,63.60,3.40,11.52,795.72
DQN_w10,11,car_flow_south_left.10,car,58.40,91.40,33.00,0.00,9.21,541.79
DQN_w10,11,car_flow_turn.3,car,51.40,93.20,41.80,2.00,21.87,291.86
DQN_w10,11,car_flow_south_E#15.7,car,37.00,93.60,56.60,0.00,14.68,795.72
DQN_w10,11,car_flow_turn.4,car,53.60,94.40,40.80,0.00,22.90,291.86
DQN_w10,11,car_flow_turn_E#10.2,car,28.20,95.40,67.20,4.20,14.24,888.41
DQN_w10,11,car_flow_turn_E#10.3,car,35.20,95.40,60.20,2.20,16.08,888.41
DQN_w10,11,car_flow_E#10.5,car,26.20,98.20,72.00,5.00,13.45,888.90
DQN_w10,11,car_flow_south_E#15.10,car,46.60,98.60,52.00,0.00,12.18,795.72
DQN_w10,11,car_flow_south_E#15.6,car,34.80,99.20,64.40,2.60,14.31,795.72
DQN_w10,11,car_flow_south_left.11,car,68.80,99.80,31.00,0.00,6.06,541.79
DQN_w10,22,car_flow_south_E#18.0,car,0.20,19.20,19.00,0.00,5.79,232.83
DQN_w10,22,car_flow_north_E#18.0,car,3.80,25.80,22.00,0.00,4.32,222.96
DQN_w10,22,car_flow_WEST_E#6.0,car,0.40,26.80,26.40,0.00,4.50,214.25
DQN_w10,22,car_flow_turn.0,truck,0.40,28.60,28.20,0.00,9.92,283.86
DQN_w10,22,car_flow_turn.1,car,6.00,31.00,25.00,0.00,8.07,291.86
DQN_w10,22,car_flow_north_E#18.1,car,11.60,31.80,20.20,0.00,4.66,222.96
DQN_w10,22,car_flow_north_E#18.2,car,13.80,34.80,21.00,0.00,5.29,222.96
DQN_w10,22,car_flow_through.0,car,3.80,35.00,31.20,0.00,6.01,223.71
DQN_w10,22,car_flow_turn.2,car,10.40,35.40,25.00,0.00,6.22,291.86
DQN_w10,22,car_flow_turn_E#15.0,car,8.20,37.60,29.40,0.00,6.33,223.71
DQN_w10,22,car_flow_south_left.0,truck,4.20,39.60,35.40,0.00,14.34,533.79
DQN_w10,22,car_flow_turn_E#13.0,truck,4.00,41.60,37.60,5.40,16.47,206.25
DQN_w10,22,car_flow_WEST_E#6.1,truck,8.80,45.20,36.40,0.00,16.30,206.25
DQN_w10,22,car_flow_south_E#18.1,truck,2.00,46.40,44.40,14.60,31.65,224.83
DQN_w10,22,car_flow_turn.3,car,14.80,48.20,33.40,0.00,16.00,291.86
DQN_w10,22,car_flow_WEST_E#6.2,car,12.00,48.80,36.80,0.00,16.16,214.25
DQN_w10,22,car_flow_turn.4,car,17.00,49.40,32.40,0.00,14.91,291.86
DQN_w10,22,car_flow_south_E#18.2,car,18.20,52.80,34.60,4.80,21.63,232.83
DQN_w10,22,car_flow_turn_E#15.1,car,12.60,53.00,40.40,2.20,14.41,223.71
DQN_w10,22,car_flow_south_left.1,car,25.60,55.00,29.40,0.00,9.45,541.79
DQN_w10,22,car_flow_WEST_E#6.3,car,18.40,55.40,37.00,1.40,15.44,214.25
DQN_w10,22,car_flow_north_E#18.3,truck,19.40,56.40,37.00,0.00,19.34,214.96
DQN_w10,22,car_flow_WEST_E#6.4,car,20.60,57.40,36.80,0.00,16.97,214.25
DQN_w10,22,car_flow_south_left.2,car,27.80,58.20,30.40,0.00,6.75,541.79
DQN_w10,22,car_flow_turn.5,car,21.40,58.80,37.40,2.00,19.73,291.86
DQN_w10,22,car_flow_turn_E#13.1,car,23.00,59.80,36.80,0.00,15.69,214.25
DQN_w10,22,car_flow_South_Right.0,car,0.20,60.20,60.00,3.40,16.06,700.86
DQN_w10,22,car_flow_turn_E#15.2,car,19.20,61.80,42.60,4.60,22.07,223.71
DQN_w10,22,car_flow_north_E#18.4,car,22.80,62.80,40.00,3.40,22.65,222.96
DQN_w10,22,car_flow_turn_E#15.3,car,26.00,64.40,38.40,0.00,16.33,223.71
DQN_w10,22,car_flow_north_E#18.5,car,25.20,68.60,43.40,0.40,20.05,222.96
DQN_w10,22,car_flow_WEST_E#6.5,car,25.20,69.20,44.00,6.00,22.22,214.25
DQN_w10,22,car_flow_turn_E#10.1,car,11.60,70.80,59.20,0.00,10.80,888.41
DQN_w10,22,car_flow_turn_E#13.2,car,30.40,71.20,40.80,2.60,21.47,214.25
DQN_w10,22,car_flow_north_E#18.6,car,27.60,72.00,44.40,3.40,26.54,222.96
DQN_w10,22,car_flow_turn_E#10.0,car,6.00,73.00,67.00,4.40,17.56,888.41
DQN_w10,22,car_flow_north_E#18.7,car,29.80,74.00,44.20,0.40,27.37,222.96
DQN_w10,22,car_flow_south_E#15.0,car,16.00,74.40,58.40,0.00,4.45,795.72
DQN_w10,22,car_flow_through.1,truck,29.40,75.40,46.00,2.20,20.80,215.71
DQN_w10,22,car_flow_south_E#18.3,car,46.40,75.60,29.20,4.80,15.03,232.83
DQN_w10,22,car_flow_north_E#18.8,car,32.20,77.20,45.00,0.00,25.80,222.96
DQN_w10,22,car_flow_turn.6,car,35.20,78.20,43.00,3.40,22.83,291.86
DQN_w10,22,car_flow_WEST_E#6.6,car,32.80,80.60,47.80,6.60,25.94,214.25
DQN_w10,22,car_flow_north_E#18.9,car,34.60,83.60,49.00,2.80,32.25,222.96
DQN_w10,22,car_flow_south_E#18.4,car,46.60,83.60,37.00,5.60,22.96,232.83
DQN_w10,22,car_flow_turn_E#15.4,car,37.60,83.80,46.20,0.60,22.40,223.71
DQN_w10,22,car_flow_south_E#18.5,car,49.00,84.80,35.80,1.80,23.78,232.83
DQN_w10,22,car_flow_turn_E#10.2,car,13.80,85.20,71.40,3.40,17.40,888.41
DQN_w10,22,car_flow_E#10.0,car,16.20,86.00,69.80,9.80,24.12,888.90
DQN_w10,22,car_flow_WEST_E#6.7,car,35.20,86.20,51.00,4.80,29.69,214.25
DQN_w10,22,car_flow_turn_E#6.0,car,23.60,87.40,63.80,5.60,14.92,873.09
DQN_w10,22,car_flow_turn_E#13.3,car,54.20,88.40,34.20,0.00,13.14,214.25
DQN_w10,22,car_flow_turn_E#10.4,car,20.60,90.20,69.60,8.00,22.16,888.41
DQN_w10,22,car_flow_turn_E#13.4,car,56.40,90.60,34.20,0.00,15.48,214.25
DQN_w10,22,car_flow_south_E#18.6,car,64.60,91.80,27.20,1.20,14.04,232.83
DQN_w10,22,car_flow_turn_E#13.5,car,61.40,92.40,31.00,0.00,13.42,214.25
DQN_w10,22,car_flow_south_left.3,car,63.40,92.40,29.00,0.00,7.31,541.79
DQN_w10,22,car_flow_turn_E#10.3,truck,17.40,92.60,75.20,4.80,25.62,880.41
DQN_w10,22,car_flow_turn.7,truck,41.00,93.40,52.40,4.40,36.41,283.86
DQN_w10,22,car_flow_north_E#18.10,car,50.60,93.40,42.80,0.40,27.19,222.96
DQN_w10,22,car_flow_E#10.2,car,30.00,94.00,64.00,5.20,19.39,888.90
DQN_w10,22,car_flow_south_left.4,car,66.00,95.20,29.20,0.00,7.12,541.79
DQN_w10,22,car_flow_turn_E#13.6,car,65.20,96.60,31.40,0.00,7.23,214.25
DQN_w10,22,car_flow_South_Right.1,car,38.80,98.40,59.60,1.80,14.88,700.86
DQN_w10,33,car_flow_north_E#18.0,car,4.20,26.40,22.20,0.00,5.88,222.96
DQN_w10,33,car_flow_north_E#18.1,car,7.20,28.80,21.60,0.00,5.41,222.96
DQN_w10,33,car_flow_turn_E#15.0,truck,0.00,29.60,29.60,0.00,6.93,215.71
DQN_w10,33,car_flow_turn.0,truck,5.00,33.20,28.20,0.00,9.66,283.86
DQN_w10,33,car_flow_north_E#18.2,car,14.80,37.20,22.40,0.00,6.97,222.96
DQN_w10,33,car_flow_through.0,car,8.20,39.40,31.20,0.00,6.03,223.71
DQN_w10,33,car_flow_turn_E#15.1,car,10.60,41.40,30.80,0.00,8.90,223.71
DQN_w10,33,car_flow_south_left.0,car,11.60,41.40,29.80,0.00,6.16,541.79
DQN_w10,33,car_flow_through.1,car,13.00,48.60,35.60,1.80,10.14,223.71
DQN_w10,33,car_flow_south_left.1,car,19.80,48.60,28.80,0.00,7.10,541.79
DQN_w10,33,car_flow_turn_E#15.2,car,15.20,50.80,35.60,0.00,12.51,223.71
DQN_w10,33,car_flow_turn_E#15.3,car,17.40,52.80,35.40,0.00,12.72,223.71
DQN_w10,33,car_flow_turn.1,car,21.80,54.00,32.20,0.00,14.03,291.86
DQN_w10,33,car_flow_through.2,car,19.60,58.80,39.20,2.20,12.81,223.71
DQN_w10,33,car_flow_north_E#18.3,car,23.60,60.80,37.20,0.60,18.62,222.96
DQN_w10,33,car_flow_WEST_E#6.0,truck,1.80,61.40,59.60,27.40,38.21,206.25
DQN_w10,33,car_flow_south_E#15.0,car,2.00,61.80,59.80,0.00,4.43,795.72
DQN_w10,33,car_flow_south_E#18.0,bus,10.60,63.20,52.60,21.80,39.89,224.83
DQN_w10,33,car_flow_South_Right.0,car,4.80,64.80,60.00,1.20,13.73,700.86
DQN_w10,33,car_flow_WEST_E#6.1,car,7.40,64.80,57.40,22.60,38.40,214.25
DQN_w10,33,car_flow_WEST_E#6.2,car,12.40,66.80,54.40,18.60,36.10,214.25
DQN_w10,33,car_flow_south_E#15.1,truck,11.60,68.80,57.20,0.00,8.23,787.72
DQN_w10,33,car_flow_E#10.0,car,8.80,69.00,60.20,0.00,11.60,888.90
DQN_w10,33,car_flow_through.3,truck,25.20,71.40,46.20,7.00,22.18,215.71
DQN_w10,33,car_flow_turn.2,car,28.40,72.20,43.80,5.40,28.29,291.86
DQN_w10,33,car_flow_turn.3,car,30.80,73.40,42.60,1.60,26.52,291.86
DQN_w10,33,car_flow_south_E#18.1,car,30.60,75.20,44.60,12.20,29.48,232.83
DQN_w10,33,car_flow_turn.4,car,33.00,76.00,43.00,0.00,25.07,291.86
DQN_w10,33,car_flow_south_E#18.2,car,35.60,76.40,40.80,5.60,26.89,232.83
DQN_w10,33,car_flow_north_E#18.4,car,30.80,76.60,45.80,0.80,30.08,222.96
DQN_w10,33,car_flow_south_left.2,car,49.00,77.60,28.60,0.00,6.80,541.79
DQN_w10,33,car_flow_turn_E#13.0,truck,16.00,78.00,62.00,19.00,41.17,206.25
DQN_w10,33,car_flow_turn_E#10.1,car,9.40,78.80,69.40,1.00,14.79,888.41
DQN_w10,33,car_flow_E#10.1,car,15.60,79.20,63.60,2.60,17.04,888.90
DQN_w10,33,car_flow_south_E#15.2,car,17.00,79.80,62.80,5.40,13.00,795.72
DQN_w10,33,car_flow_north_E#18.5,car,33.20,80.20,47.00,0.00,28.45,222.96
DQN_w10,33,car_flow_turn_E#13.1,car,19.20,81.40,62.20,14.20,43.14,214.25
DQN_w10,33,car_flow_turn_E#10.0,car,7.00,82.20,75.20,3.40,17.11,888.41
DQN_w10,33,car_flow_south_left.3,car,54.00,82.60,28.60,0.00,7.13,541.79
DQN_w10,33,car_flow_south_E#15.4,car,21.40,82.80,61.40,4.60,21.67,795.72
DQN_w10,33,car_flow_south_E#18.3,car,35.80,82.80,47.00,8.80,33.87,232.83
DQN_w10,33,car_flow_south_E#15.3,car,19.20,83.60,64.40,1.40,13.52,795.72
DQN_w10,33,car_flow_south_E#18.4,car,51.00,84.00,33.00,2.60,21.07,232.83
DQN_w10,33,car_flow_South_Right.1,car,18.00,84.40,66.40,4.60,16.69,700.86
DQN_w10,33,car_flow_turn_E#10.3,car,17.80,85.00,67.20,2.00,19.55,888.41
DQN_w10,33,car_flow_turn_E#13.2,car,25.60,85.60,60.00,9.40,35.18,214.25
DQN_w10,33,car_flow_turn.5,truck,36.40,87.20,50.80,2.20,33.78,283.86
DQN_w10,33,car_flow_WEST_E#6.3,car,27.80,87.60,59.80,6.60,39.65,214.25
DQN_w10,33,car_flow_north_E#18.6,car,40.40,87.60,47.20,1.40,30.83,222.96
DQN_w10,33,car_flow_south_left.4,car,57.20,87.60,30.40,0.00,6.23,541.79
DQN_w10,33,car_flow_turn.6,truck,41.40,88.60,47.20,0.00,31.21,283.86
DQN_w10,33,car_flow_south_left.5,car,59.40,89.00,29.60,0.00,7.92,541.79
DQN_w10,33,car_flow_turn_E#10.2,car,11.80,89.60,77.80,4.40,24.06,888.41
DQN_w10,33,car_flow_north_E#18.7,car,44.20,89.60,45.40,0.00,29.51,222.96
DQN_w10,33,car_flow_turn_E#13.3,car,30.00,91.00,61.00,5.00,34.96,214.25
DQN_w10,33,car_flow_WEST_E#6.4,car,32.20,93.00,60.80,3.60,41.08,214.25
DQN_w10,33,car_flow_south_left.6,car,63.80,94.60,30.80,0.00,5.70,541.79
DQN_w10,33,car_flow_north_E#18.8,car,60.00,95.00,35.00,0.00,16.03,222.96
DQN_w10,33,car_flow_through.4,truck,46.40,95.20,48.80,0.00,26.36,215.71
DQN_w10,33,car_flow_south_left.7,car,66.20,95.80,29.60,0.00,11.22,541.79
DQN_w10,33,car_flow_turn_E#10.4,car,20.00,96.20,76.20,3.80,27.75,888.41
DQN_w10,33,car_flow_north_E#18.9,car,67.80,96.80,29.00,0.00,14.01,222.96
DQN_w10,33,car_flow_through.5,car,49.60,98.80,49.20,0.00,25.87,223.71
DQN_w11,11,car_flow_north_E#18.0,truck,0.40,25.40,25.00,0.00,8.41,214.96
DQN_w11,11,car_flow_turn.0,car,2.40,26.80,24.40,0.00,5.41,291.86
DQN_w11,11,car_flow_turn_E#15.0,car,0.00,30.20,30.20,0.00,3.56,223.71
DQN_w11,11,car_flow_north_E#18.1,car,8.60,33.00,24.40,0.00,4.15,222.96
DQN_w11,11,car_flow_north_E#18.2,car,10.80,34.80,24.00,0.00,5.77,222.96
DQN_w11,11,car_flow_turn_E#15.1,car,9.00,38.00,29.00,0.00,3.55,223.71
DQN_w11,11,car_flow_north_E#18.3,truck,14.20,39.40,25.20,0.00,8.50,214.96
DQN_w11,11,car_flow_turn_E#15.2,car,12.60,41.20,28.60,0.00,3.98,223.71
DQN_w11,11,car_flow_turn_E#15.3,car,17.00,46.60,29.60,0.00,3.73,223.71
DQN_w11,11,car_flow_south_left.0,car,17.20,46.80,29.60,0.00,7.06,541.79
DQN_w11,11,car_flow_north_E#18.4,car,22.60,46.80,24.20,0.00,6.64,222.96
DQN_w11,11,car_flow_south_left.1,car,19.40,49.00,29.60,0.00,7.17,541.79
DQN_w11,11,car_flow_turn_E#15.4,car,22.80,51.60,28.80,0.00,3.52,223.71
DQN_w11,11,car_flow_turn.1,car,28.80,52.40,23.60,0.00,5.23,291.86
DQN_w11,11,car_flow_south_E#18.0,car,31.60,52.60,21.00,0.00,9.19,232.83
DQN_w11,11,car_flow_south_left.2,car,21.80,53.20,31.40,0.00,6.29,541.79
DQN_w11,11,car_flow_north_E#18.5,car,29.40,53.80,24.40,0.00,5.90,222.96
DQN_w11,11,car_flow_south_E#15.1,car,6.20,54.60,48.40,0.00,6.25,795.72
DQN_w11,11,car_flow_turn_E#15.5,car,25.00,55.20,30.20,0.00,3.87,223.71
DQN_w11,11,car_flow_south_E#15.0,car,3.80,56.00,52.20,0.00,5.77,795.72
DQN_w11,11,car_flow_south_left.3,car,29.00,60.40,31.40,0.00,5.76,541.79
DQN_w11,11,car_flow_turn_E#15.6,truck,32.40,61.80,29.40,0.00,6.61,215.71
DQN_w11,11,car_flow_south_left.4,car,32.00,62.00,30.00,0.00,8.54,541.79
DQN_w11,11,car_flow_south_left.5,car,34.20,63.40,29.20,0.00,8.31,541.79
DQN_w11,11,car_flow_north_E#18.6,car,41.40,65.20,23.80,0.00,4.81,222.96
DQN_w11,11,car_flow_through.0,car,35.60,66.60,31.00,0.00,6.00,223.71
DQN_w11,11,car_flow_South_Right.0,car,7.80,68.60,60.80,5.20,17.71,700.86
DQN_w11,11,car_flow_south_left.6,car,38.80,68.80,30.00,0.00,9.68,541.79
DQN_w11,11,car_flow_through.1,car,37.80,69.20,31.40,0.00,6.29,223.71
DQN_w11,11,car_flow_turn.2,car,44.60,69.20,24.60,0.00,7.93,291.86
DQN_w11,11,car_flow_turn_E#15.7,car,40.00,71.20,31.20,0.00,7.83,223.71
DQN_w11,11,car_flow_turn_E#15.8,car,42.40,73.20,30.80,0.00,10.73,223.71
DQN_w11,11,car_flow_north_E#18.7,truck,49.60,74.80,25.20,0.00,8.39,214.96
DQN_w11,11,car_flow_turn_E#6.0,car,4.80,75.20,70.40,16.60,27.12,873.09
DQN_w11,11,car_flow_south_left.7,car,43.20,75.40,32.20,0.00,5.97,541.79
DQN_w11,11,car_flow_south_E#15.2,bus,19.20,76.60,57.40,0.00,9.38,787.72
DQN_w11,11,car_flow_south_left.8,car,45.40,76.60,31.20,0.00,9.58,541.79
DQN_w11,11,car_flow_through.2,truck,48.00,77.20,29.20,0.00,6.47,215.71
DQN_w11,11,car_flow_South_Right.1,car,14.20,77.40,63.20,5.20,22.29,700.86
DQN_w11,11,car_flow_E#10.0,car,1.60,77.60,76.00,14.40,26.45,888.90
DQN_w11,11,car_flow_E#10.2,car,12.80,78.00,65.20,3.20,16.27,888.90
DQN_w11,11,car_flow_South_Right.2,car,21.60,79.00,57.40,0.00,13.00,700.86
DQN_w11,11,car_flow_E#10.3,car,15.00,79.60,64.60,0.00,7.34,888.90
DQN_w11,11,car_flow_E#10.1,car,8.40,79.80,71.40,0.00,7.86,888.90
DQN_w11,11,car_flow_South_Right.3,car,26.00,80.60,54.60,0.00,14.53,700.86
DQN_w11,11,car_flow_WEST_E#6.0,car,0.00,80.80,80.80,53.20,60.80,214.25
DQN_w11,11,car_flow_south_E#15.3,car,25.00,82.80,57.80,0.00,5.71,795.72
DQN_w11,11,car_flow_turn.3,car,51.20,83.00,31.80,5.00,11.88,291.86
DQN_w11,11,car_flow_turn_E#13.0,car,2.40,84.20,81.80,47.20,58.93,214.25
DQN_w11,11,car_flow_turn.4,car,53.40,84.20,30.80,0.40,12.80,291.86
DQN_w11,11,car_flow_south_E#15.5,car,32.60,84.40,51.80,0.00,5.93,795.72
DQN_w11,11,car_flow_south_E#15.4,car,27.20,85.00,57.80,0.00,5.54,795.72
DQN_w11,11,car_flow_south_E#15.7,car,37.00,85.80,48.80,0.00,6.83,795.72
DQN_w11,11,car_flow_WEST_E#6.1,car,4.80,86.80,82.00,45.00,58.34,214.25
DQN_w11,11,car_flow_turn_E#13.1,car,7.00,89.00,82.00,43.20,59.13,214.25
DQN_w11,11,car_flow_south_E#15.6,car,34.80,90.00,55.20,0.00,5.09,795.72
DQN_w11,11,car_flow_south_left.9,truck,53.20,90.00,36.80,0.00,12.63,533.79
DQN_w11,11,car_flow_south_left.10,car,58.40,91.40,33.00,0.00,9.21,541.79
DQN_w11,11,car_flow_south_E#15.10,car,46.00,92.20,46.20,0.00,6.55,795.72
DQN_w11,11,car_flow_north_E#18.8,car,69.00,92.60,23.60,0.00,6.94,222.96
DQN_w11,11,car_flow_turn_E#15.9,car,59.60,94.40,34.80,0.00,4.78,223.71
DQN_w11,11,car_flow_south_E#15.8,car,39.20,96.60,57.40,0.00,5.09,795.72
DQN_w11,11,car_flow_turn_E#15.10,car,61.80,96.80,35.00,0.00,7.27,223.71
DQN_w11,11,car_flow_south_E#18.1,truck,59.40,98.60,39.20,7.20,26.09,224.83
DQN_w11,11,car_flow_WEST_E#6.2,car,12.40,98.80,86.40,45.00,64.79,214.25
DQN_w11,11,car_flow_south_left.11,car,68.80,99.80,31.00,0.00,6.06,541.79
DQN_w11,22,car_flow_south_E#18.0,car,0.20,19.20,19.00,0.00,5.79,232.83
DQN_w11,22,car_flow_north_E#18.0,car,3.80,25.80,22.00,0.00,4.32,222.96
DQN_w11,22,car_flow_WEST_E#6.0,car,0.40,26.80,26.40,0.00,4.50,214.25
DQN_w11,22,car_flow_turn.0,truck,0.40,28.60,28.20,0.00,9.92,283.86
DQN_w11,22,car_flow_turn.1,car,6.00,31.00,25.00,0.00,8.07,291.86
DQN_w11,22,car_flow_north_E#18.1,car,11.60,31.80,20.20,0.00,4.66,222.96
DQN_w11,22,car_flow_north_E#18.2,car,13.80,34.80,21.00,0.00,5.29,222.96
DQN_w11,22,car_flow_through.0,car,3.80,35.00,31.20,0.00,6.00,223.71
DQN_w11,22,car_flow_turn.2,car,10.40,35.40,25.00,0.00,6.20,291.86
DQN_w11,22,car_flow_turn_E#15.0,car,8.20,37.60,29.40,0.00,6.34,223.71
DQN_w11,22,car_flow_turn.3,car,14.80,39.20,24.40,0.00,6.98,291.86
DQN_w11,22,car_flow_south_left.0,truck,4.20,39.60,35.40,0.00,14.34,533.79
DQN_w11,22,car_flow_turn.4,car,17.00,41.40,24.40,0.00,6.87,291.86
DQN_w11,22,car_flow_turn_E#15.1,car,12.60,43.40,30.80,0.00,4.66,223.71
DQN_w11,22,car_flow_turn.5,car,21.40,45.40,24.00,0.00,6.25,291.86
DQN_w11,22,car_flow_north_E#18.3,truck,19.40,45.40,26.00,0.00,8.46,214.96
DQN_w11,22,car_flow_turn_E#15.2,car,19.20,46.20,27.00,0.00,6.48,223.71
DQN_w11,22,car_flow_north_E#18.4,car,22.80,47.40,24.60,0.00,7.10,222.96
DQN_w11,22,car_flow_turn_E#15.3,car,26.00,52.20,26.20,0.00,4.13,223.71
DQN_w11,22,car_flow_north_E#18.5,car,25.20,53.00,27.80,0.00,4.39,222.96
DQN_w11,22,car_flow_north_E#18.6,car,27.60,54.40,26.80,0.00,8.93,222.96
DQN_w11,22,car_flow_south_left.1,car,25.60,55.00,29.40,0.00,9.45,541.79
DQN_w11,22,car_flow_north_E#18.7,car,30.00,55.80,25.80,0.00,8.96,222.96
DQN_w11,22,car_flow_turn_E#13.0,truck,4.00,56.60,52.60,20.40,31.46,206.25
DQN_w11,22,car_flow_south_E#18.1,truck,2.00,57.80,55.80,26.20,43.08,224.83
DQN_w11,22,car_flow_south_left.2,car,27.80,58.20,30.40,0.00,6.75,541.79
DQN_w11,22,car_flow_South_Right.0,car,0.20,59.00,58.80,2.40,15.00,700.86
DQN_w11,22,car_flow_WEST_E#6.1,truck,8.80,60.20,51.40,13.80,31.30,206.25
DQN_w11,22,car_flow_turn.6,car,35.20,63.20,28.00,0.00,7.97,291.86
DQN_w11,22,car_flow_through.1,truck,29.40,65.80,36.40,0.00,11.28,215.71
DQN_w11,22,car_flow_north_E#18.8,car,32.40,65.80,33.40,3.00,14.19,222.96
DQN_w11,22,car_flow_north_E#18.9,car,34.80,67.40,32.60,0.00,15.74,222.96
DQN_w11,22,car_flow_turn.7,truck,40.80,68.20,27.40,0.00,11.33,283.86
DQN_w11,22,car_flow_turn_E#15.4,car,37.40,69.60,32.20,0.00,8.40,223.71
DQN_w11,22,car_flow_north_E#18.10,car,45.60,69.80,24.20,0.00,8.67,222.96
DQN_w11,22,car_flow_north_E#18.11,car,48.00,72.20,24.20,0.00,8.56,222.96
DQN_w11,22,car_flow_south_E#18.2,car,18.20,73.80,55.60,23.80,42.54,232.83
DQN_w11,22,car_flow_turn_E#15.5,car,44.40,73.80,29.40,0.00,6.45,223.71
DQN_w11,22,car_flow_south_E#15.0,car,16.00,74.40,58.40,0.00,4.45,795.72
DQN_w11,22,car_flow_south_E#18.3,car,41.60,75.00,33.40,7.40,19.37,232.83
DQN_w11,22,car_flow_WEST_E#6.2,car,12.00,76.20,64.20,22.80,43.45,214.25
DQN_w11,22,car_flow_WEST_E#6.3,car,18.40,78.60,60.20,16.20,38.67,214.25
DQN_w11,22,car_flow_north_E#18.12,car,52.40,81.00,28.60,2.40,12.53,222.96
DQN_w11,22,car_flow_through.2,car,46.80,81.60,34.80,3.40,12.72,223.71
DQN_w11,22,car_flow_north_E#18.13,car,55.00,83.00,28.00,0.00,12.26,222.96
DQN_w11,22,car_flow_through.3,car,49.00,83.80,34.80,0.00,12.81,223.71
DQN_w11,22,car_flow_turn.8,car,55.80,85.40,29.60,0.00,8.36,291.86
DQN_w11,22,car_flow_turn_E#6.0,car,23.60,86.40,62.80,4.60,13.92,873.09
DQN_w11,22,car_flow_north_E#18.14,car,59.40,87.00,27.60,0.00,9.84,222.96
DQN_w11,22,car_flow_turn_E#15.6,truck,52.40,87.20,34.80,0.00,10.67,215.71
DQN_w11,22,car_flow_north_E#18.15,car,63.80,90.00,26.20,0.00,8.87,222.96
DQN_w11,22,car_flow_through.4,car,58.00,90.60,32.60,0.00,10.64,223.71
DQN_w11,22,car_flow_north_E#18.16,car,66.00,92.20,26.20,0.00,9.39,222.96
DQN_w11,22,car_flow_turn.9,truck,63.80,92.40,28.60,0.00,11.16,283.86
DQN_w11,22,car_flow_south_left.3,car,63.40,92.40,29.00,0.00,7.31,541.79
DQN_w11,22,car_flow_turn_E#10.1,car,11.60,92.60,81.00,16.80,32.67,888.41
DQN_w11,22,car_flow_turn_E#10.0,car,6.00,93.00,87.00,22.20,37.55,888.41
DQN_w11,22,car_flow_south_E#15.2,car,39.20,94.40,55.20,0.00,14.12,795.72
DQN_w11,22,car_flow_through.5,car,60.40,94.60,34.20,0.00,8.44,223.71
DQN_w11,22,car_flow_north_E#18.17,car,68.40,94.80,26.40,0.00,8.73,222.96
DQN_w11,22,car_flow_south_left.4,car,66.00,95.20,29.20,0.00,7.12,541.79
DQN_w11,22,car_flow_north_E#18.18,car,70.80,97.20,26.40,0.00,8.63,222.96
DQN_w11,22,car_flow_turn_E#15.7,car,67.00,97.40,30.40,0.00,7.46,223.71
DQN_w11,22,car_flow_south_E#18.4,car,42.40,97.80,55.40,24.00,41.33,232.83
DQN_w11,22,car_flow_south_E#18.5,car,44.20,99.00,54.80,19.40,42.80,232.83
DQN_w11,22,car_flow_WEST_E#6.4,car,20.60,99.60,79.00,30.80,59.20,214.25
DQN_w11,33,car_flow_north_E#18.0,car,4.20,26.40,22.20,0.00,5.88,222.96
DQN_w11,33,car_flow_north_E#18.1,car,7.20,28.80,21.60,0.00,5.41,222.96
DQN_w11,33,car_flow_turn_E#15.0,truck,0.00,29.60,29.60,0.00,6.93,215.71
DQN_w11,33,car_flow_turn.0,truck,5.00,33.20,28.20,0.00,9.66,283.86
DQN_w11,33,car_flow_north_E#18.2,car,14.80,37.20,22.40,0.00,6.97,222.96
DQN_w11,33,car_flow_through.0,car,8.20,39.40,31.20,0.00,6.05,223.71
DQN_w11,33,car_flow_turn_E#15.1,car,10.60,41.40,30.80,0.00,8.91,223.71
DQN_w11,33,car_flow_south_left.0,car,11.60,41.40,29.80,0.00,6.16,541.79
DQN_w11,33,car_flow_through.1,car,13.00,44.60,31.60,0.00,6.02,223.71
DQN_w11,33,car_flow_turn_E#15.2,car,15.20,46.80,31.60,0.00,8.45,223.71
DQN_w11,33,car_flow_north_E#18.3,car,23.60,47.20,23.60,0.00,5.00,222.96
DQN_w11,33,car_flow_turn.1,car,21.80,47.40,25.60,0.00,7.27,291.86
DQN_w11,33,car_flow_south_left.1,car,19.80,48.60,28.80,0.00,7.10,541.79
DQN_w11,33,car_flow_turn_E#15.3,car,17.40,48.80,31.40,0.00,8.75,223.71
DQN_w11,33,car_flow_through.2,car,19.60,52.40,32.80,0.00,6.30,223.71
DQN_w11,33,car_flow_turn.2,car,28.40,52.60,24.20,0.00,8.60,291.86
DQN_w11,33,car_flow_north_E#18.4,car,30.80,53.40,22.60,0.00,6.88,222.96
DQN_w11,33,car_flow_turn.3,car,30.80,54.80,24.00,0.00,7.77,291.86
DQN_w11,33,car_flow_through.3,truck,25.20,55.80,30.60,0.00,6.52,215.71
DQN_w11,33,car_flow_north_E#18.5,car,33.00,57.40,24.40,0.00,5.86,222.96
DQN_w11,33,car_flow_South_Right.0,car,4.80,60.40,55.60,0.00,9.42,700.86
DQN_w11,33,car_flow_WEST_E#6.0,truck,1.80,60.60,58.80,26.60,37.43,206.25
DQN_w11,33,car_flow_south_E#15.0,car,2.00,61.60,59.60,0.00,4.42,795.72
DQN_w11,33,car_flow_south_E#18.0,bus,10.60,62.40,51.80,21.00,39.08,224.83
DQN_w11,33,car_flow_turn.4,car,33.00,63.40,30.40,2.00,12.51,291.86
DQN_w11,33,car_flow_WEST_E#6.1,car,7.40,64.00,56.60,21.80,37.61,214.25
DQN_w11,33,car_flow_WEST_E#6.2,car,12.40,66.00,53.60,17.80,35.29,214.25
DQN_w11,33,car_flow_turn.5,truck,36.40,66.20,29.80,0.00,12.83,283.86
DQN_w11,33,car_flow_south_E#18.1,car,30.60,67.20,36.60,4.00,21.44,232.83
DQN_w11,33,car_flow_south_E#15.4,car,21.40,68.00,46.60,0.00,6.75,795.72
DQN_w11,33,car_flow_south_E#18.2,car,35.20,68.20,33.00,0.00,19.24,232.83
DQN_w11,33,car_flow_north_E#18.6,car,40.00,68.60,28.60,1.00,12.36,222.96
DQN_w11,33,car_flow_south_E#15.1,truck,11.60,68.80,57.20,0.00,8.22,787.72
DQN_w11,33,car_flow_turn_E#13.0,truck,16.00,68.80,52.80,12.80,31.95,206.25
DQN_w11,33,car_flow_turn.6,truck,41.40,69.40,28.00,0.00,11.85,283.86
DQN_w11,33,car_flow_north_E#18.7,car,44.20,70.60,26.40,0.00,10.47,222.96
DQN_w11,33,car_flow_turn_E#13.1,car,19.20,72.20,53.00,10.80,33.91,214.25
DQN_w11,33,car_flow_south_E#15.2,car,17.00,72.60,55.60,0.00,5.81,795.72
DQN_w11,33,car_flow_south_E#15.3,car,19.20,75.60,56.40,0.00,5.65,795.72
DQN_w11,33,car_flow_through.4,truck,46.40,76.00,29.60,0.00,7.19,215.71
DQN_w11,33,car_flow_South_Right.1,car,18.00,76.80,58.80,0.00,9.14,700.86
DQN_w11,33,car_flow_E#10.0,car,8.80,77.60,68.80,7.40,20.13,888.90
DQN_w11,33,car_flow_south_left.2,car,49.00,77.60,28.60,0.00,6.80,541.79
DQN_w11,33,car_flow_through.5,car,49.60,80.00,30.40,0.00,7.04,223.71
DQN_w11,33,car_flow_South_Right.2,car,23.20,81.60,58.40,0.00,9.13,700.86
DQN_w11,33,car_flow_south_left.3,car,54.00,82.60,28.60,0.00,7.13,541.79
DQN_w11,33,car_flow_south_E#15.5,bus,27.00,84.40,57.40,0.00,9.45,787.72
DQN_w11,33,car_flow_south_E#15.6,car,37.80,86.00,48.20,0.00,7.34,795.72
DQN_w11,33,car_flow_turn.7,bus,56.40,86.80,30.40,0.00,13.15,283.86
DQN_w11,33,car_flow_through.6,car,52.00,87.20,35.20,3.00,11.68,223.71
DQN_w11,33,car_flow_north_E#18.8,car,58.00,87.60,29.60,4.60,10.74,222.96
DQN_w11,33,car_flow_south_left.4,car,57.20,87.60,30.40,0.00,6.23,541.79
DQN_w11,33,car_flow_south_left.5,car,59.40,89.00,29.60,0.00,7.92,541.79
DQN_w11,33,car_flow_north_E#18.9,car,62.60,89.40,26.80,0.00,11.73,222.96
DQN_w11,33,car_flow_South_Right.3,car,33.80,93.60,59.80,3.20,16.88,700.86
DQN_w11,33,car_flow_south_left.6,car,63.80,94.60,30.80,0.00,5.70,541.79
DQN_w11,33,car_flow_turn_E#15.4,car,59.80,94.80,35.00,0.00,6.47,223.71
DQN_w11,33,car_flow_south_left.7,car,66.20,95.80,29.60,0.00,11.22,541.79
DQN_w11,33,car_flow_turn_E#15.5,car,63.20,97.00,33.80,0.00,9.57,223.71
DQN_w11,33,car_flow_turn_E#15.6,car,67.20,99.20,32.00,0.00,6.47,223.71
DQN_w12,11,car_flow_north_E#18.0,truck,0.40,25.40,25.00,0.00,8.41,214.96
DQN_w12,11,car_flow_turn.0,car,2.40,26.80,24.40,0.00,5.41,291.86
DQN_w12,11,car_flow_turn_E#15.0,car,0.00,30.20,30.20,0.00,3.56,223.71
DQN_w12,11,car_flow_north_E#18.1,car,8.60,33.00,24.40,0.00,4.15,222.96
DQN_w12,11,car_flow_north_E#18.2,car,10.80,34.80,24.00,0.00,5.77,222.96
DQN_w12,11,car_flow_turn_E#15.1,car,9.00,38.00,29.00,0.00,3.55,223.71
DQN_w12,11,car_flow_north_E#18.3,truck,14.20,39.40,25.20,0.00,8.50,214.96
DQN_w12,11,car_flow_turn_E#15.2,car,12.60,41.20,28.60,0.00,3.98,223.71
DQN_w12,11,car_flow_turn_E#15.3,car,17.00,46.60,29.60,0.00,3.73,223.71
DQN_w12,11,car_flow_south_left.0,car,17.20,46.80,29.60,0.00,7.06,541.79
DQN_w12,11,car_flow_north_E#18.4,car,22.60,46.80,24.20,0.00,6.64,222.96
DQN_w12,11,car_flow_south_left.1,car,19.40,49.00,29.60,0.00,7.17,541.79
DQN_w12,11,car_flow_turn_E#15.4,car,22.80,51.60,28.80,0.00,3.51,223.71
DQN_w12,11,car_flow_south_E#18.0,car,31.60,52.60,21.00,0.00,9.19,232.83
DQN_w12,11,car_flow_south_left.2,car,21.80,53.20,31.40,0.00,6.29,541.79
DQN_w12,11,car_flow_north_E#18.5,car,29.40,53.80,24.40,0.00,5.90,222.96
DQN_w12,11,car_flow_south_E#15.1,car,6.20,54.60,48.40,0.00,6.25,795.72
DQN_w12,11,car_flow_turn_E#15.5,car,25.00,55.20,30.20,0.00,3.88,223.71
DQN_w12,11,car_flow_south_E#15.0,car,3.80,56.00,52.20,0.00,5.77,795.72
DQN_w12,11,car_flow_WEST_E#6.0,car,0.00,57.40,57.40,28.40,37.31,214.25
DQN_w12,11,car_flow_turn.1,car,28.80,57.40,28.60,2.20,10.29,291.86
DQN_w12,11,car_flow_turn_E#13.0,car,2.40,60.00,57.60,22.40,34.71,214.25
DQN_w12,11,car_flow_South_Right.0,car,7.80,60.40,52.60,0.00,9.45,700.86
DQN_w12,11,car_flow_south_left.3,car,29.00,60.40,31.40,0.00,5.76,541.79
DQN_w12,11,car_flow_south_left.4,car,32.00,62.00,30.00,0.00,8.54,541.79
DQN_w12,11,car_flow_south_left.5,car,34.20,63.40,29.20,0.00,8.31,541.79
DQN_w12,11,car_flow_turn_E#15.6,truck,32.40,63.80,31.40,0.00,8.48,215.71
DQN_w12,11,car_flow_through.0,car,35.60,68.40,32.80,0.00,7.75,223.71
DQN_w12,11,car_flow_south_left.6,car,38.80,68.80,30.00,0.00,9.68,541.79
DQN_w12,11,car_flow_north_E#18.6,car,41.40,69.60,28.20,0.00,9.24,222.96
DQN_w12,11,car_flow_through.1,car,37.80,70.80,33.00,0.00,7.98,223.71
DQN_w12,11,car_flow_turn_E#15.7,car,40.00,73.00,33.00,0.00,9.57,223.71
DQN_w12,11,car_flow_turn_E#15.8,car,42.40,75.00,32.60,0.00,12.46,223.71
DQN_w12,11,car_flow_turn_E#6.0,car,4.80,75.20,70.40,16.60,27.12,873.09
DQN_w12,11,car_flow_south_left.7,car,43.20,75.40,32.20,0.00,5.97,541.79
DQN_w12,11,car_flow_north_E#18.7,truck,50.40,75.60,25.20,0.00,8.39,214.96
DQN_w12,11,car_flow_E#10.2,car,12.80,76.20,63.40,0.80,14.44,888.90
DQN_w12,11,car_flow_E#10.0,car,1.60,76.40,74.80,9.80,25.18,888.90
DQN_w12,11,car_flow_south_E#15.2,bus,19.20,76.60,57.40,0.00,9.38,787.72
DQN_w12,11,car_flow_south_left.8,car,45.40,76.60,31.20,0.00,9.58,541.79
DQN_w12,11,car_flow_South_Right.1,car,14.20,78.40,64.20,9.80,23.11,700.86
DQN_w12,11,car_flow_turn.2,car,44.60,79.20,34.60,7.00,18.01,291.86
DQN_w12,11,car_flow_South_Right.2,car,21.60,79.80,58.20,0.00,13.80,700.86
DQN_w12,11,car_flow_WEST_E#6.1,car,4.80,80.20,75.40,36.80,51.87,214.25
DQN_w12,11,car_flow_South_Right.3,car,26.00,81.20,55.20,0.00,15.13,700.86
DQN_w12,11,car_flow_turn_E#13.1,car,7.00,82.60,75.60,32.00,52.54,214.25
DQN_w12,11,car_flow_south_E#15.3,car,25.00,82.80,57.80,0.00,5.75,795.72
DQN_w12,11,car_flow_WEST_E#6.2,car,12.40,84.80,72.40,27.60,50.61,214.25
DQN_w12,11,car_flow_south_E#15.4,car,27.20,85.00,57.80,0.00,5.66,795.72
DQN_w12,11,car_flow_turn.3,car,51.20,85.40,34.20,0.00,14.41,291.86
DQN_w12,11,car_flow_through.2,truck,48.00,87.00,39.00,0.00,16.19,215.71
DQN_w12,11,car_flow_E#10.1,car,8.40,88.80,80.40,6.60,16.92,888.90
DQN_w12,11,car_flow_turn_E#10.1,car,17.80,88.80,71.00,7.60,19.79,888.41
DQN_w12,11,car_flow_south_left.9,truck,53.20,90.00,36.80,0.00,12.63,533.79
DQN_w12,11,car_flow_E#10.5,car,26.20,90.20,64.00,0.00,5.61,888.90
DQN_w12,11,car_flow_turn_E#13.2,car,19.40,91.40,72.00,24.20,49.97,214.25
DQN_w12,11,car_flow_south_left.10,car,58.40,91.40,33.00,0.00,9.21,541.79
DQN_w12,11,car_flow_turn_E#10.0,car,8.80,92.00,83.20,16.60,31.40,888.41
DQN_w12,11,car_flow_turn_E#10.2,car,28.20,92.40,64.20,0.00,11.40,888.41
DQN_w12,11,car_flow_south_E#15.5,car,32.60,93.60,61.00,5.00,15.15,795.72
DQN_w12,11,car_flow_turn_E#13.3,car,22.40,93.60,71.20,17.80,49.37,214.25
DQN_w12,11,car_flow_turn.4,car,53.40,93.60,40.20,3.40,22.12,291.86
DQN_w12,11,car_flow_south_E#15.7,car,37.00,93.80,56.80,0.00,14.86,795.72
DQN_w12,11,car_flow_south_E#15.6,car,34.80,96.00,61.20,0.80,11.22,795.72
DQN_w12,11,car_flow_south_E#15.10,car,46.00,96.00,50.00,0.00,10.26,795.72
DQN_w12,11,car_flow_north_E#18.8,car,69.40,96.20,26.80,1.40,10.10,222.96
DQN_w12,11,car_flow_turn_E#13.4,car,24.80,96.40,71.60,14.40,48.22,214.25
DQN_w12,11,car_flow_south_E#18.1,truck,60.20,96.40,36.20,7.00,23.22,224.83
DQN_w12,11,car_flow_south_left.11,car,68.80,99.80,31.00,0.00,6.06,541.79
DQN_w12,22,car_flow_south_E#18.0,car,0.20,19.20,19.00,0.00,5.79,232.83
DQN_w12,22,car_flow_north_E#18.0,car,3.80,25.80,22.00,0.00,4.32,222.96
DQN_w12,22,car_flow_WEST_E#6.0,car,0.40,26.80,26.40,0.00,4.50,214.25
DQN_w12,22,car_flow_turn.0,truck,0.40,28.60,28.20,0.00,9.92,283.86
DQN_w12,22,car_flow_turn.1,car,6.00,31.00,25.00,0.00,8.07,291.86
DQN_w12,22,car_flow_north_E#18.1,car,11.60,31.80,20.20,0.00,4.66,222.96
DQN_w12,22,car_flow_north_E#18.2,car,13.80,34.80,21.00,0.00,5.29,222.96
DQN_w12,22,car_flow_through.0,car,3.80,35.00,31.20,0.00,6.01,223.71
DQN_w12,22,car_flow_turn.2,car,10.40,35.40,25.00,0.00,6.22,291.86
DQN_w12,22,car_flow_turn_E#15.0,car,8.20,37.60,29.40,0.00,6.33,223.71
DQN_w12,22,car_flow_south_left.0,truck,4.20,39.60,35.40,0.00,14.34,533.79
DQN_w12,22,car_flow_turn_E#13.0,truck,4.00,41.60,37.60,5.40,16.47,206.25
DQN_w12,22,car_flow_WEST_E#6.1,truck,8.80,45.20,36.40,0.00,16.30,206.25
DQN_w12,22,car_flow_south_E#18.1,truck,2.00,46.40,44.40,14.60,31.65,224.83
DQN_w12,22,car_flow_turn.3,car,14.80,48.20,33.40,0.00,16.00,291.86
DQN_w12,22,car_flow_WEST_E#6.2,car,12.00,48.80,36.80,0.00,16.17,214.25
DQN_w12,22,car_flow_turn.4,car,17.00,49.40,32.40,0.00,14.90,291.86
DQN_w12,22,car_flow_turn.5,car,21.40,52.60,31.20,0.00,13.46,291.86
DQN_w12,22,car_flow_turn_E#15.1,car,12.60,53.20,40.60,2.20,14.43,223.71
DQN_w12,22,car_flow_turn_E#15.2,car,19.20,55.00,35.80,0.00,15.39,223.71
DQN_w12,22,car_flow_south_left.1,car,25.60,55.00,29.40,0.00,9.45,541.79
DQN_w12,22,car_flow_north_E#18.3,truck,19.40,56.20,36.80,0.00,19.31,214.96
DQN_w12,22,car_flow_turn_E#15.3,car,26.00,58.00,32.00,0.00,10.05,223.71
DQN_w12,22,car_flow_north_E#18.4,car,22.80,58.20,35.40,0.00,17.99,222.96
DQN_w12,22,car_flow_south_left.2,car,27.80,58.20,30.40,0.00,6.75,541.79
DQN_w12,22,car_flow_turn.6,car,35.20,60.60,25.40,0.00,5.32,291.86
DQN_w12,22,car_flow_through.1,truck,29.40,62.40,33.00,0.00,7.75,215.71
DQN_w12,22,car_flow_south_E#18.2,car,18.20,62.40,44.20,14.40,31.19,232.83
DQN_w12,22,car_flow_north_E#18.5,car,25.20,63.60,38.40,0.00,15.01,222.96
DQN_w12,22,car_flow_north_E#18.6,car,27.60,65.00,37.40,0.00,19.49,222.96
DQN_w12,22,car_flow_WEST_E#6.3,car,18.40,66.20,47.80,12.60,26.16,214.25
DQN_w12,22,car_flow_north_E#18.7,car,29.80,66.20,36.40,0.00,19.68,222.96
DQN_w12,22,car_flow_WEST_E#6.4,car,20.60,68.20,47.60,9.20,27.76,214.25
DQN_w12,22,car_flow_north_E#18.8,car,32.20,68.40,36.20,0.00,16.85,222.96
DQN_w12,22,car_flow_turn_E#10.1,car,11.60,70.80,59.20,0.00,10.84,888.41
DQN_w12,22,car_flow_turn.7,truck,41.00,70.80,29.80,0.00,13.76,283.86
DQN_w12,22,car_flow_north_E#18.9,car,34.60,72.00,37.40,2.00,20.62,222.96
DQN_w12,22,car_flow_south_E#18.3,car,45.40,72.40,27.00,2.00,12.85,232.83
DQN_w12,22,car_flow_turn_E#15.4,car,37.60,72.60,35.00,2.60,11.17,223.71
DQN_w12,22,car_flow_turn_E#10.0,car,6.00,72.80,66.80,4.40,17.50,888.41
DQN_w12,22,car_flow_south_E#15.0,car,16.00,74.40,58.40,0.00,4.45,795.72
DQN_w12,22,car_flow_turn_E#13.1,car,23.00,75.00,52.00,11.00,30.91,214.25
DQN_w12,22,car_flow_South_Right.0,car,0.20,75.60,75.40,18.80,31.44,700.86
DQN_w12,22,car_flow_E#10.0,car,16.20,75.80,59.60,0.40,14.02,888.90
DQN_w12,22,car_flow_WEST_E#6.5,car,25.20,77.40,52.20,6.80,30.42,214.25
DQN_w12,22,car_flow_turn_E#13.2,car,30.40,79.40,49.00,4.60,29.64,214.25
DQN_w12,22,car_flow_turn_E#15.5,car,44.40,82.80,38.40,2.40,15.47,223.71
DQN_w12,22,car_flow_north_E#18.10,car,49.20,83.60,34.40,1.00,18.77,222.96
DQN_w12,22,car_flow_through.2,car,46.60,84.80,38.20,0.00,16.22,223.71
DQN_w12,22,car_flow_turn_E#10.2,car,13.80,85.00,71.20,3.40,17.37,888.41
DQN_w12,22,car_flow_north_E#18.11,car,51.60,86.00,34.40,0.00,18.57,222.96
DQN_w12,22,car_flow_through.3,car,48.80,87.00,38.20,0.00,16.25,223.71
DQN_w12,22,car_flow_turn.8,car,55.60,88.00,32.40,0.00,11.26,291.86
DQN_w12,22,car_flow_north_E#18.12,car,56.20,88.80,32.60,0.00,16.44,222.96
DQN_w12,22,car_flow_turn_E#15.6,truck,52.20,90.00,37.80,0.00,13.75,215.71
DQN_w12,22,car_flow_north_E#18.13,car,58.80,90.80,32.00,0.00,16.32,222.96
DQN_w12,22,car_flow_south_left.3,car,63.40,92.40,29.00,0.00,7.31,541.79
DQN_w12,22,car_flow_through.4,car,58.00,93.60,35.60,0.00,13.56,223.71
DQN_w12,22,car_flow_turn.9,truck,63.80,94.40,30.60,0.00,13.24,283.86
DQN_w12,22,car_flow_north_E#18.14,car,64.00,95.00,31.00,0.00,13.20,222.96
DQN_w12,22,car_flow_south_left.4,car,66.00,95.20,29.20,0.00,7.12,541.79
DQN_w12,22,car_flow_through.5,car,60.20,97.40,37.20,0.00,11.37,223.71
DQN_w12,22,car_flow_north_E#18.15,car,72.40,98.00,25.60,0.00,8.38,222.96
DQN_w12,22,car_flow_turn_E#15.7,car,67.00,99.80,32.80,0.00,9.78,223.71
DQN_w12,33,car_flow_north_E#18.0,car,4.20,26.40,22.20,0.00,5.88,222.96
DQN_w12,33,car_flow_north_E#18.1,car,7.20,28.80,21.60,0.00,5.41,222.96
DQN_w12,33,car_flow_turn_E#15.0,truck,0.00,29.60,29.60,0.00,6.93,215.71
DQN_w12,33,car_flow_turn.0,truck,5.00,33.20,28.20,0.00,9.66,283.86
DQN_w12,33,car_flow_north_E#18.2,car,14.80,37.20,22.40,0.00,6.97,222.96
DQN_w12,33,car_flow_through.0,car,8.20,39.40,31.20,0.00,6.03,223.71
DQN_w12,33,car_flow_turn_E#15.1,car,10.60,41.40,30.80,0.00,8.90,223.71
DQN_w12,33,car_flow_south_left.0,car,11.60,41.40,29.80,0.00,6.16,541.79
DQN_w12,33,car_flow_through.1,car,13.00,48.60,35.60,1.80,10.14,223.71
DQN_w12,33,car_flow_south_left.1,car,19.80,48.60,28.80,0.00,7.10,541.79
DQN_w12,33,car_flow_turn.1,car,21.80,50.40,28.60,0.00,10.43,291.86
DQN_w12,33,car_flow_turn_E#15.2,car,15.20,50.80,35.60,0.00,12.51,223.71
DQN_w12,33,car_flow_turn_E#15.3,car,17.40,52.80,35.40,0.00,12.70,223.71
DQN_w12,33,car_flow_north_E#18.3,car,23.60,52.80,29.20,0.00,10.61,222.96
DQN_w12,33,car_flow_through.2,car,19.60,56.20,36.60,0.00,10.05,223.71
DQN_w12,33,car_flow_WEST_E#6.0,truck,1.80,60.40,58.60,26.40,37.20,206.25
DQN_w12,33,car_flow_north_E#18.4,car,30.80,60.80,30.00,2.00,14.36,222.96
DQN_w12,33,car_flow_turn.2,car,28.40,61.00,32.60,0.00,17.23,291.86
DQN_w12,33,car_flow_south_E#15.0,car,2.00,61.60,59.60,0.00,4.41,795.72
DQN_w12,33,car_flow_turn.3,car,30.80,62.80,32.00,0.00,15.84,291.86
DQN_w12,33,car_flow_north_E#18.5,car,33.20,64.40,31.20,0.00,12.65,222.96
DQN_w12,33,car_flow_through.3,truck,25.20,64.80,39.60,2.00,15.58,215.71
DQN_w12,33,car_flow_turn.4,car,33.00,65.00,32.00,0.00,14.10,291.86
DQN_w12,33,car_flow_north_E#18.6,car,40.40,66.20,25.80,0.00,9.46,222.96
DQN_w12,33,car_flow_WEST_E#6.1,car,7.40,68.20,60.80,24.40,41.73,214.25
DQN_w12,33,car_flow_E#10.0,car,8.80,68.20,59.40,0.00,10.78,888.90
DQN_w12,33,car_flow_north_E#18.7,car,44.20,68.40,24.20,0.00,8.22,222.96
DQN_w12,33,car_flow_south_E#15.1,truck,11.60,68.80,57.20,0.00,8.22,787.72
DQN_w12,33,car_flow_WEST_E#6.2,car,12.40,70.20,57.80,17.60,39.44,214.25
DQN_w12,33,car_flow_south_E#18.0,bus,10.60,71.40,60.80,30.00,48.09,224.83
DQN_w12,33,car_flow_turn_E#13.0,truck,16.00,73.00,57.00,12.40,36.16,206.25
DQN_w12,33,car_flow_South_Right.0,car,4.80,73.20,68.40,9.60,22.20,700.86
DQN_w12,33,car_flow_south_E#18.1,car,30.60,73.60,43.00,13.60,28.00,232.83
DQN_w12,33,car_flow_south_E#15.4,car,21.40,74.00,52.60,0.00,12.88,795.72
DQN_w12,33,car_flow_south_E#18.2,car,35.60,75.00,39.40,7.60,25.63,232.83
DQN_w12,33,car_flow_turn_E#13.1,car,19.20,76.40,57.20,10.60,38.05,214.25
DQN_w12,33,car_flow_south_E#18.3,car,35.80,76.60,40.80,5.80,27.53,232.83
DQN_w12,33,car_flow_South_Right.1,car,18.00,76.80,58.80,0.00,9.07,700.86
DQN_w12,33,car_flow_turn.5,truck,36.40,77.20,40.80,2.80,23.97,283.86
DQN_w12,33,car_flow_south_left.2,car,49.00,77.60,28.60,0.00,6.80,541.79
DQN_w12,33,car_flow_turn_E#10.1,car,9.40,78.80,69.40,1.00,14.76,888.41
DQN_w12,33,car_flow_turn.6,truck,41.40,78.80,37.40,0.00,21.49,283.86
DQN_w12,33,car_flow_turn_E#13.2,car,25.60,80.60,55.00,7.20,30.20,214.25
DQN_w12,33,car_flow_north_E#18.8,car,58.20,82.00,23.80,0.00,4.88,222.96
DQN_w12,33,car_flow_turn_E#10.0,car,7.00,82.20,75.20,3.40,17.09,888.41
DQN_w12,33,car_flow_south_E#15.3,car,19.20,82.20,63.00,1.40,12.15,795.72
DQN_w12,33,car_flow_WEST_E#6.3,car,27.80,82.60,54.80,5.60,34.61,214.25
DQN_w12,33,car_flow_south_left.3,car,54.00,82.60,28.60,0.00,7.13,541.79
DQN_w12,33,car_flow_south_E#15.2,car,17.00,83.60,66.60,5.40,16.79,795.72
DQN_w12,33,car_flow_E#10.1,car,15.60,84.60,69.00,9.40,22.53,888.90
DQN_w12,33,car_flow_through.4,truck,46.40,84.80,38.40,0.00,15.91,215.71
DQN_w12,33,car_flow_South_Right.2,car,23.20,85.00,61.80,0.40,12.50,700.86
DQN_w12,33,car_flow_turn_E#10.3,car,17.80,86.20,68.40,7.00,20.69,888.41
DQN_w12,33,car_flow_south_E#15.5,bus,27.00,86.40,59.40,0.00,11.42,787.72
DQN_w12,33,car_flow_south_left.4,car,57.20,87.60,30.40,0.00,6.23,541.79
DQN_w12,33,car_flow_south_left.5,car,59.40,89.00,29.60,0.00,7.92,541.79
DQN_w12,33,car_flow_north_E#18.9,car,62.80,90.60,27.80,3.20,12.77,222.96
DQN_w12,33,car_flow_turn_E#10.4,car,20.00,91.60,71.60,2.40,23.13,888.41
DQN_w12,33,car_flow_turn_E#10.2,car,11.80,91.80,80.00,9.40,26.18,888.41
DQN_w12,33,car_flow_turn_E#13.3,car,30.00,92.20,62.20,8.60,36.04,214.25
DQN_w12,33,car_flow_south_E#15.6,car,38.20,93.20,55.00,0.00,14.16,795.72
DQN_w12,33,car_flow_through.5,car,49.80,94.20,44.40,2.80,21.12,223.71
DQN_w12,33,car_flow_turn.7,bus,56.40,94.60,38.20,0.00,20.93,283.86
DQN_w12,33,car_flow_south_left.6,car,63.80,94.60,30.80,0.00,5.70,541.79
DQN_w12,33,car_flow_South_Right.3,car,33.80,95.20,61.40,4.40,18.44,700.86
DQN_w12,33,car_flow_turn_E#10.5,car,30.60,95.80,65.20,0.00,7.90,888.41
DQN_w12,33,car_flow_south_left.7,car,66.20,95.80,29.60,0.00,11.22,541.79
DQN_w12,33,car_flow_through.6,car,52.00,96.40,44.40,0.00,20.84,223.71
DQN_w12,33,car_flow_south_E#18.4,car,51.00,99.20,48.20,17.80,36.13,232.83
DQN_w13,11,car_flow_WEST_E#6.0,car,0.00,25.20,25.20,0.00,5.18,214.25
DQN_w13,11,car_flow_north_E#18.0,truck,0.40,25.40,25.00,0.00,8.41,214.96
DQN_w13,11,car_flow_turn.0,car,2.40,29.40,27.00,0.00,8.12,291.86
DQN_w13,11,car_flow_turn_E#13.0,car,2.40,30.00,27.60,0.00,4.89,214.25
DQN_w13,11,car_flow_turn_E#15.0,car,0.00,34.00,34.00,0.20,7.42,223.71
DQN_w13,11,car_flow_WEST_E#6.1,car,4.80,36.40,31.60,0.60,8.18,214.25
DQN_w13,11,car_flow_north_E#18.1,car,8.60,36.60,28.00,0.00,7.76,222.96
DQN_w13,11,car_flow_turn_E#13.1,car,7.00,38.80,31.80,0.00,8.90,214.25
DQN_w13,11,car_flow_north_E#18.2,car,10.80,42.40,31.60,2.40,13.23,222.96
DQN_w13,11,car_flow_turn_E#15.1,car,9.00,43.40,34.40,1.60,8.91,223.71
DQN_w13,11,car_flow_turn_E#15.2,car,12.60,45.60,33.00,0.00,8.38,223.71
DQN_w13,11,car_flow_north_E#18.3,truck,14.20,46.00,31.80,0.00,15.10,214.96
DQN_w13,11,car_flow_south_left.0,car,17.20,46.80,29.60,0.00,7.06,541.79
DQN_w13,11,car_flow_south_left.1,car,19.40,49.00,29.60,0.00,7.17,541.79
DQN_w13,11,car_flow_WEST_E#6.2,car,12.40,49.40,37.00,6.60,15.28,214.25
DQN_w13,11,car_flow_south_left.2,car,21.80,53.20,31.40,0.00,6.29,541.79
DQN_w13,11,car_flow_turn_E#15.3,car,17.00,53.60,36.60,3.00,10.67,223.71
DQN_w13,11,car_flow_turn.1,car,28.80,53.80,25.00,0.00,6.52,291.86
DQN_w13,11,car_flow_turn_E#6.0,car,4.80,54.80,50.00,0.00,6.73,873.09
DQN_w13,11,car_flow_turn_E#15.4,car,22.80,55.80,33.00,0.00,7.80,223.71
DQN_w13,11,car_flow_north_E#18.4,car,22.60,56.60,34.00,0.00,16.37,222.96
DQN_w13,11,car_flow_south_E#15.1,car,6.20,58.80,52.60,0.00,10.47,795.72
DQN_w13,11,car_flow_turn_E#15.5,car,25.00,58.80,33.80,0.00,7.31,223.71
DQN_w13,11,car_flow_south_left.3,car,29.00,60.40,31.40,0.00,5.76,541.79
DQN_w13,11,car_flow_south_E#15.0,car,3.80,60.80,57.00,1.60,10.67,795.72
DQN_w13,11,car_flow_turn_E#15.6,truck,32.20,61.60,29.40,0.00,6.60,215.71
DQN_w13,11,car_flow_E#10.0,car,1.60,61.80,60.20,0.00,10.58,888.90
DQN_w13,11,car_flow_south_left.4,car,32.00,62.00,30.00,0.00,8.54,541.79
DQN_w13,11,car_flow_north_E#18.5,car,30.00,62.20,32.20,0.00,13.84,222.96
DQN_w13,11,car_flow_south_left.5,car,34.20,63.40,29.20,0.00,8.31,541.79
DQN_w13,11,car_flow_South_Right.0,car,7.80,64.60,56.80,1.20,13.67,700.86
DQN_w13,11,car_flow_South_Right.1,car,14.20,66.40,52.20,0.00,11.29,700.86
DQN_w13,11,car_flow_through.0,car,35.40,66.40,31.00,0.00,5.97,223.71
DQN_w13,11,car_flow_south_left.6,car,38.80,68.80,30.00,0.00,9.68,541.79
DQN_w13,11,car_flow_turn.2,car,44.40,72.40,28.00,0.00,11.37,291.86
DQN_w13,11,car_flow_through.1,car,37.80,73.20,35.40,2.40,10.30,223.71
DQN_w13,11,car_flow_turn_E#15.7,car,40.00,75.20,35.20,0.00,11.80,223.71
DQN_w13,11,car_flow_south_left.7,car,43.20,75.40,32.20,0.00,5.97,541.79
DQN_w13,11,car_flow_south_left.8,car,45.40,76.60,31.20,0.00,9.58,541.79
DQN_w13,11,car_flow_north_E#18.6,car,45.60,77.20,31.60,0.00,12.50,222.96
DQN_w13,11,car_flow_turn_E#15.8,car,42.20,77.20,35.00,0.00,14.92,223.71
DQN_w13,11,car_flow_turn.3,car,51.00,78.60,27.60,0.00,7.66,291.86
DQN_w13,11,car_flow_through.2,truck,47.80,79.80,32.00,0.00,9.14,215.71
DQN_w13,11,car_flow_turn.4,car,53.40,80.00,26.60,0.00,8.71,291.86
DQN_w13,11,car_flow_south_E#18.0,car,32.40,81.80,49.40,27.40,37.54,232.83
DQN_w13,11,car_flow_north_E#18.7,truck,53.80,82.80,29.00,0.00,12.14,214.96
DQN_w13,11,car_flow_turn_E#13.2,car,19.40,84.00,64.60,31.00,42.70,214.25
DQN_w13,11,car_flow_South_Right.2,car,21.60,85.60,64.00,6.40,19.75,700.86
DQN_w13,11,car_flow_south_E#18.1,truck,64.40,86.00,21.60,0.00,8.65,224.83
DQN_w13,11,car_flow_turn_E#13.3,car,22.40,86.40,64.00,28.00,42.11,214.25
DQN_w13,11,car_flow_South_Right.3,car,26.00,87.00,61.00,2.00,20.98,700.86
DQN_w13,11,car_flow_south_E#15.2,bus,19.00,87.40,68.40,2.20,20.50,787.72
DQN_w13,11,car_flow_E#10.2,car,12.80,87.80,75.00,13.20,26.19,888.90
DQN_w13,11,car_flow_E#10.3,car,15.00,88.40,73.40,5.40,16.18,888.90
DQN_w13,11,car_flow_E#10.4,car,24.00,89.20,65.20,0.00,16.26,888.90
DQN_w13,11,car_flow_turn_E#13.4,car,24.60,89.20,64.60,26.40,41.21,214.25
DQN_w13,11,car_flow_E#10.1,car,8.40,90.00,81.60,4.60,18.00,888.90
DQN_w13,11,car_flow_south_left.9,truck,53.20,90.00,36.80,0.00,12.63,533.79
DQN_w13,11,car_flow_WEST_E#6.3,truck,28.20,91.20,63.00,23.40,43.28,206.25
DQN_w13,11,car_flow_south_left.10,car,58.40,91.40,33.00,0.00,9.21,541.79
DQN_w13,11,car_flow_south_E#15.3,car,25.00,92.20,67.20,0.00,15.10,795.72
DQN_w13,11,car_flow_south_E#15.5,car,32.60,92.20,59.60,0.00,13.76,795.72
DQN_w13,11,car_flow_south_E#15.4,car,27.40,94.00,66.60,0.00,14.46,795.72
DQN_w13,11,car_flow_turn_E#13.5,car,31.40,95.00,63.60,21.60,42.57,214.25
DQN_w13,11,car_flow_south_E#15.6,car,35.20,97.40,62.20,0.00,12.00,795.72
DQN_w13,11,car_flow_turn_E#10.1,car,17.80,99.80,82.00,17.60,30.96,888.41
DQN_w13,11,car_flow_south_left.11,car,68.80,99.80,31.00,0.00,6.06,541.79
DQN_w13,22,car_flow_south_E#18.0,car,0.20,18.00,17.80,0.00,4.59,232.83
DQN_w13,22,car_flow_south_E#18.1,truck,2.00,23.80,21.80,0.00,9.22,224.83
DQN_w13,22,car_flow_WEST_E#6.0,car,0.40,26.80,26.40,0.00,4.50,214.25
DQN_w13,22,car_flow_turn.0,truck,0.40,29.20,28.80,0.00,10.41,283.86
DQN_w13,22,car_flow_north_E#18.0,car,3.80,32.00,28.20,2.20,10.51,222.96
DQN_w13,22,car_flow_north_E#18.1,car,11.60,33.80,22.20,0.00,6.54,222.96
DQN_w13,22,car_flow_through.0,car,3.80,35.40,31.60,0.00,6.45,223.71
DQN_w13,22,car_flow_turn.1,car,6.00,37.40,31.40,2.60,14.48,291.86
DQN_w13,22,car_flow_south_left.0,truck,4.20,39.60,35.40,0.00,14.34,533.79
DQN_w13,22,car_flow_turn.2,car,10.40,40.60,30.20,0.00,11.48,291.86
DQN_w13,22,car_flow_north_E#18.2,car,13.80,40.60,26.80,2.20,11.23,222.96
DQN_w13,22,car_flow_turn_E#15.0,car,8.20,43.40,35.20,0.00,12.15,223.71
DQN_w13,22,car_flow_turn.3,car,14.80,43.80,29.00,0.00,11.61,291.86
DQN_w13,22,car_flow_turn.4,car,17.00,45.40,28.40,0.00,10.75,291.86
DQN_w13,22,car_flow_north_E#18.3,truck,19.40,47.00,27.60,0.00,9.91,214.96
DQN_w13,22,car_flow_turn_E#15.1,car,12.60,48.20,35.60,0.00,9.58,223.71
DQN_w13,22,car_flow_north_E#18.4,car,22.60,48.80,26.20,0.00,8.83,222.96
DQN_w13,22,car_flow_turn.5,car,21.40,49.00,27.60,0.00,9.83,291.86
DQN_w13,22,car_flow_turn_E#15.2,car,19.20,50.40,31.20,0.00,10.69,223.71
DQN_w13,22,car_flow_south_E#18.2,car,18.40,52.80,34.40,12.20,21.27,232.83
DQN_w13,22,car_flow_north_E#18.5,car,24.80,54.40,29.60,0.00,6.20,222.96
DQN_w13,22,car_flow_south_left.1,car,25.60,55.00,29.40,0.00,9.45,541.79
DQN_w13,22,car_flow_turn_E#13.0,truck,4.00,55.40,51.40,19.20,30.26,206.25
DQN_w13,22,car_flow_north_E#18.6,car,27.00,55.80,28.80,0.00,10.85,222.96
DQN_w13,22,car_flow_north_E#18.7,car,29.40,57.00,27.60,0.00,10.83,222.96
DQN_w13,22,car_flow_south_left.2,car,27.80,58.20,30.40,0.00,6.75,541.79
DQN_w13,22,car_flow_WEST_E#6.1,truck,8.80,59.00,50.20,12.60,30.11,206.25
DQN_w13,22,car_flow_South_Right.0,car,0.20,60.40,60.20,3.60,16.27,700.86
DQN_w13,22,car_flow_turn_E#15.3,car,25.80,62.40,36.60,4.80,14.63,223.71
DQN_w13,22,car_flow_north_E#18.8,car,31.60,64.40,32.80,3.00,13.41,222.96
DQN_w13,22,car_flow_north_E#18.9,car,34.00,65.80,31.80,0.00,14.94,222.96
DQN_w13,22,car_flow_through.1,truck,29.20,66.20,37.00,0.00,11.79,215.71
DQN_w13,22,car_flow_south_E#18.3,car,41.00,66.20,25.20,3.00,11.13,232.83
DQN_w13,22,car_flow_turn.6,car,34.80,68.20,33.40,2.20,13.27,291.86
DQN_w13,22,car_flow_south_E#18.4,car,42.00,73.40,31.40,3.60,17.47,232.83
DQN_w13,22,car_flow_north_E#18.10,car,45.00,73.40,28.40,0.00,12.79,222.96
DQN_w13,22,car_flow_turn_E#15.4,car,37.00,73.80,36.80,0.00,12.99,223.71
DQN_w13,22,car_flow_south_E#18.5,car,43.80,74.60,30.80,0.80,18.78,232.83
DQN_w13,22,car_flow_WEST_E#6.2,car,12.00,76.00,64.00,22.40,43.36,214.25
DQN_w13,22,car_flow_E#10.0,car,16.20,76.20,60.00,0.00,14.42,888.90
DQN_w13,22,car_flow_WEST_E#6.3,car,18.40,78.40,60.00,16.00,38.49,214.25
DQN_w13,22,car_flow_south_E#15.0,car,16.00,78.80,62.80,0.00,8.95,795.72
DQN_w13,22,car_flow_WEST_E#6.4,car,20.60,80.60,60.00,12.60,40.10,214.25
DQN_w13,22,car_flow_turn_E#13.1,car,23.00,83.00,60.00,9.40,38.86,214.25
DQN_w13,22,car_flow_turn.7,truck,40.60,84.00,43.40,7.00,27.23,283.86
DQN_w13,22,car_flow_WEST_E#6.5,car,25.20,85.40,60.20,6.80,38.33,214.25
DQN_w13,22,car_flow_north_E#18.11,car,47.20,85.80,38.60,2.60,22.85,222.96
DQN_w13,22,car_flow_turn_E#6.0,car,23.60,87.60,64.00,5.80,15.03,873.09
DQN_w13,22,car_flow_turn_E#15.5,car,44.00,87.80,43.80,3.80,20.91,223.71
DQN_w13,22,car_flow_turn_E#10.0,car,6.00,88.80,82.80,19.40,33.51,888.41
DQN_w13,22,car_flow_north_E#18.12,car,51.60,88.80,37.20,0.00,20.97,222.96
DQN_w13,22,car_flow_through.2,car,46.20,90.00,43.80,2.00,21.71,223.71
DQN_w13,22,car_flow_north_E#18.13,car,54.20,90.80,36.60,0.00,20.86,222.96
DQN_w13,22,car_flow_turn_E#10.1,car,11.60,91.20,79.60,17.00,31.18,888.41
DQN_w13,22,car_flow_through.3,car,48.60,92.20,43.60,0.00,21.59,223.71
DQN_w13,22,car_flow_south_left.3,car,63.40,92.40,29.00,0.00,7.31,541.79
DQN_w13,22,car_flow_turn.8,car,55.60,93.60,38.00,0.00,16.66,291.86
DQN_w13,22,car_flow_turn_E#10.2,car,13.80,93.80,80.00,8.40,26.14,888.41
DQN_w13,22,car_flow_north_E#18.14,car,59.60,94.80,35.20,0.00,17.40,222.96
DQN_w13,22,car_flow_turn_E#15.6,truck,52.00,95.20,43.20,0.00,19.18,215.71
DQN_w13,22,car_flow_south_left.4,car,66.00,95.20,29.20,0.00,7.12,541.79
DQN_w13,22,car_flow_north_E#18.15,car,65.20,97.80,32.60,0.00,15.32,222.96
DQN_w13,22,car_flow_through.4,car,58.00,98.80,40.80,0.00,18.73,223.71
DQN_w13,22,car_flow_turn.9,truck,63.80,99.60,35.80,0.00,18.46,283.86
DQN_w13,22,car_flow_north_E#18.16,car,69.00,99.80,30.80,0.00,14.13,222.96
DQN_w13,33,car_flow_north_E#18.0,car,4.20,27.20,23.00,0.00,6.78,222.96
DQN_w13,33,car_flow_turn_E#15.0,truck,0.00,29.60,29.60,0.00,6.93,215.71
DQN_w13,33,car_flow_north_E#18.1,car,7.20,29.60,22.40,0.00,6.15,222.96
DQN_w13,33,car_flow_turn.0,truck,5.00,33.20,28.20,0.00,9.66,283.86
DQN_w13,33,car_flow_north_E#18.2,car,14.80,37.00,22.20,0.00,6.89,222.96
DQN_w13,33,car_flow_through.0,car,8.20,39.40,31.20,0.00,6.05,223.71
DQN_w13,33,car_flow_turn_E#15.1,car,10.60,41.40,30.80,0.00,8.91,223.71
DQN_w13,33,car_flow_south_left.0,car,11.60,41.40,29.80,0.00,6.16,541.79
DQN_w13,33,car_flow_through.1,car,13.00,44.60,31.60,0.00,6.02,223.71
DQN_w13,33,car_flow_turn_E#15.2,car,15.20,46.80,31.60,0.00,8.46,223.71
DQN_w13,33,car_flow_north_E#18.3,car,24.00,47.40,23.40,0.00,4.93,222.96
DQN_w13,33,car_flow_south_left.1,car,19.80,48.60,28.80,0.00,7.10,541.79
DQN_w13,33,car_flow_turn_E#15.3,car,17.40,48.80,31.40,0.00,8.74,223.71
DQN_w13,33,car_flow_through.2,car,19.60,52.40,32.80,0.00,6.29,223.71
DQN_w13,33,car_flow_WEST_E#6.0,truck,1.80,54.80,53.00,20.80,31.61,206.25
DQN_w13,33,car_flow_south_E#18.0,bus,10.60,56.80,46.20,15.20,33.34,224.83
DQN_w13,33,car_flow_WEST_E#6.1,car,7.40,58.20,50.80,16.00,31.80,214.25
DQN_w13,33,car_flow_turn.1,car,21.80,58.40,36.60,7.60,18.38,291.86
DQN_w13,33,car_flow_WEST_E#6.2,car,12.40,60.20,47.80,11.80,29.48,214.25
DQN_w13,33,car_flow_South_Right.0,car,4.80,60.40,55.60,0.00,9.42,700.86
DQN_w13,33,car_flow_turn.2,car,28.40,62.00,33.60,0.00,18.14,291.86
DQN_w13,33,car_flow_south_E#15.0,car,2.00,62.80,60.80,0.00,5.61,795.72
DQN_w13,33,car_flow_turn.3,car,30.80,63.80,33.00,0.00,16.77,291.86
DQN_w13,33,car_flow_through.3,truck,25.20,65.60,40.40,0.40,16.40,215.71
DQN_w13,33,car_flow_north_E#18.4,car,31.20,65.60,34.40,2.80,18.79,222.96
DQN_w13,33,car_flow_south_E#18.1,car,31.00,66.80,35.80,7.40,20.62,232.83
DQN_w13,33,car_flow_south_E#18.2,car,35.80,67.80,32.00,2.20,18.22,232.83
DQN_w13,33,car_flow_south_E#15.4,car,21.80,68.20,46.40,0.00,6.52,795.72
DQN_w13,33,car_flow_E#10.0,car,8.80,68.40,59.60,0.00,10.93,888.90
DQN_w13,33,car_flow_south_E#15.1,truck,11.60,68.60,57.00,0.00,8.02,787.72
DQN_w13,33,car_flow_north_E#18.5,car,33.60,69.40,35.80,1.00,17.22,222.96
DQN_w13,33,car_flow_turn_E#13.0,truck,16.00,70.60,54.60,11.60,33.79,206.25
DQN_w13,33,car_flow_south_E#15.2,car,17.20,72.60,55.40,0.00,5.58,795.72
DQN_w13,33,car_flow_turn.4,car,33.00,72.60,39.60,4.80,21.61,291.86
DQN_w13,33,car_flow_south_E#18.3,car,36.60,73.20,36.60,3.60,23.32,232.83
DQN_w13,33,car_flow_turn_E#13.1,car,19.20,74.00,54.80,6.80,35.77,214.25
DQN_w13,33,car_flow_south_E#18.4,car,51.00,74.60,23.60,0.00,11.41,232.83
DQN_w13,33,car_flow_south_E#15.3,car,19.60,75.80,56.20,0.00,5.34,795.72
DQN_w13,33,car_flow_north_E#18.6,car,40.60,77.00,36.40,2.40,20.15,222.96
DQN_w13,33,car_flow_turn.5,truck,36.40,77.60,41.20,1.60,24.26,283.86
DQN_w13,33,car_flow_south_left.2,car,49.00,77.60,28.60,0.00,6.80,541.79
DQN_w13,33,car_flow_turn_E#13.2,car,25.60,78.20,52.60,1.60,27.79,214.25
DQN_w13,33,car_flow_north_E#18.7,car,44.20,79.00,34.80,0.00,18.93,222.96
DQN_w13,33,car_flow_turn.6,truck,41.40,79.40,38.00,0.00,22.01,283.86
DQN_w13,33,car_flow_WEST_E#6.3,car,27.80,80.20,52.40,0.00,32.23,214.25
DQN_w13,33,car_flow_south_left.3,car,54.00,82.60,28.60,0.00,7.13,541.79
DQN_w13,33,car_flow_E#10.1,car,15.60,83.20,67.60,9.40,20.95,888.90
DQN_w13,33,car_flow_turn_E#13.3,car,30.00,83.80,53.80,0.00,27.63,214.25
DQN_w13,33,car_flow_north_E#18.8,car,57.80,84.60,26.80,0.00,7.98,222.96
DQN_w13,33,car_flow_through.4,truck,46.40,85.80,39.40,0.00,17.01,215.71
DQN_w13,33,car_flow_south_left.4,car,57.20,87.60,30.40,0.00,6.23,541.79
DQN_w13,33,car_flow_South_Right.1,car,18.00,89.00,71.00,8.80,21.22,700.86
DQN_w13,33,car_flow_south_left.5,car,59.40,89.00,29.60,0.00,7.92,541.79
DQN_w13,33,car_flow_South_Right.2,car,23.20,90.40,67.20,1.80,17.86,700.86
DQN_w13,33,car_flow_through.5,car,49.80,92.60,42.80,1.40,19.42,223.71
DQN_w13,33,car_flow_north_E#18.9,car,62.20,93.00,30.80,1.00,15.84,222.96
DQN_w13,33,car_flow_turn.7,bus,56.40,94.20,37.80,0.00,20.60,283.86
DQN_w13,33,car_flow_south_left.6,car,63.80,94.60,30.80,0.00,5.70,541.79
DQN_w13,33,car_flow_through.6,car,52.00,94.80,42.80,0.00,19.29,223.71
DQN_w13,33,car_flow_south_left.7,car,66.20,95.80,29.60,0.00,11.22,541.79
DQN_w13,33,car_flow_turn_E#10.1,car,9.40,96.60,87.20,18.20,32.55,888.41
DQN_w13,33,car_flow_South_Right.3,car,33.80,96.60,62.80,2.80,19.98,700.86
DQN_w13,33,car_flow_turn_E#10.0,car,7.00,97.40,90.40,18.40,32.27,888.41
DQN_w13,33,car_flow_south_E#15.6,car,38.40,97.80,59.40,0.00,18.59,795.72
DQN_w13,33,car_flow_south_E#15.5,bus,27.40,98.80,71.40,6.20,23.48,787.72
DQN_w14,11,car_flow_north_E#18.0,truck,0.40,25.40,25.00,0.00,8.41,214.96
DQN_w14,11,car_flow_turn.0,car,2.40,26.80,24.40,0.00,5.41,291.86
DQN_w14,11,car_flow_turn_E#15.0,car,0.00,30.20,30.20,0.00,3.56,223.71
DQN_w14,11,car_flow_north_E#18.1,car,8.60,33.00,24.40,0.00,4.15,222.96
DQN_w14,11,car_flow_north_E#18.2,car,10.80,34.80,24.00,0.00,5.77,222.96
DQN_w14,11,car_flow_turn_E#15.1,car,9.00,38.00,29.00,0.00,3.55,223.71
DQN_w14,11,car_flow_north_E#18.3,truck,14.20,39.40,25.20,0.00,8.50,214.96
DQN_w14,11,car_flow_turn_E#15.2,car,12.60,41.20,28.60,0.00,3.98,223.71
DQN_w14,11,car_flow_turn_E#15.3,car,17.00,46.60,29.60,0.00,3.73,223.71
DQN_w14,11,car_flow_south_left.0,car,17.20,46.80,29.60,0.00,7.06,541.79
DQN_w14,11,car_flow_north_E#18.4,car,22.60,46.80,24.20,0.00,6.64,222.96
DQN_w14,11,car_flow_south_left.1,car,19.40,49.00,29.60,0.00,7.17,541.79
DQN_w14,11,car_flow_turn_E#15.4,car,22.80,51.60,28.80,0.00,3.52,223.71
DQN_w14,11,car_flow_turn.1,car,28.80,52.40,23.60,0.00,5.23,291.86
DQN_w14,11,car_flow_south_E#18.0,car,31.60,52.60,21.00,0.00,9.19,232.83
DQN_w14,11,car_flow_south_left.2,car,21.80,53.20,31.40,0.00,6.29,541.79
DQN_w14,11,car_flow_north_E#18.5,car,29.40,53.80,24.40,0.00,5.90,222.96
DQN_w14,11,car_flow_south_E#15.1,car,6.20,54.60,48.40,0.00,6.25,795.72
DQN_w14,11,car_flow_turn_E#15.5,car,25.00,55.20,30.20,0.00,3.87,223.71
DQN_w14,11,car_flow_south_E#15.0,car,3.80,56.00,52.20,0.00,5.77,795.72
DQN_w14,11,car_flow_south_left.3,car,29.00,60.40,31.40,0.00,5.76,541.79
DQN_w14,11,car_flow_turn_E#15.6,truck,32.40,61.80,29.40,0.00,6.61,215.71
DQN_w14,11,car_flow_south_left.4,car,32.00,62.00,30.00,0.00,8.54,541.79
DQN_w14,11,car_flow_south_left.5,car,34.20,63.40,29.20,0.00,8.31,541.79
DQN_w14,11,car_flow_E#10.0,car,1.60,64.80,63.20,0.00,13.55,888.90
DQN_w14,11,car_flow_north_E#18.6,car,41.40,65.20,23.80,0.00,4.82,222.96
DQN_w14,11,car_flow_through.0,car,35.60,66.60,31.00,0.00,6.00,223.71
DQN_w14,11,car_flow_South_Right.0,car,7.80,68.60,60.80,5.20,17.74,700.86
DQN_w14,11,car_flow_south_left.6,car,38.80,68.80,30.00,0.00,9.68,541.79
DQN_w14,11,car_flow_South_Right.1,car,14.20,70.00,55.80,0.00,14.75,700.86
DQN_w14,11,car_flow_turn.2,car,44.60,72.40,27.80,0.00,11.28,291.86
DQN_w14,11,car_flow_through.1,car,37.80,73.20,35.40,2.20,10.30,223.71
DQN_w14,11,car_flow_turn_E#6.0,car,4.80,75.00,70.20,16.60,27.11,873.09
DQN_w14,11,car_flow_turn_E#15.7,car,40.00,75.20,35.20,0.00,11.86,223.71
DQN_w14,11,car_flow_south_left.7,car,43.20,75.40,32.20,0.00,5.97,541.79
DQN_w14,11,car_flow_south_E#15.2,bus,19.20,76.60,57.40,0.00,9.40,787.72
DQN_w14,11,car_flow_south_left.8,car,45.40,76.60,31.20,0.00,9.58,541.79
DQN_w14,11,car_flow_turn_E#15.8,car,42.40,77.20,34.80,0.00,14.70,223.71
DQN_w14,11,car_flow_north_E#18.7,truck,49.60,78.20,28.60,0.00,11.70,214.96
DQN_w14,11,car_flow_turn.3,car,51.20,78.60,27.40,0.00,7.51,291.86
DQN_w14,11,car_flow_through.2,truck,48.00,79.80,31.80,0.00,8.99,215.71
DQN_w14,11,car_flow_turn.4,car,53.60,80.00,26.40,0.00,8.52,291.86
DQN_w14,11,car_flow_South_Right.2,car,21.60,82.20,60.60,2.80,16.21,700.86
DQN_w14,11,car_flow_south_E#15.3,car,25.00,82.80,57.80,0.00,5.71,795.72
DQN_w14,11,car_flow_South_Right.3,car,26.00,83.40,57.40,0.00,17.44,700.86
DQN_w14,11,car_flow_south_E#15.5,car,32.60,84.40,51.80,0.00,5.91,795.72
DQN_w14,11,car_flow_WEST_E#6.0,car,0.00,84.80,84.80,57.20,64.81,214.25
DQN_w14,11,car_flow_south_E#15.4,car,27.20,85.00,57.80,0.00,5.58,795.72
DQN_w14,11,car_flow_south_E#15.7,car,37.00,85.80,48.80,0.00,6.81,795.72
DQN_w14,11,car_flow_E#10.2,car,12.80,87.60,74.80,13.20,25.87,888.90
DQN_w14,11,car_flow_E#10.1,car,8.40,90.00,81.60,4.60,17.95,888.90
DQN_w14,11,car_flow_south_E#15.6,car,34.80,90.00,55.20,0.00,5.09,795.72
DQN_w14,11,car_flow_south_left.9,truck,53.20,90.00,36.80,0.00,12.63,533.79
DQN_w14,11,car_flow_south_left.10,car,58.40,91.40,33.00,0.00,9.21,541.79
DQN_w14,11,car_flow_turn_E#15.9,car,59.20,92.40,33.20,0.00,3.37,223.71
DQN_w14,11,car_flow_turn_E#13.0,car,2.40,94.80,92.40,54.40,69.53,214.25
DQN_w14,11,car_flow_north_E#18.8,car,67.80,96.20,28.40,4.80,11.65,222.96
DQN_w14,11,car_flow_south_E#15.8,car,39.20,96.40,57.20,0.00,5.00,795.72
DQN_w14,11,car_flow_turn.5,car,69.00,97.00,28.00,0.00,7.10,291.86
DQN_w14,11,car_flow_turn_E#15.10,car,61.60,99.60,38.00,3.80,10.30,223.71
DQN_w14,11,car_flow_south_left.11,car,68.80,99.80,31.00,0.00,6.06,541.79
DQN_w14,22,car_flow_south_E#18.0,car,0.20,19.20,19.00,0.00,5.79,232.83
DQN_w14,22,car_flow_north_E#18.0,car,3.80,25.80,22.00,0.00,4.32,222.96
DQN_w14,22,car_flow_WEST_E#6.0,car,0.40,26.80,26.40,0.00,4.50,214.25
DQN_w14,22,car_flow_turn.0,truck,0.40,28.60,28.20,0.00,9.92,283.86
DQN_w14,22,car_flow_turn.1,car,6.00,31.00,25.00,0.00,8.07,291.86
DQN_w14,22,car_flow_north_E#18.1,car,11.60,31.80,20.20,0.00,4.66,222.96
DQN_w14,22,car_flow_north_E#18.2,car,13.80,34.80,21.00,0.00,5.29,222.96
DQN_w14,22,car_flow_through.0,car,3.80,35.00,31.20,0.00,6.00,223.71
DQN_w14,22,car_flow_turn.2,car,10.40,35.40,25.00,0.00,6.20,291.86
DQN_w14,22,car_flow_turn_E#15.0,car,8.20,37.60,29.40,0.00,6.34,223.71
DQN_w14,22,car_flow_turn.3,car,14.80,39.20,24.40,0.00,6.98,291.86
DQN_w14,22,car_flow_south_left.0,truck,4.20,39.60,35.40,0.00,14.34,533.79
DQN_w14,22,car_flow_turn.4,car,17.00,41.40,24.40,0.00,6.87,291.86
DQN_w14,22,car_flow_turn_E#15.1,car,12.60,43.40,30.80,0.00,4.67,223.71
DQN_w14,22,car_flow_turn.5,car,21.40,45.40,24.00,0.00,6.25,291.86
DQN_w14,22,car_flow_north_E#18.3,truck,19.40,45.40,26.00,0.00,8.46,214.96
DQN_w14,22,car_flow_turn_E#15.2,car,19.20,46.20,27.00,0.00,6.48,223.71
DQN_w14,22,car_flow_north_E#18.4,car,22.80,47.40,24.60,0.00,7.10,222.96
DQN_w14,22,car_flow_turn_E#13.0,truck,4.00,51.40,47.40,15.20,26.26,206.25
DQN_w14,22,car_flow_south_E#18.1,truck,2.00,52.60,50.60,21.00,37.88,224.83
DQN_w14,22,car_flow_north_E#18.5,car,25.20,52.80,27.60,0.00,4.38,222.96
DQN_w14,22,car_flow_South_Right.0,car,0.20,54.40,54.20,0.00,10.37,700.86
DQN_w14,22,car_flow_WEST_E#6.1,truck,8.80,55.00,46.20,8.60,26.10,206.25
DQN_w14,22,car_flow_south_left.1,car,25.60,55.00,29.40,0.00,9.45,541.79
DQN_w14,22,car_flow_south_left.2,car,27.80,58.20,30.40,0.00,6.75,541.79
DQN_w14,22,car_flow_turn_E#15.3,car,26.00,58.80,32.80,0.20,10.74,223.71
DQN_w14,22,car_flow_north_E#18.6,car,27.60,60.20,32.60,3.00,14.78,222.96
DQN_w14,22,car_flow_turn.6,car,35.20,61.00,25.80,0.00,5.70,291.86
DQN_w14,22,car_flow_north_E#18.7,car,30.00,62.20,32.20,0.00,15.36,222.96
DQN_w14,22,car_flow_through.1,truck,29.40,62.80,33.40,0.00,8.19,215.71
DQN_w14,22,car_flow_north_E#18.8,car,32.40,65.60,33.20,0.00,13.79,222.96
DQN_w14,22,car_flow_south_E#18.2,car,18.20,67.00,48.80,17.00,35.81,232.83
DQN_w14,22,car_flow_north_E#18.9,car,34.80,67.00,32.20,0.00,15.38,222.96
DQN_w14,22,car_flow_turn_E#15.4,car,37.40,67.20,29.80,0.00,5.93,223.71
DQN_w14,22,car_flow_WEST_E#6.2,car,12.00,69.40,57.40,16.00,36.69,214.25
DQN_w14,22,car_flow_WEST_E#6.3,car,18.40,71.80,53.40,9.40,31.88,214.25
DQN_w14,22,car_flow_WEST_E#6.4,car,20.60,74.00,53.40,5.80,33.49,214.25
DQN_w14,22,car_flow_south_E#15.0,car,16.00,74.40,58.40,0.00,4.46,795.72
DQN_w14,22,car_flow_turn_E#13.1,car,23.00,76.40,53.40,3.00,32.26,214.25
DQN_w14,22,car_flow_turn.7,truck,41.00,76.80,35.80,3.40,19.73,283.86
DQN_w14,22,car_flow_north_E#18.10,car,45.80,77.40,31.60,3.00,15.92,222.96
DQN_w14,22,car_flow_WEST_E#6.5,car,25.20,78.80,53.60,1.80,31.72,214.25
DQN_w14,22,car_flow_north_E#18.11,car,48.20,79.80,31.60,0.00,15.79,222.96
DQN_w14,22,car_flow_turn_E#15.5,car,44.40,81.00,36.60,0.20,13.69,223.71
DQN_w14,22,car_flow_north_E#18.12,car,52.80,82.40,29.60,0.00,13.50,222.96
DQN_w14,22,car_flow_through.2,car,46.60,83.20,36.60,0.00,14.44,223.71
DQN_w14,22,car_flow_north_E#18.13,car,55.80,84.40,28.60,0.00,12.97,222.96
DQN_w14,22,car_flow_through.3,car,48.80,85.20,36.40,0.00,14.52,223.71
DQN_w14,22,car_flow_south_E#18.3,car,41.80,85.40,43.60,15.20,29.57,232.83
DQN_w14,22,car_flow_turn_E#10.0,car,6.00,86.80,80.80,14.40,31.43,888.41
DQN_w14,22,car_flow_turn_E#10.1,car,11.60,88.00,76.40,12.80,28.05,888.41
DQN_w14,22,car_flow_turn_E#13.2,car,30.40,89.00,58.60,7.80,39.12,214.25
DQN_w14,22,car_flow_WEST_E#6.6,car,32.80,92.00,59.20,4.20,37.39,214.25
DQN_w14,22,car_flow_south_left.3,car,63.40,92.40,29.00,0.00,7.31,541.79
DQN_w14,22,car_flow_turn.8,car,55.80,93.00,37.20,0.00,16.02,291.86
DQN_w14,22,car_flow_south_E#15.2,car,39.60,93.40,53.80,0.00,12.78,795.72
DQN_w14,22,car_flow_turn_E#15.6,truck,52.40,94.80,42.40,3.00,18.37,215.71
DQN_w14,22,car_flow_south_left.4,car,66.00,95.20,29.20,0.00,7.12,541.79
DQN_w14,22,car_flow_north_E#18.14,car,60.20,96.60,36.40,0.40,18.51,222.96
DQN_w14,22,car_flow_through.4,car,58.00,98.20,40.20,0.00,18.31,223.71
DQN_w14,22,car_flow_turn_E#6.0,car,23.60,98.40,74.80,14.40,25.92,873.09
DQN_w14,22,car_flow_turn.9,truck,63.60,98.80,35.20,0.00,17.88,283.86
DQN_w14,22,car_flow_north_E#18.15,car,65.60,99.40,33.80,0.00,16.57,222.96
DQN_w14,22,car_flow_south_E#15.1,car,37.20,99.60,62.40,0.00,12.42,795.72
DQN_w14,33,car_flow_north_E#18.0,car,4.20,26.40,22.20,0.00,5.88,222.96
DQN_w14,33,car_flow_north_E#18.1,car,7.20,28.80,21.60,0.00,5.41,222.96
DQN_w14,33,car_flow_turn_E#15.0,truck,0.00,29.60,29.60,0.00,6.93,215.71
DQN_w14,33,car_flow_turn.0,truck,5.00,33.20,28.20,0.00,9.66,283.86
DQN_w14,33,car_flow_north_E#18.2,car,14.80,37.20,22.40,0.00,6.97,222.96
DQN_w14,33,car_flow_through.0,car,8.20,39.40,31.20,0.00,6.05,223.71
DQN_w14,33,car_flow_turn_E#15.1,car,10.60,41.40,30.80,0.00,8.91,223.71
DQN_w14,33,car_flow_south_left.0,car,11.60,41.40,29.80,0.00,6.16,541.79
DQN_w14,33,car_flow_through.1,car,13.00,44.60,31.60,0.00,6.02,223.71
DQN_w14,33,car_flow_turn_E#15.2,car,15.20,46.80,31.60,0.00,8.46,223.71
DQN_w14,33,car_flow_north_E#18.3,car,23.60,47.20,23.60,0.00,5.00,222.96
DQN_w14,33,car_flow_turn.1,car,21.80,47.40,25.60,0.00,7.26,291.86
DQN_w14,33,car_flow_south_left.1,car,19.80,48.60,28.80,0.00,7.10,541.79
DQN_w14,33,car_flow_turn_E#15.3,car,17.40,48.80,31.40,0.00,8.74,223.71
DQN_w14,33,car_flow_through.2,car,19.60,52.40,32.80,0.00,6.29,223.71
DQN_w14,33,car_flow_north_E#18.4,car,30.80,53.40,22.60,0.00,6.88,222.96
DQN_w14,33,car_flow_WEST_E#6.0,truck,1.80,54.80,53.00,20.80,31.61,206.25
DQN_w14,33,car_flow_WEST_E#6.1,car,7.40,58.20,50.80,16.00,31.78,214.25
DQN_w14,33,car_flow_south_E#18.0,bus,10.60,58.20,47.60,16.80,34.89,224.83
DQN_w14,33,car_flow_WEST_E#6.2,car,12.40,60.20,47.80,11.80,29.49,214.25
DQN_w14,33,car_flow_South_Right.0,car,4.80,60.40,55.60,0.00,9.44,700.86
DQN_w14,33,car_flow_south_E#15.0,car,2.00,61.60,59.60,0.00,4.42,795.72
DQN_w14,33,car_flow_north_E#18.5,car,33.00,65.60,32.60,2.00,14.22,222.96
DQN_w14,33,car_flow_through.3,truck,25.20,66.60,41.40,7.00,17.14,215.71
DQN_w14,33,car_flow_turn.2,car,28.40,67.20,38.80,5.00,23.29,291.86
DQN_w14,33,car_flow_south_E#15.4,car,21.40,68.00,46.60,0.00,6.78,795.72
DQN_w14,33,car_flow_turn.3,car,30.80,68.40,37.60,0.20,21.49,291.86
DQN_w14,33,car_flow_south_E#15.1,truck,11.60,68.80,57.20,0.00,8.21,787.72
DQN_w14,33,car_flow_south_E#18.1,car,30.60,70.80,40.20,9.80,25.07,232.83
DQN_w14,33,car_flow_turn.4,car,33.00,71.00,38.00,0.00,20.03,291.86
DQN_w14,33,car_flow_south_E#18.2,car,35.20,71.80,36.60,6.20,22.86,232.83
DQN_w14,33,car_flow_south_E#15.2,car,17.00,72.40,55.40,0.00,5.75,795.72
DQN_w14,33,car_flow_turn_E#13.0,truck,16.00,73.00,57.00,14.00,36.18,206.25
DQN_w14,33,car_flow_south_E#18.3,car,36.00,73.00,37.00,4.80,23.95,232.83
DQN_w14,33,car_flow_south_E#18.4,car,51.00,74.20,23.20,0.00,11.22,232.83
DQN_w14,33,car_flow_turn.5,truck,36.40,74.60,38.20,0.00,21.25,283.86
DQN_w14,33,car_flow_north_E#18.6,car,40.00,75.00,35.00,1.40,18.72,222.96
DQN_w14,33,car_flow_south_E#15.3,car,19.20,75.60,56.40,0.00,5.62,795.72
DQN_w14,33,car_flow_turn_E#13.1,car,19.20,76.40,57.20,9.20,38.12,214.25
DQN_w14,33,car_flow_turn.6,truck,41.40,76.80,35.40,0.00,19.43,283.86
DQN_w14,33,car_flow_north_E#18.7,car,44.20,77.00,32.80,0.00,16.87,222.96
DQN_w14,33,car_flow_E#10.1,car,15.60,77.60,62.00,2.00,15.42,888.90
DQN_w14,33,car_flow_south_left.2,car,49.00,77.60,28.60,0.00,6.80,541.79
DQN_w14,33,car_flow_E#10.0,car,8.80,78.60,69.80,10.40,21.02,888.90
DQN_w14,33,car_flow_turn_E#13.2,car,25.60,80.60,55.00,4.20,30.20,214.25
DQN_w14,33,car_flow_South_Right.1,car,18.00,81.20,63.20,1.00,13.40,700.86
DQN_w14,33,car_flow_South_Right.2,car,23.20,82.60,59.40,0.00,10.15,700.86
DQN_w14,33,car_flow_WEST_E#6.3,car,27.80,82.60,54.80,1.40,34.63,214.25
DQN_w14,33,car_flow_south_left.3,car,54.00,82.60,28.60,0.00,7.13,541.79
DQN_w14,33,car_flow_south_E#15.5,bus,27.00,84.20,57.20,0.00,9.38,787.72
DQN_w14,33,car_flow_turn_E#13.3,car,30.00,86.20,56.20,0.00,30.02,214.25
DQN_w14,33,car_flow_south_left.4,car,57.20,87.60,30.40,0.00,6.23,541.79
DQN_w14,33,car_flow_WEST_E#6.4,car,32.20,88.20,56.00,0.00,36.16,214.25
DQN_w14,33,car_flow_south_left.5,car,59.40,89.00,29.60,0.00,7.92,541.79
DQN_w14,33,car_flow_through.4,truck,46.20,90.20,44.00,1.60,21.67,215.71
DQN_w14,33,car_flow_north_E#18.8,car,58.00,90.20,32.20,2.40,13.38,222.96
DQN_w14,33,car_flow_north_E#18.9,car,62.60,92.00,29.40,0.00,14.30,222.96
DQN_w14,33,car_flow_turn.7,bus,55.40,93.80,38.40,0.00,21.34,283.86
DQN_w14,33,car_flow_through.5,car,49.40,94.00,44.60,0.00,21.13,223.71
DQN_w14,33,car_flow_south_left.6,car,63.80,94.60,30.80,0.00,5.70,541.79
DQN_w14,33,car_flow_south_left.7,car,66.20,95.80,29.60,0.00,11.22,541.79
DQN_w14,33,car_flow_through.6,car,51.60,96.20,44.60,0.00,21.04,223.71
DQN_w14,33,car_flow_South_Right.3,car,33.80,96.40,62.60,5.80,19.50,700.86
DQN_w14,33,car_flow_turn_E#10.1,car,9.40,98.20,88.80,19.60,34.11,888.41
DQN_w14,33,car_flow_turn_E#10.0,car,7.00,99.20,92.20,18.40,34.13,888.41
DQN_w14,33,car_flow_south_E#15.6,car,37.80,99.60,61.80,5.60,21.06,795.72
DQN_w15,11,car_flow_north_E#18.0,truck,0.40,25.40,25.00,0.00,8.41,214.96
DQN_w15,11,car_flow_turn.0,car,2.40,26.80,24.40,0.00,5.41,291.86
DQN_w15,11,car_flow_turn_E#15.0,car,0.00,30.20,30.20,0.00,3.56,223.71
DQN_w15,11,car_flow_north_E#18.1,car,8.60,33.00,24.40,0.00,4.15,222.96
DQN_w15,11,car_flow_north_E#18.2,car,10.80,34.80,24.00,0.00,5.77,222.96
DQN_w15,11,car_flow_turn_E#15.1,car,9.00,38.00,29.00,0.00,3.55,223.71
DQN_w15,11,car_flow_north_E#18.3,truck,14.20,39.40,25.20,0.00,8.50,214.96
DQN_w15,11,car_flow_turn_E#15.2,car,12.60,41.20,28.60,0.00,3.98,223.71
DQN_w15,11,car_flow_turn_E#15.3,car,17.00,46.60,29.60,0.00,3.73,223.71
DQN_w15,11,car_flow_south_left.0,car,17.20,46.80,29.60,0.00,7.06,541.79
DQN_w15,11,car_flow_north_E#18.4,car,22.60,46.80,24.20,0.00,6.64,222.96
DQN_w15,11,car_flow_south_left.1,car,19.40,49.00,29.60,0.00,7.17,541.79
DQN_w15,11,car_flow_turn_E#15.4,car,22.80,51.60,28.80,0.00,3.52,223.71
DQN_w15,11,car_flow_turn.1,car,28.80,52.40,23.60,0.00,5.23,291.86
DQN_w15,11,car_flow_south_E#18.0,car,31.60,52.60,21.00,0.00,9.19,232.83
DQN_w15,11,car_flow_south_left.2,car,21.80,53.20,31.40,0.00,6.29,541.79
DQN_w15,11,car_flow_north_E#18.5,car,29.40,53.80,24.40,0.00,5.90,222.96
DQN_w15,11,car_flow_south_E#15.1,car,6.20,54.60,48.40,0.00,6.25,795.72
DQN_w15,11,car_flow_turn_E#15.5,car,25.00,55.20,30.20,0.00,3.87,223.71
DQN_w15,11,car_flow_south_E#15.0,car,3.80,56.00,52.20,0.00,5.77,795.72
DQN_w15,11,car_flow_south_left.3,car,29.00,60.40,31.40,0.00,5.76,541.79
DQN_w15,11,car_flow_turn_E#15.6,truck,32.40,61.80,29.40,0.00,6.61,215.71
DQN_w15,11,car_flow_south_left.4,car,32.00,62.00,30.00,0.00,8.54,541.79
DQN_w15,11,car_flow_south_left.5,car,34.20,63.40,29.20,0.00,8.31,541.79
DQN_w15,11,car_flow_north_E#18.6,car,41.40,65.20,23.80,0.00,4.81,222.96
DQN_w15,11,car_flow_through.0,car,35.60,66.60,31.00,0.00,6.00,223.71
DQN_w15,11,car_flow_South_Right.0,car,7.80,68.60,60.80,5.20,17.71,700.86
DQN_w15,11,car_flow_south_left.6,car,38.80,68.80,30.00,0.00,9.68,541.79
DQN_w15,11,car_flow_through.1,car,37.80,69.20,31.40,0.00,6.28,223.71
DQN_w15,11,car_flow_turn.2,car,44.60,69.20,24.60,0.00,7.93,291.86
DQN_w15,11,car_flow_turn_E#15.7,car,40.00,71.20,31.20,0.00,7.82,223.71
DQN_w15,11,car_flow_turn_E#15.8,car,42.40,73.20,30.80,0.00,10.74,223.71
DQN_w15,11,car_flow_north_E#18.7,truck,49.60,74.80,25.20,0.00,8.39,214.96
DQN_w15,11,car_flow_E#10.2,car,12.80,75.00,62.20,0.00,13.32,888.90
DQN_w15,11,car_flow_E#10.0,car,1.60,75.20,73.60,9.40,23.91,888.90
DQN_w15,11,car_flow_turn_E#6.0,car,4.80,75.20,70.40,16.60,27.12,873.09
DQN_w15,11,car_flow_south_left.7,car,43.20,75.40,32.20,0.00,5.97,541.79
DQN_w15,11,car_flow_WEST_E#6.0,car,0.00,75.60,75.60,47.60,55.52,214.25
DQN_w15,11,car_flow_south_E#15.2,bus,19.20,76.60,57.40,0.00,9.38,787.72
DQN_w15,11,car_flow_south_left.8,car,45.40,76.60,31.20,0.00,9.58,541.79
DQN_w15,11,car_flow_South_Right.1,car,14.20,77.40,63.20,5.20,22.29,700.86
DQN_w15,11,car_flow_turn_E#13.0,car,2.40,78.60,76.20,41.60,53.46,214.25
DQN_w15,11,car_flow_South_Right.2,car,21.60,79.00,57.40,0.00,13.00,700.86
DQN_w15,11,car_flow_South_Right.3,car,26.00,80.60,54.60,0.00,14.53,700.86
DQN_w15,11,car_flow_WEST_E#6.1,car,4.80,81.20,76.40,39.40,52.91,214.25
DQN_w15,11,car_flow_turn.3,car,51.20,82.40,31.20,0.00,11.37,291.86
DQN_w15,11,car_flow_south_E#15.3,car,25.00,82.80,57.80,0.00,5.71,795.72
DQN_w15,11,car_flow_turn.4,car,53.40,83.80,30.40,0.00,12.50,291.86
DQN_w15,11,car_flow_through.2,truck,48.00,84.00,36.00,0.60,13.23,215.71
DQN_w15,11,car_flow_south_E#15.5,car,32.60,84.40,51.80,0.00,5.95,795.72
DQN_w15,11,car_flow_south_E#15.4,car,27.20,85.00,57.80,0.00,5.57,795.72
DQN_w15,11,car_flow_south_E#15.7,car,37.00,85.80,48.80,0.00,6.83,795.72
DQN_w15,11,car_flow_south_E#15.6,car,34.80,90.00,55.20,0.00,5.11,795.72
DQN_w15,11,car_flow_south_left.9,truck,53.20,90.00,36.80,0.00,12.63,533.79
DQN_w15,11,car_flow_south_left.10,car,58.40,91.40,33.00,0.00,9.21,541.79
DQN_w15,11,car_flow_south_E#15.10,car,46.00,92.20,46.20,0.00,6.56,795.72
DQN_w15,11,car_flow_north_E#18.8,car,69.00,92.40,23.40,0.00,6.73,222.96
DQN_w15,11,car_flow_turn_E#15.9,car,59.60,94.20,34.60,0.00,4.60,223.71
DQN_w15,11,car_flow_turn.5,car,68.80,94.60,25.80,0.00,4.92,291.86
DQN_w15,11,car_flow_south_E#15.8,car,39.20,96.40,57.20,0.00,5.07,795.72
DQN_w15,11,car_flow_turn_E#15.10,car,61.80,96.60,34.80,0.00,7.07,223.71
DQN_w15,11,car_flow_turn_E#15.11,car,66.60,98.60,32.00,0.00,8.41,223.71
DQN_w15,11,car_flow_south_left.11,car,68.80,99.80,31.00,0.00,6.06,541.79
DQN_w15,22,car_flow_south_E#18.0,car,0.20,19.20,19.00,0.00,5.79,232.83
DQN_w15,22,car_flow_north_E#18.0,car,3.80,25.80,22.00,0.00,4.32,222.96
DQN_w15,22,car_flow_WEST_E#6.0,car,0.40,26.80,26.40,0.00,4.50,214.25
DQN_w15,22,car_flow_turn.0,truck,0.40,28.60,28.20,0.00,9.92,283.86
DQN_w15,22,car_flow_turn.1,car,6.00,31.00,25.00,0.00,8.07,291.86
DQN_w15,22,car_flow_north_E#18.1,car,11.60,31.80,20.20,0.00,4.66,222.96
DQN_w15,22,car_flow_north_E#18.2,car,13.80,34.80,21.00,0.00,5.29,222.96
DQN_w15,22,car_flow_through.0,car,3.80,35.00,31.20,0.00,6.00,223.71
DQN_w15,22,car_flow_turn.2,car,10.40,35.40,25.00,0.00,6.20,291.86
DQN_w15,22,car_flow_turn_E#15.0,car,8.20,37.60,29.40,0.00,6.34,223.71
DQN_w15,22,car_flow_turn.3,car,14.80,39.20,24.40,0.00,6.98,291.86
DQN_w15,22,car_flow_south_left.0,truck,4.20,39.60,35.40,0.00,14.34,533.79
DQN_w15,22,car_flow_turn.4,car,17.00,41.40,24.40,0.00,6.87,291.86
DQN_w15,22,car_flow_turn_E#15.1,car,12.60,43.40,30.80,0.00,4.66,223.71
DQN_w15,22,car_flow_turn.5,car,21.40,45.40,24.00,0.00,6.25,291.86
DQN_w15,22,car_flow_north_E#18.3,truck,19.40,45.40,26.00,0.00,8.46,214.96
DQN_w15,22,car_flow_turn_E#15.2,car,19.20,46.20,27.00,0.00,6.48,223.71
DQN_w15,22,car_flow_north_E#18.4,car,22.80,47.40,24.60,0.00,7.10,222.96
DQN_w15,22,car_flow_turn_E#15.3,car,26.00,52.20,26.20,0.00,4.13,223.71
DQN_w15,22,car_flow_north_E#18.5,car,25.20,53.00,27.80,0.00,4.39,222.96
DQN_w15,22,car_flow_north_E#18.6,car,27.60,54.40,26.80,0.00,8.95,222.96
DQN_w15,22,car_flow_south_left.1,car,25.60,55.00,29.40,0.00,9.45,541.79
DQN_w15,22,car_flow_north_E#18.7,car,30.00,55.80,25.80,0.00,8.97,222.96
DQN_w15,22,car_flow_north_E#18.8,car,32.40,58.20,25.80,0.00,6.53,222.96
DQN_w15,22,car_flow_south_left.2,car,27.80,58.20,30.40,0.00,6.75,541.79
DQN_w15,22,car_flow_south_E#18.1,truck,2.00,58.40,56.40,26.80,43.68,224.83
DQN_w15,22,car_flow_north_E#18.9,car,34.80,59.80,25.00,0.00,8.07,222.96
DQN_w15,22,car_flow_South_Right.0,car,0.20,63.00,62.80,6.20,18.90,700.86
DQN_w15,22,car_flow_through.1,truck,29.40,65.40,36.00,0.20,10.80,215.71
DQN_w15,22,car_flow_turn.6,car,35.20,68.20,33.00,4.20,12.91,291.86
DQN_w15,22,car_flow_north_E#18.10,car,45.80,71.40,25.60,0.20,9.97,222.96
DQN_w15,22,car_flow_turn.7,truck,40.80,72.40,31.60,0.00,15.47,283.86
DQN_w15,22,car_flow_north_E#18.11,car,48.20,73.60,25.40,0.00,9.70,222.96
DQN_w15,22,car_flow_turn_E#15.4,car,37.40,73.80,36.40,0.00,12.61,223.71
DQN_w15,22,car_flow_south_E#15.0,car,16.00,74.40,58.40,0.00,4.46,795.72
DQN_w15,22,car_flow_north_E#18.12,car,52.60,76.80,24.20,0.00,8.00,222.96
DQN_w15,22,car_flow_turn_E#15.5,car,44.40,77.60,33.20,0.00,10.31,223.71
DQN_w15,22,car_flow_north_E#18.13,car,55.40,78.80,23.40,0.00,7.74,222.96
DQN_w15,22,car_flow_through.2,car,46.80,79.80,33.00,0.00,10.89,223.71
DQN_w15,22,car_flow_through.3,car,49.00,82.00,33.00,0.00,11.00,223.71
DQN_w15,22,car_flow_north_E#18.14,car,60.00,83.40,23.40,0.00,5.63,222.96
DQN_w15,22,car_flow_turn.8,car,55.80,83.80,28.00,0.00,6.77,291.86
DQN_w15,22,car_flow_turn_E#15.6,truck,52.40,85.40,33.00,0.00,8.84,215.71
DQN_w15,22,car_flow_north_E#18.15,car,64.40,87.00,22.60,0.00,5.34,222.96
DQN_w15,22,car_flow_south_E#15.2,car,39.20,87.20,48.00,0.00,6.98,795.72
DQN_w15,22,car_flow_through.4,car,58.00,88.80,30.80,0.00,8.84,223.71
DQN_w15,22,car_flow_south_E#18.2,car,18.20,89.40,71.20,40.40,58.19,232.83
DQN_w15,22,car_flow_north_E#18.16,car,66.60,89.40,22.80,0.00,6.08,222.96
DQN_w15,22,car_flow_turn_E#6.0,car,23.60,91.20,67.60,9.40,18.65,873.09
DQN_w15,22,car_flow_south_left.3,car,63.40,92.40,29.00,0.00,7.31,541.79
DQN_w15,22,car_flow_south_E#15.1,car,37.00,93.20,56.20,0.00,6.20,795.72
DQN_w15,22,car_flow_turn_E#13.0,truck,4.00,93.40,89.40,57.00,68.26,206.25
DQN_w15,22,car_flow_South_Right.1,car,38.80,93.40,54.60,0.00,9.93,700.86
DQN_w15,22,car_flow_south_left.4,car,66.00,95.20,29.20,0.00,7.12,541.79
DQN_w15,22,car_flow_turn_E#6.1,car,32.60,97.40,64.80,0.00,9.17,873.09
DQN_w15,22,car_flow_turn_E#10.4,car,20.60,98.40,77.80,11.80,30.33,888.41
DQN_w15,22,car_flow_turn.9,truck,63.80,98.60,34.80,0.00,17.35,283.86
DQN_w15,22,car_flow_turn_E#10.1,car,11.60,98.80,87.20,24.00,38.82,888.41
DQN_w15,33,car_flow_north_E#18.0,car,4.20,26.40,22.20,0.00,5.88,222.96
DQN_w15,33,car_flow_north_E#18.1,car,7.20,28.80,21.60,0.00,5.41,222.96
DQN_w15,33,car_flow_turn_E#15.0,truck,0.00,29.60,29.60,0.00,6.93,215.71
DQN_w15,33,car_flow_turn.0,truck,5.00,33.20,28.20,0.00,9.66,283.86
DQN_w15,33,car_flow_north_E#18.2,car,14.80,37.20,22.40,0.00,6.97,222.96
DQN_w15,33,car_flow_through.0,car,8.20,39.40,31.20,0.00,6.05,223.71
DQN_w15,33,car_flow_turn_E#15.1,car,10.60,41.40,30.80,0.00,8.91,223.71
DQN_w15,33,car_flow_south_left.0,car,11.60,41.40,29.80,0.00,6.16,541.79
DQN_w15,33,car_flow_through.1,car,13.00,44.60,31.60,0.00,6.02,223.71
DQN_w15,33,car_flow_turn_E#15.2,car,15.20,46.80,31.60,0.00,8.45,223.71
DQN_w15,33,car_flow_north_E#18.3,car,23.60,47.20,23.60,0.00,5.00,222.96
DQN_w15,33,car_flow_turn.1,car,21.80,47.40,25.60,0.00,7.27,291.86
DQN_w15,33,car_flow_south_left.1,car,19.80,48.60,28.80,0.00,7.10,541.79
DQN_w15,33,car_flow_turn_E#15.3,car,17.40,48.80,31.40,0.00,8.75,223.71
DQN_w15,33,car_flow_through.2,car,19.60,52.40,32.80,0.00,6.30,223.71
DQN_w15,33,car_flow_turn.2,car,28.40,52.60,24.20,0.00,8.62,291.86
DQN_w15,33,car_flow_north_E#18.4,car,30.80,53.40,22.60,0.00,6.88,222.96
DQN_w15,33,car_flow_turn.3,car,30.80,54.80,24.00,0.00,7.76,291.86
DQN_w15,33,car_flow_through.3,truck,25.20,55.80,30.60,0.00,6.53,215.71
DQN_w15,33,car_flow_turn.4,car,33.00,57.40,24.40,0.00,6.42,291.86
DQN_w15,33,car_flow_north_E#18.5,car,33.00,57.40,24.40,0.00,5.85,222.96
DQN_w15,33,car_flow_north_E#18.6,car,40.00,61.20,21.20,0.00,4.93,222.96
DQN_w15,33,car_flow_south_E#15.0,car,2.00,61.60,59.60,0.00,4.42,795.72
DQN_w15,33,car_flow_WEST_E#6.0,truck,1.80,62.40,60.60,28.40,39.22,206.25
DQN_w15,33,car_flow_south_E#18.0,bus,10.60,62.40,51.80,21.00,39.05,224.83
DQN_w15,33,car_flow_south_E#18.1,car,30.60,64.00,33.40,1.80,18.29,232.83
DQN_w15,33,car_flow_South_Right.0,car,4.80,65.00,60.20,1.40,13.96,700.86
DQN_w15,33,car_flow_WEST_E#6.1,car,7.40,65.80,58.40,23.60,39.41,214.25
DQN_w15,33,car_flow_WEST_E#6.2,car,12.40,67.80,55.40,19.40,37.09,214.25
DQN_w15,33,car_flow_south_E#15.4,car,21.40,68.00,46.60,0.00,6.75,795.72
DQN_w15,33,car_flow_south_E#18.2,car,35.20,68.20,33.00,3.80,19.25,232.83
DQN_w15,33,car_flow_south_E#15.1,truck,11.60,68.80,57.20,0.00,8.22,787.72
DQN_w15,33,car_flow_south_E#18.3,car,36.00,69.80,33.80,0.80,20.57,232.83
DQN_w15,33,car_flow_turn_E#13.0,truck,16.00,70.60,54.60,14.40,33.74,206.25
DQN_w15,33,car_flow_north_E#18.7,car,44.20,71.40,27.20,2.20,11.31,222.96
DQN_w15,33,car_flow_turn.5,truck,36.40,72.40,36.00,2.20,19.08,283.86
DQN_w15,33,car_flow_south_E#15.2,car,17.00,72.60,55.60,0.00,5.84,795.72
DQN_w15,33,car_flow_south_E#18.4,car,51.00,72.60,21.60,0.00,9.44,232.83
DQN_w15,33,car_flow_turn.6,truck,41.40,73.80,32.40,0.00,16.41,283.86
DQN_w15,33,car_flow_turn_E#13.1,car,19.20,74.00,54.80,12.60,35.72,214.25
DQN_w15,33,car_flow_south_E#15.3,car,19.20,75.60,56.40,0.00,5.61,795.72
DQN_w15,33,car_flow_South_Right.1,car,18.00,76.80,58.80,0.00,9.07,700.86
DQN_w15,33,car_flow_south_left.2,car,49.00,77.60,28.60,0.00,6.80,541.79
DQN_w15,33,car_flow_through.4,truck,46.40,78.60,32.20,0.00,9.84,215.71
DQN_w15,33,car_flow_north_E#18.8,car,57.80,81.00,23.20,0.00,4.40,222.96
DQN_w15,33,car_flow_south_left.3,car,54.00,82.60,28.60,0.00,7.13,541.79
DQN_w15,33,car_flow_through.5,car,49.80,82.80,33.00,0.00,9.59,223.71
DQN_w15,33,car_flow_north_E#18.9,car,62.40,83.40,21.00,0.00,5.97,222.96
DQN_w15,33,car_flow_south_E#15.5,bus,27.00,84.40,57.40,0.00,9.44,787.72
DQN_w15,33,car_flow_through.6,car,52.20,85.20,33.00,0.00,9.45,223.71
DQN_w15,33,car_flow_turn.7,bus,56.60,85.40,28.80,0.00,11.57,283.86
DQN_w15,33,car_flow_south_E#15.6,car,37.80,86.00,48.20,0.00,7.34,795.72
DQN_w15,33,car_flow_south_E#18.5,car,64.80,87.40,22.60,0.60,10.87,232.83
DQN_w15,33,car_flow_E#10.0,car,8.80,87.60,78.80,19.80,30.12,888.90
DQN_w15,33,car_flow_south_left.4,car,57.20,87.60,30.40,0.00,6.23,541.79
DQN_w15,33,car_flow_South_Right.2,car,23.20,87.80,64.60,3.20,15.29,700.86
DQN_w15,33,car_flow_E#10.1,car,15.60,88.40,72.80,12.00,26.30,888.90
DQN_w15,33,car_flow_south_left.5,car,59.40,89.00,29.60,0.00,7.92,541.79
DQN_w15,33,car_flow_South_Right.3,car,33.80,89.20,55.40,0.00,12.38,700.86
DQN_w15,33,car_flow_turn_E#13.2,car,25.60,89.40,63.80,18.80,39.00,214.25
DQN_w15,33,car_flow_WEST_E#6.3,car,27.80,91.40,63.60,13.60,43.49,214.25
DQN_w15,33,car_flow_south_left.6,car,63.80,94.60,30.80,0.00,5.70,541.79
DQN_w15,33,car_flow_turn_E#13.3,car,30.00,94.80,64.80,10.40,38.75,214.25
DQN_w15,33,car_flow_south_left.7,car,66.20,95.80,29.60,0.00,11.22,541.79
DQN_w15,33,car_flow_WEST_E#6.4,car,32.20,96.80,64.60,8.00,44.89,214.25
DQN_w16,11,car_flow_north_E#18.0,truck,0.40,25.40,25.00,0.00,8.41,214.96
DQN_w16,11,car_flow_turn.0,car,2.40,26.80,24.40,0.00,5.41,291.86
DQN_w16,11,car_flow_turn_E#15.0,car,0.00,30.20,30.20,0.00,3.56,223.71
DQN_w16,11,car_flow_north_E#18.1,car,8.60,33.00,24.40,0.00,4.15,222.96
DQN_w16,11,car_flow_north_E#18.2,car,10.80,34.80,24.00,0.00,5.77,222.96
DQN_w16,11,car_flow_turn_E#15.1,car,9.00,38.00,29.00,0.00,3.55,223.71
DQN_w16,11,car_flow_north_E#18.3,truck,14.20,39.40,25.20,0.00,8.50,214.96
DQN_w16,11,car_flow_turn_E#15.2,car,12.60,41.20,28.60,0.00,3.98,223.71
DQN_w16,11,car_flow_turn_E#15.3,car,17.00,46.60,29.60,0.00,3.73,223.71
DQN_w16,11,car_flow_south_left.0,car,17.20,46.80,29.60,0.00,7.06,541.79
DQN_w16,11,car_flow_north_E#18.4,car,22.60,46.80,24.20,0.00,6.64,222.96
DQN_w16,11,car_flow_south_left.1,car,19.40,49.00,29.60,0.00,7.17,541.79
DQN_w16,11,car_flow_turn_E#15.4,car,22.80,51.60,28.80,0.00,3.52,223.71
DQN_w16,11,car_flow_turn.1,car,28.80,52.40,23.60,0.00,5.23,291.86
DQN_w16,11,car_flow_south_E#18.0,car,31.60,52.60,21.00,0.00,9.19,232.83
DQN_w16,11,car_flow_south_left.2,car,21.80,53.20,31.40,0.00,6.29,541.79
DQN_w16,11,car_flow_north_E#18.5,car,29.40,53.80,24.40,0.00,5.90,222.96
DQN_w16,11,car_flow_south_E#15.1,car,6.20,54.60,48.40,0.00,6.25,795.72
DQN_w16,11,car_flow_turn_E#15.5,car,25.00,55.20,30.20,0.00,3.87,223.71
DQN_w16,11,car_flow_south_E#15.0,car,3.80,56.00,52.20,0.00,5.77,795.72
DQN_w16,11,car_flow_south_left.3,car,29.00,60.40,31.40,0.00,5.76,541.79
DQN_w16,11,car_flow_turn_E#15.6,truck,32.40,61.80,29.40,0.00,6.61,215.71
DQN_w16,11,car_flow_south_left.4,car,32.00,62.00,30.00,0.00,8.54,541.79
DQN_w16,11,car_flow_south_left.5,car,34.20,63.40,29.20,0.00,8.31,541.79
DQN_w16,11,car_flow_north_E#18.6,car,41.40,65.20,23.80,0.00,4.82,222.96
DQN_w16,11,car_flow_through.0,car,35.60,66.60,31.00,0.00,6.00,223.71
DQN_w16,11,car_flow_South_Right.0,car,7.80,67.40,59.60,4.00,16.52,700.86
DQN_w16,11,car_flow_E#10.0,car,1.60,67.80,66.20,4.40,16.47,888.90
DQN_w16,11,car_flow_E#10.2,car,12.80,68.00,55.20,0.00,6.45,888.90
DQN_w16,11,car_flow_South_Right.1,car,14.20,68.80,54.60,0.00,13.55,700.86
DQN_w16,11,car_flow_south_left.6,car,38.80,68.80,30.00,0.00,9.68,541.79
DQN_w16,11,car_flow_through.1,car,37.80,69.20,31.40,0.00,6.30,223.71
DQN_w16,11,car_flow_turn_E#15.7,car,40.00,71.20,31.20,0.00,7.82,223.71
DQN_w16,11,car_flow_turn.2,car,44.60,73.60,29.00,0.00,12.42,291.86
DQN_w16,11,car_flow_WEST_E#6.0,car,0.00,74.40,74.40,46.80,54.36,214.25
DQN_w16,11,car_flow_turn_E#6.0,car,4.80,75.00,70.20,16.60,27.08,873.09
DQN_w16,11,car_flow_south_left.7,car,43.20,75.40,32.20,0.00,5.97,541.79
DQN_w16,11,car_flow_turn_E#15.8,car,42.40,76.40,34.00,2.60,13.88,223.71
DQN_w16,11,car_flow_south_E#15.2,bus,19.20,76.60,57.40,0.00,9.38,787.72
DQN_w16,11,car_flow_south_left.8,car,45.40,76.60,31.20,0.00,9.58,541.79
DQN_w16,11,car_flow_turn.3,car,51.20,79.40,28.20,0.00,8.32,291.86
DQN_w16,11,car_flow_north_E#18.7,truck,49.60,79.60,30.00,0.00,13.26,214.96
DQN_w16,11,car_flow_through.2,truck,48.00,80.40,32.40,0.00,9.60,215.71
DQN_w16,11,car_flow_turn.4,car,53.40,80.80,27.40,0.00,9.53,291.86
DQN_w16,11,car_flow_south_E#15.3,car,25.00,82.80,57.80,0.00,5.72,795.72
DQN_w16,11,car_flow_South_Right.2,car,21.60,83.80,62.20,4.40,17.76,700.86
DQN_w16,11,car_flow_south_E#15.5,car,32.60,84.40,51.80,0.00,5.96,795.72
DQN_w16,11,car_flow_south_E#15.4,car,27.20,85.00,57.80,0.00,5.56,795.72
DQN_w16,11,car_flow_South_Right.3,car,26.00,85.00,59.00,0.00,18.99,700.86
DQN_w16,11,car_flow_south_E#15.7,car,37.00,85.80,48.80,0.00,6.85,795.72
DQN_w16,11,car_flow_E#10.1,car,8.40,88.60,80.20,7.00,16.68,888.90
DQN_w16,11,car_flow_E#10.5,car,26.20,90.00,63.80,0.00,5.44,888.90
DQN_w16,11,car_flow_south_E#15.6,car,34.80,90.00,55.20,0.00,5.10,795.72
DQN_w16,11,car_flow_south_left.9,truck,53.20,90.00,36.80,0.00,12.63,533.79
DQN_w16,11,car_flow_south_left.10,car,58.40,91.40,33.00,0.00,9.21,541.79
DQN_w16,11,car_flow_south_E#15.10,car,46.00,92.20,46.20,0.00,6.52,795.72
DQN_w16,11,car_flow_turn_E#15.9,car,59.80,93.00,33.20,0.00,3.30,223.71
DQN_w16,11,car_flow_north_E#18.8,car,68.80,96.20,27.40,2.00,10.73,222.96
DQN_w16,11,car_flow_south_E#15.8,car,39.20,96.60,57.40,0.00,5.08,795.72
DQN_w16,11,car_flow_turn_E#15.10,car,62.20,99.40,37.20,2.60,9.67,223.71
DQN_w16,11,car_flow_south_left.11,car,68.80,99.80,31.00,0.00,6.06,541.79
DQN_w16,22,car_flow_south_E#18.0,car,0.20,19.20,19.00,0.00,5.79,232.83
DQN_w16,22,car_flow_north_E#18.0,car,3.80,25.80,22.00,0.00,4.32,222.96
DQN_w16,22,car_flow_WEST_E#6.0,car,0.40,26.80,26.40,0.00,4.50,214.25
DQN_w16,22,car_flow_turn.0,truck,0.40,28.60,28.20,0.00,9.92,283.86
DQN_w16,22,car_flow_turn.1,car,6.00,31.00,25.00,0.00,8.07,291.86
DQN_w16,22,car_flow_north_E#18.1,car,11.60,31.80,20.20,0.00,4.66,222.96
DQN_w16,22,car_flow_north_E#18.2,car,13.80,34.80,21.00,0.00,5.29,222.96
DQN_w16,22,car_flow_through.0,car,3.80,35.00,31.20,0.00,6.00,223.71
DQN_w16,22,car_flow_turn.2,car,10.40,35.40,25.00,0.00,6.20,291.86
DQN_w16,22,car_flow_turn_E#15.0,car,8.20,37.60,29.40,0.00,6.34,223.71
DQN_w16,22,car_flow_turn.3,car,14.80,39.20,24.40,0.00,6.98,291.86
DQN_w16,22,car_flow_south_left.0,truck,4.20,39.60,35.40,0.00,14.34,533.79
DQN_w16,22,car_flow_turn.4,car,17.00,41.40,24.40,0.00,6.87,291.86
DQN_w16,22,car_flow_turn_E#15.1,car,12.60,43.40,30.80,0.00,4.67,223.71
DQN_w16,22,car_flow_turn.5,car,21.40,45.40,24.00,0.00,6.25,291.86
DQN_w16,22,car_flow_north_E#18.3,truck,19.40,45.40,26.00,0.00,8.46,214.96
DQN_w16,22,car_flow_turn_E#15.2,car,19.20,46.20,27.00,0.00,6.48,223.71
DQN_w16,22,car_flow_north_E#18.4,car,22.80,47.40,24.60,0.00,7.10,222.96
DQN_w16,22,car_flow_turn_E#13.0,truck,4.00,51.40,47.40,15.20,26.26,206.25
DQN_w16,22,car_flow_south_E#18.1,truck,2.00,52.60,50.60,21.00,37.88,224.83
DQN_w16,22,car_flow_north_E#18.5,car,25.20,52.80,27.60,0.00,4.38,222.96
DQN_w16,22,car_flow_South_Right.0,car,0.20,54.40,54.20,0.00,10.37,700.86
DQN_w16,22,car_flow_WEST_E#6.1,truck,8.80,55.00,46.20,8.60,26.10,206.25
DQN_w16,22,car_flow_south_left.1,car,25.60,55.00,29.40,0.00,9.45,541.79
DQN_w16,22,car_flow_south_left.2,car,27.80,58.20,30.40,0.00,6.75,541.79
DQN_w16,22,car_flow_turn_E#15.3,car,26.00,58.80,32.80,0.20,10.74,223.71
DQN_w16,22,car_flow_north_E#18.6,car,27.60,60.20,32.60,3.00,14.78,222.96
DQN_w16,22,car_flow_turn.6,car,35.20,61.00,25.80,0.00,5.71,291.86
DQN_w16,22,car_flow_north_E#18.7,car,30.00,62.20,32.20,0.00,15.36,222.96
DQN_w16,22,car_flow_through.1,truck,29.40,62.80,33.40,0.00,8.19,215.71
DQN_w16,22,car_flow_north_E#18.8,car,32.40,65.60,33.20,0.00,13.78,222.96
DQN_w16,22,car_flow_north_E#18.9,car,34.80,67.00,32.20,0.00,15.38,222.96
DQN_w16,22,car_flow_turn_E#15.4,car,37.40,67.20,29.80,0.00,5.90,223.71
DQN_w16,22,car_flow_south_E#18.2,car,18.20,67.80,49.60,17.80,36.59,232.83
DQN_w16,22,car_flow_turn.7,truck,41.00,68.00,27.00,0.00,10.92,283.86
DQN_w16,22,car_flow_north_E#18.10,car,45.80,69.60,23.80,0.00,8.10,222.96
DQN_w16,22,car_flow_north_E#18.11,car,48.20,72.00,23.80,0.00,8.02,222.96
DQN_w16,22,car_flow_turn_E#15.5,car,44.40,73.60,29.20,0.00,6.29,223.71
DQN_w16,22,car_flow_south_E#18.3,car,41.80,73.80,32.00,3.40,17.85,232.83
DQN_w16,22,car_flow_south_E#15.0,car,16.00,74.40,58.40,0.00,4.46,795.72
DQN_w16,22,car_flow_south_E#18.4,car,42.20,75.60,33.40,0.20,19.41,232.83
DQN_w16,22,car_flow_WEST_E#6.2,car,12.00,76.20,64.20,22.80,43.45,214.25
DQN_w16,22,car_flow_E#10.0,car,16.20,76.40,60.20,0.60,14.54,888.90
DQN_w16,22,car_flow_WEST_E#6.3,car,18.40,78.60,60.20,16.20,38.67,214.25
DQN_w16,22,car_flow_WEST_E#6.4,car,20.60,80.60,60.00,12.60,40.23,214.25
DQN_w16,22,car_flow_through.2,car,46.60,84.00,37.40,4.60,15.32,223.71
DQN_w16,22,car_flow_north_E#18.12,car,52.80,84.60,31.80,2.80,15.69,222.96
DQN_w16,22,car_flow_through.3,car,48.80,86.20,37.40,0.40,15.42,223.71
DQN_w16,22,car_flow_north_E#18.13,car,55.80,86.60,30.80,0.00,15.11,222.96
DQN_w16,22,car_flow_turn_E#10.0,car,6.00,86.80,80.80,14.40,31.45,888.41
DQN_w16,22,car_flow_turn.8,car,55.80,87.80,32.00,0.00,10.77,291.86
DQN_w16,22,car_flow_turn_E#10.1,car,11.60,88.00,76.40,12.80,28.04,888.41
DQN_w16,22,car_flow_turn_E#15.6,truck,52.40,89.60,37.20,0.00,13.03,215.71
DQN_w16,22,car_flow_north_E#18.14,car,60.20,90.40,30.20,0.00,12.42,222.96
DQN_w16,22,car_flow_south_left.3,car,63.40,92.40,29.00,0.00,7.31,541.79
DQN_w16,22,car_flow_through.4,car,58.00,93.00,35.00,0.00,12.99,223.71
DQN_w16,22,car_flow_north_E#18.15,car,64.60,93.20,28.60,0.00,11.31,222.96
DQN_w16,22,car_flow_south_E#15.2,car,39.60,93.40,53.80,0.00,12.78,795.72
DQN_w16,22,car_flow_turn.9,truck,63.80,94.00,30.20,0.00,12.88,283.86
DQN_w16,22,car_flow_north_E#18.16,car,66.80,95.20,28.40,0.00,11.71,222.96
DQN_w16,22,car_flow_south_left.4,car,66.00,95.20,29.20,0.00,7.12,541.79
DQN_w16,22,car_flow_through.5,car,60.20,96.80,36.60,0.00,10.93,223.71
DQN_w16,22,car_flow_north_E#18.17,car,69.20,98.00,28.80,0.00,11.09,222.96
DQN_w16,22,car_flow_turn_E#15.7,car,67.00,99.20,32.20,0.00,9.36,223.71
DQN_w16,22,car_flow_south_E#15.1,car,37.20,99.60,62.40,0.00,12.42,795.72
DQN_w16,33,car_flow_north_E#18.0,car,4.20,26.40,22.20,0.00,5.88,222.96
DQN_w16,33,car_flow_north_E#18.1,car,7.20,28.80,21.60,0.00,5.41,222.96
DQN_w16,33,car_flow_turn_E#15.0,truck,0.00,29.60,29.60,0.00,6.93,215.71
DQN_w16,33,car_flow_turn.0,truck,5.00,33.20,28.20,0.00,9.66,283.86
DQN_w16,33,car_flow_north_E#18.2,car,14.80,37.20,22.40,0.00,6.97,222.96
DQN_w16,33,car_flow_through.0,car,8.20,39.40,31.20,0.00,6.05,223.71
DQN_w16,33,car_flow_turn_E#15.1,car,10.60,41.40,30.80,0.00,8.91,223.71
DQN_w16,33,car_flow_south_left.0,car,11.60,41.40,29.80,0.00,6.16,541.79
DQN_w16,33,car_flow_through.1,car,13.00,44.60,31.60,0.00,6.02,223.71
DQN_w16,33,car_flow_turn_E#15.2,car,15.20,46.80,31.60,0.00,8.45,223.71
DQN_w16,33,car_flow_north_E#18.3,car,23.60,47.20,23.60,0.00,5.00,222.96
DQN_w16,33,car_flow_turn.1,car,21.80,47.40,25.60,0.00,7.27,291.86
DQN_w16,33,car_flow_south_left.1,car,19.80,48.60,28.80,0.00,7.10,541.79
DQN_w16,33,car_flow_turn_E#15.3,car,17.40,48.80,31.40,0.00,8.75,223.71
DQN_w16,33,car_flow_through.2,car,19.60,52.40,32.80,0.00,6.30,223.71
DQN_w16,33,car_flow_turn.2,car,28.40,52.60,24.20,0.00,8.60,291.86
DQN_w16,33,car_flow_north_E#18.4,car,30.80,53.40,22.60,0.00,6.88,222.96
DQN_w16,33,car_flow_turn.3,car,30.80,54.80,24.00,0.00,7.77,291.86
DQN_w16,33,car_flow_through.3,truck,25.20,55.80,30.60,0.00,6.52,215.71
DQN_w16,33,car_flow_north_E#18.5,car,33.00,57.40,24.40,0.00,5.86,222.96
DQN_w16,33,car_flow_South_Right.0,car,4.80,60.40,55.60,0.00,9.42,700.86
DQN_w16,33,car_flow_WEST_E#6.0,truck,1.80,60.60,58.80,26.60,37.43,206.25
DQN_w16,33,car_flow_south_E#15.0,car,2.00,61.60,59.60,0.00,4.42,795.72
DQN_w16,33,car_flow_south_E#18.0,bus,10.60,62.40,51.80,21.00,39.07,224.83
DQN_w16,33,car_flow_turn.4,car,33.00,63.40,30.40,2.00,12.52,291.86
DQN_w16,33,car_flow_WEST_E#6.1,car,7.40,64.00,56.60,21.80,37.61,214.25
DQN_w16,33,car_flow_WEST_E#6.2,car,12.40,66.00,53.60,17.80,35.29,214.25
DQN_w16,33,car_flow_turn.5,truck,36.40,66.20,29.80,0.00,12.81,283.86
DQN_w16,33,car_flow_south_E#18.1,car,30.60,67.20,36.60,4.00,21.44,232.83
DQN_w16,33,car_flow_south_E#15.4,car,21.40,68.00,46.60,0.00,6.75,795.72
DQN_w16,33,car_flow_north_E#18.6,car,40.00,68.60,28.60,1.00,12.30,222.96
DQN_w16,33,car_flow_E#10.0,car,8.80,68.80,60.00,0.00,11.39,888.90
DQN_w16,33,car_flow_south_E#15.1,truck,11.60,68.80,57.20,0.00,8.22,787.72
DQN_w16,33,car_flow_turn_E#13.0,truck,16.00,68.80,52.80,12.80,31.95,206.25
DQN_w16,33,car_flow_turn_E#13.1,car,19.20,72.20,53.00,10.80,33.93,214.25
DQN_w16,33,car_flow_south_E#15.2,car,17.00,72.60,55.60,0.00,5.81,795.72
DQN_w16,33,car_flow_south_E#15.3,car,19.20,75.60,56.40,0.00,5.65,795.72
DQN_w16,33,car_flow_turn_E#13.2,car,25.60,76.40,50.80,7.60,26.01,214.25
DQN_w16,33,car_flow_north_E#18.7,car,44.20,76.40,32.20,4.20,16.30,222.96
DQN_w16,33,car_flow_turn.6,truck,41.40,76.80,35.40,1.40,19.40,283.86
DQN_w16,33,car_flow_south_left.2,car,49.00,77.60,28.60,0.00,6.80,541.79
DQN_w16,33,car_flow_WEST_E#6.3,car,27.80,78.40,50.60,5.80,30.51,214.25
DQN_w16,33,car_flow_through.4,truck,46.40,81.20,34.80,0.00,12.25,215.71
DQN_w16,33,car_flow_south_left.3,car,54.00,82.60,28.60,0.00,7.13,541.79
DQN_w16,33,car_flow_north_E#18.8,car,58.00,82.80,24.80,0.00,5.98,222.96
DQN_w16,33,car_flow_south_E#15.5,bus,27.00,84.40,57.40,0.00,9.44,787.72
DQN_w16,33,car_flow_north_E#18.9,car,62.40,84.80,22.40,0.00,7.39,222.96
DQN_w16,33,car_flow_through.5,car,49.60,85.00,35.40,0.00,12.15,223.71
DQN_w16,33,car_flow_south_E#15.6,car,37.80,86.00,48.20,0.00,7.32,795.72
DQN_w16,33,car_flow_turn.7,bus,56.40,86.20,29.80,0.00,12.65,283.86
DQN_w16,33,car_flow_south_E#18.2,car,35.20,87.20,52.00,16.80,38.27,232.83
DQN_w16,33,car_flow_through.6,car,52.00,87.40,35.40,0.00,11.90,223.71
DQN_w16,33,car_flow_south_left.4,car,57.20,87.60,30.40,0.00,6.23,541.79
DQN_w16,33,car_flow_E#10.1,car,15.60,88.20,72.60,12.60,26.08,888.90
DQN_w16,33,car_flow_south_left.5,car,59.40,89.00,29.60,0.00,7.92,541.79
DQN_w16,33,car_flow_South_Right.1,car,18.00,89.20,71.20,9.00,21.39,700.86
DQN_w16,33,car_flow_South_Right.2,car,23.20,90.60,67.40,2.00,18.05,700.86
DQN_w16,33,car_flow_South_Right.3,car,33.80,92.00,58.20,0.00,15.14,700.86
DQN_w16,33,car_flow_turn_E#13.3,car,30.00,92.20,62.20,13.00,36.12,214.25
DQN_w16,33,car_flow_WEST_E#6.4,car,32.20,94.20,62.00,8.20,42.22,214.25
DQN_w16,33,car_flow_south_left.6,car,63.80,94.60,30.80,0.00,5.70,541.79
DQN_w16,33,car_flow_south_left.7,car,66.20,95.80,29.60,0.00,11.22,541.79
DQN_w16,33,car_flow_WEST_E#6.5,car,44.40,96.40,52.00,3.80,31.92,214.25
DQN_w17,11,car_flow_north_E#18.0,truck,0.40,25.40,25.00,0.00,8.41,214.96
DQN_w17,11,car_flow_turn.0,car,2.40,26.80,24.40,0.00,5.41,291.86
DQN_w17,11,car_flow_turn_E#15.0,car,0.00,30.20,30.20,0.00,3.56,223.71
DQN_w17,11,car_flow_north_E#18.1,car,8.60,33.00,24.40,0.00,4.15,222.96
DQN_w17,11,car_flow_north_E#18.2,car,10.80,34.80,24.00,0.00,5.77,222.96
DQN_w17,11,car_flow_turn_E#15.1,car,9.00,38.00,29.00,0.00,3.55,223.71
DQN_w17,11,car_flow_north_E#18.3,truck,14.20,39.40,25.20,0.00,8.50,214.96
DQN_w17,11,car_flow_turn_E#15.2,car,12.60,41.20,28.60,0.00,3.98,223.71
DQN_w17,11,car_flow_turn_E#15.3,car,17.00,46.60,29.60,0.00,3.73,223.71
DQN_w17,11,car_flow_south_left.0,car,17.20,46.80,29.60,0.00,7.06,541.79
DQN_w17,11,car_flow_north_E#18.4,car,22.60,46.80,24.20,0.00,6.64,222.96
DQN_w17,11,car_flow_south_left.1,car,19.40,49.00,29.60,0.00,7.17,541.79
DQN_w17,11,car_flow_turn_E#15.4,car,22.80,51.60,28.80,0.00,3.52,223.71
DQN_w17,11,car_flow_turn.1,car,28.80,52.40,23.60,0.00,5.23,291.86
DQN_w17,11,car_flow_south_E#18.0,car,31.60,52.60,21.00,0.00,9.19,232.83
DQN_w17,11,car_flow_south_left.2,car,21.80,53.20,31.40,0.00,6.29,541.79
DQN_w17,11,car_flow_north_E#18.5,car,29.40,53.80,24.40,0.00,5.90,222.96
DQN_w17,11,car_flow_south_E#15.1,car,6.20,54.60,48.40,0.00,6.25,795.72
DQN_w17,11,car_flow_turn_E#15.5,car,25.00,55.20,30.20,0.00,3.87,223.71
DQN_w17,11,car_flow_south_E#15.0,car,3.80,56.00,52.20,0.00,5.77,795.72
DQN_w17,11,car_flow_south_left.3,car,29.00,60.40,31.40,0.00,5.76,541.79
DQN_w17,11,car_flow_turn_E#15.6,truck,32.40,61.80,29.40,0.00,6.61,215.71
DQN_w17,11,car_flow_south_left.4,car,32.00,62.00,30.00,0.00,8.54,541.79
DQN_w17,11,car_flow_south_left.5,car,34.20,63.40,29.20,0.00,8.31,541.79
DQN_w17,11,car_flow_north_E#18.6,car,41.40,65.20,23.80,0.00,4.82,222.96
DQN_w17,11,car_flow_through.0,car,35.60,66.60,31.00,0.00,6.00,223.71
DQN_w17,11,car_flow_South_Right.0,car,7.80,67.40,59.60,4.00,16.52,700.86
DQN_w17,11,car_flow_E#10.0,car,1.60,67.80,66.20,4.40,16.47,888.90
DQN_w17,11,car_flow_E#10.2,car,12.80,68.00,55.20,0.00,6.45,888.90
DQN_w17,11,car_flow_South_Right.1,car,14.20,68.80,54.60,0.00,13.55,700.86
DQN_w17,11,car_flow_south_left.6,car,38.80,68.80,30.00,0.00,9.68,541.79
DQN_w17,11,car_flow_through.1,car,37.80,69.20,31.40,0.00,6.30,223.71
DQN_w17,11,car_flow_turn_E#15.7,car,40.00,71.20,31.20,0.00,7.82,223.71
DQN_w17,11,car_flow_turn.2,car,44.60,73.60,29.00,0.00,12.42,291.86
DQN_w17,11,car_flow_WEST_E#6.0,car,0.00,74.40,74.40,46.80,54.36,214.25
DQN_w17,11,car_flow_turn_E#6.0,car,4.80,75.00,70.20,16.60,27.08,873.09
DQN_w17,11,car_flow_south_left.7,car,43.20,75.40,32.20,0.00,5.97,541.79
DQN_w17,11,car_flow_turn_E#15.8,car,42.40,76.40,34.00,2.60,13.88,223.71
DQN_w17,11,car_flow_south_E#15.2,bus,19.20,76.60,57.40,0.00,9.38,787.72
DQN_w17,11,car_flow_south_left.8,car,45.40,76.60,31.20,0.00,9.58,541.79
DQN_w17,11,car_flow_turn.3,car,51.20,79.40,28.20,0.00,8.33,291.86
DQN_w17,11,car_flow_north_E#18.7,truck,49.60,79.60,30.00,0.00,13.29,214.96
DQN_w17,11,car_flow_through.2,truck,48.00,80.40,32.40,0.00,9.61,215.71
DQN_w17,11,car_flow_turn.4,car,53.40,80.80,27.40,0.00,9.53,291.86
DQN_w17,11,car_flow_South_Right.2,car,21.60,82.40,60.80,3.20,16.53,700.86
DQN_w17,11,car_flow_south_E#15.3,car,25.00,82.80,57.80,0.00,5.72,795.72
DQN_w17,11,car_flow_south_E#18.1,truck,59.40,83.40,24.00,0.00,11.05,224.83
DQN_w17,11,car_flow_E#10.1,car,8.40,83.80,75.40,2.00,11.82,888.90
DQN_w17,11,car_flow_South_Right.3,car,26.00,83.80,57.80,0.00,17.75,700.86
DQN_w17,11,car_flow_south_E#15.5,car,32.60,84.40,51.80,0.00,5.96,795.72
DQN_w17,11,car_flow_turn_E#13.0,car,2.40,85.00,82.60,46.60,59.84,214.25
DQN_w17,11,car_flow_south_E#15.4,car,27.20,85.00,57.80,0.00,5.56,795.72
DQN_w17,11,car_flow_E#10.3,car,15.00,85.40,70.40,1.00,13.06,888.90
DQN_w17,11,car_flow_E#10.4,car,24.00,85.80,61.80,0.00,12.73,888.90
DQN_w17,11,car_flow_south_E#15.7,car,37.00,85.80,48.80,0.00,6.85,795.72
DQN_w17,11,car_flow_WEST_E#6.1,car,4.80,87.60,82.80,41.80,59.32,214.25
DQN_w17,11,car_flow_turn_E#13.1,car,7.00,90.00,83.00,38.60,60.06,214.25
DQN_w17,11,car_flow_south_E#15.6,car,34.80,90.00,55.20,0.00,5.10,795.72
DQN_w17,11,car_flow_south_left.9,truck,53.20,90.00,36.80,0.00,12.63,533.79
DQN_w17,11,car_flow_south_left.10,car,58.40,91.40,33.00,0.00,9.21,541.79
DQN_w17,11,car_flow_south_E#15.10,car,46.00,92.20,46.20,0.00,6.54,795.72
DQN_w17,11,car_flow_north_E#18.8,car,68.80,94.40,25.60,0.00,8.90,222.96
DQN_w17,11,car_flow_turn_E#15.9,car,59.80,95.60,35.80,0.00,5.94,223.71
DQN_w17,11,car_flow_south_E#15.8,car,39.20,96.40,57.20,0.00,5.06,795.72
DQN_w17,11,car_flow_E#10.5,car,26.20,97.60,71.40,1.60,12.93,888.90
DQN_w17,11,car_flow_turn_E#15.10,car,62.20,98.20,36.00,0.00,8.27,223.71
DQN_w17,11,car_flow_south_left.11,car,68.80,99.80,31.00,0.00,6.06,541.79
DQN_w17,22,car_flow_south_E#18.0,car,0.20,19.20,19.00,0.00,5.79,232.83
DQN_w17,22,car_flow_north_E#18.0,car,3.80,25.80,22.00,0.00,4.32,222.96
DQN_w17,22,car_flow_WEST_E#6.0,car,0.40,26.80,26.40,0.00,4.50,214.25
DQN_w17,22,car_flow_turn.0,truck,0.40,28.60,28.20,0.00,9.92,283.86
DQN_w17,22,car_flow_turn.1,car,6.00,31.00,25.00,0.00,8.07,291.86
DQN_w17,22,car_flow_north_E#18.1,car,11.60,31.80,20.20,0.00,4.66,222.96
DQN_w17,22,car_flow_north_E#18.2,car,13.80,34.80,21.00,0.00,5.29,222.96
DQN_w17,22,car_flow_through.0,car,3.80,35.00,31.20,0.00,6.00,223.71
DQN_w17,22,car_flow_turn.2,car,10.40,35.40,25.00,0.00,6.20,291.86
DQN_w17,22,car_flow_turn_E#15.0,car,8.20,37.60,29.40,0.00,6.33,223.71
DQN_w17,22,car_flow_turn.3,car,14.80,39.20,24.40,0.00,7.02,291.86
DQN_w17,22,car_flow_south_left.0,truck,4.20,39.60,35.40,0.00,14.34,533.79
DQN_w17,22,car_flow_turn_E#15.1,car,12.60,43.40,30.80,0.00,4.66,223.71
DQN_w17,22,car_flow_north_E#18.3,truck,19.40,45.40,26.00,0.00,8.48,214.96
DQN_w17,22,car_flow_turn_E#13.0,truck,4.00,46.20,42.20,10.00,21.06,206.25
DQN_w17,22,car_flow_south_E#18.1,truck,2.00,46.80,44.80,15.40,32.10,224.83
DQN_w17,22,car_flow_turn.4,car,17.00,48.20,31.20,3.20,13.56,291.86
DQN_w17,22,car_flow_WEST_E#6.1,truck,8.80,49.80,41.00,3.40,20.89,206.25
DQN_w17,22,car_flow_turn.5,car,21.40,50.20,28.80,0.00,11.12,291.86
DQN_w17,22,car_flow_turn_E#15.2,car,19.20,53.00,33.80,0.00,13.36,223.71
DQN_w17,22,car_flow_north_E#18.4,car,22.80,54.20,31.40,2.40,14.08,222.96
DQN_w17,22,car_flow_south_left.1,car,25.60,55.00,29.40,0.00,9.45,541.79
DQN_w17,22,car_flow_turn_E#15.3,car,26.00,56.00,30.00,0.00,8.10,223.71
DQN_w17,22,car_flow_south_left.2,car,27.80,58.20,30.40,0.00,6.75,541.79
DQN_w17,22,car_flow_north_E#18.5,car,25.20,59.80,34.60,0.00,11.36,222.96
DQN_w17,22,car_flow_through.1,truck,29.40,61.00,31.60,0.00,6.38,215.71
DQN_w17,22,car_flow_south_E#18.2,car,18.20,61.00,42.80,11.40,29.79,232.83
DQN_w17,22,car_flow_north_E#18.6,car,27.60,61.20,33.60,0.00,15.79,222.96
DQN_w17,22,car_flow_north_E#18.7,car,30.00,62.60,32.60,0.00,15.80,222.96
DQN_w17,22,car_flow_turn.6,car,35.20,63.00,27.80,0.00,7.72,291.86
DQN_w17,22,car_flow_South_Right.0,car,0.20,65.80,65.60,9.00,21.64,700.86
DQN_w17,22,car_flow_turn.7,truck,41.20,68.40,27.20,0.00,11.03,283.86
DQN_w17,22,car_flow_turn_E#15.4,car,37.60,68.80,31.20,0.00,7.34,223.71
DQN_w17,22,car_flow_south_E#18.3,car,42.20,69.40,27.20,4.00,13.23,232.83
DQN_w17,22,car_flow_north_E#18.8,car,32.40,71.00,38.60,3.00,19.23,222.96
DQN_w17,22,car_flow_north_E#18.9,car,34.80,72.40,37.60,0.00,20.72,222.96
DQN_w17,22,car_flow_south_E#15.0,car,16.00,74.40,58.40,0.00,4.49,795.72
DQN_w17,22,car_flow_turn_E#15.5,car,44.80,74.60,29.80,0.00,7.01,223.71
DQN_w17,22,car_flow_north_E#18.10,car,46.20,74.80,28.60,0.00,12.93,222.96
DQN_w17,22,car_flow_through.2,car,47.20,76.80,29.60,0.00,7.56,223.71
DQN_w17,22,car_flow_north_E#18.11,car,48.40,77.20,28.80,0.00,13.14,222.96
DQN_w17,22,car_flow_through.3,car,49.40,79.00,29.60,0.00,7.61,223.71
DQN_w17,22,car_flow_north_E#18.12,car,53.00,80.20,27.20,0.00,11.10,222.96
DQN_w17,22,car_flow_turn_E#10.0,car,6.00,80.80,74.80,9.40,25.51,888.41
DQN_w17,22,car_flow_turn_E#10.1,car,11.60,82.20,70.60,6.60,22.26,888.41
DQN_w17,22,car_flow_north_E#18.13,car,56.00,82.20,26.20,0.00,10.61,222.96
DQN_w17,22,car_flow_turn_E#15.6,truck,52.80,83.40,30.60,0.00,6.44,215.71
DQN_w17,22,car_flow_south_E#18.4,car,42.40,84.20,41.80,11.60,27.84,232.83
DQN_w17,22,car_flow_south_E#18.5,car,44.60,85.40,40.80,8.60,28.75,232.83
DQN_w17,22,car_flow_E#10.0,car,16.20,86.60,70.40,10.20,24.78,888.90
DQN_w17,22,car_flow_WEST_E#6.2,car,12.00,87.00,75.00,33.20,54.30,214.25
DQN_w17,22,car_flow_WEST_E#6.3,car,18.40,89.40,71.00,28.40,49.50,214.25
DQN_w17,22,car_flow_turn.8,car,56.20,90.80,34.60,6.40,13.37,291.86
DQN_w17,22,car_flow_WEST_E#6.4,car,20.60,91.60,71.00,26.80,51.08,214.25
DQN_w17,22,car_flow_south_left.3,car,63.40,92.40,29.00,0.00,7.31,541.79
DQN_w17,22,car_flow_turn_E#6.0,car,23.60,93.00,69.40,10.60,20.52,873.09
DQN_w17,22,car_flow_South_Right.1,car,38.80,93.40,54.60,0.00,9.95,700.86
DQN_w17,22,car_flow_through.4,car,58.60,95.20,36.60,2.40,14.54,223.71
DQN_w17,22,car_flow_south_left.4,car,66.00,95.20,29.20,0.00,7.12,541.79
DQN_w17,22,car_flow_turn.9,truck,64.20,96.60,32.40,0.00,15.08,283.86
DQN_w17,22,car_flow_north_E#18.14,car,62.00,97.60,35.60,2.60,17.79,222.96
DQN_w17,22,car_flow_south_E#15.2,car,39.40,99.00,59.60,0.00,18.50,795.72
DQN_w17,22,car_flow_through.5,car,60.80,99.20,38.40,0.00,12.63,223.71
DQN_w17,33,car_flow_north_E#18.0,car,4.20,27.20,23.00,0.00,6.78,222.96
DQN_w17,33,car_flow_turn_E#15.0,truck,0.00,29.60,29.60,0.00,6.93,215.71
DQN_w17,33,car_flow_north_E#18.1,car,7.20,29.60,22.40,0.00,6.15,222.96
DQN_w17,33,car_flow_turn.0,truck,5.00,33.20,28.20,0.00,9.66,283.86
DQN_w17,33,car_flow_north_E#18.2,car,14.80,37.00,22.20,0.00,6.89,222.96
DQN_w17,33,car_flow_through.0,car,8.20,39.40,31.20,0.00,6.05,223.71
DQN_w17,33,car_flow_turn_E#15.1,car,10.60,41.40,30.80,0.00,8.91,223.71
DQN_w17,33,car_flow_south_left.0,car,11.60,41.40,29.80,0.00,6.16,541.79
DQN_w17,33,car_flow_through.1,car,13.00,44.60,31.60,0.00,6.02,223.71
DQN_w17,33,car_flow_turn_E#15.2,car,15.20,46.80,31.60,0.00,8.46,223.71
DQN_w17,33,car_flow_turn.1,car,21.80,47.40,25.60,0.00,7.26,291.86
DQN_w17,33,car_flow_north_E#18.3,car,24.00,47.40,23.40,0.00,4.93,222.96
DQN_w17,33,car_flow_south_left.1,car,19.80,48.60,28.80,0.00,7.10,541.79
DQN_w17,33,car_flow_turn_E#15.3,car,17.40,48.80,31.40,0.00,8.74,223.71
DQN_w17,33,car_flow_through.2,car,19.60,52.40,32.80,0.00,6.29,223.71
DQN_w17,33,car_flow_WEST_E#6.0,truck,1.80,54.80,53.00,20.80,31.61,206.25
DQN_w17,33,car_flow_WEST_E#6.1,car,7.40,58.20,50.80,16.00,31.78,214.25
DQN_w17,33,car_flow_south_E#18.0,bus,10.60,58.20,47.60,16.80,34.89,224.83
DQN_w17,33,car_flow_WEST_E#6.2,car,12.40,60.20,47.80,11.80,29.49,214.25
DQN_w17,33,car_flow_South_Right.0,car,4.80,60.40,55.60,0.00,9.43,700.86
DQN_w17,33,car_flow_south_E#15.0,car,2.00,62.80,60.80,0.00,5.57,795.72
DQN_w17,33,car_flow_turn.2,car,28.40,62.80,34.40,3.20,18.94,291.86
DQN_w17,33,car_flow_north_E#18.4,car,31.20,64.20,33.00,7.40,17.27,222.96
DQN_w17,33,car_flow_turn.3,car,30.80,64.60,33.80,0.20,17.53,291.86
DQN_w17,33,car_flow_through.3,truck,25.20,66.60,41.40,7.00,17.14,215.71
DQN_w17,33,car_flow_south_E#18.1,car,31.00,67.80,36.80,6.80,21.66,232.83
DQN_w17,33,car_flow_north_E#18.5,car,33.60,67.80,34.20,4.00,15.78,222.96
DQN_w17,33,car_flow_south_E#15.4,car,21.80,68.20,46.40,0.00,6.52,795.72
DQN_w17,33,car_flow_south_E#15.1,truck,11.60,68.60,57.00,0.00,8.07,787.72
DQN_w17,33,car_flow_north_E#18.6,car,40.80,69.60,28.80,0.00,12.56,222.96
DQN_w17,33,car_flow_E#10.0,car,8.80,71.00,62.20,0.40,13.60,888.90
DQN_w17,33,car_flow_turn_E#13.0,truck,16.00,71.40,55.40,12.40,34.58,206.25
DQN_w17,33,car_flow_south_E#15.2,car,17.20,72.60,55.40,0.00,5.56,795.72
DQN_w17,33,car_flow_turn.4,car,33.00,73.80,40.80,3.60,23.01,291.86
DQN_w17,33,car_flow_south_E#18.2,car,35.80,74.40,38.60,6.60,24.91,232.83
DQN_w17,33,car_flow_turn_E#13.1,car,19.20,74.80,55.60,7.60,36.52,214.25
DQN_w17,33,car_flow_south_E#18.3,car,36.60,75.60,39.00,3.40,25.82,232.83
DQN_w17,33,car_flow_south_E#15.3,car,19.60,75.80,56.20,0.00,5.31,795.72
DQN_w17,33,car_flow_north_E#18.7,car,44.20,76.00,31.80,2.60,16.05,222.96
DQN_w17,33,car_flow_south_E#18.4,car,51.00,76.60,25.60,0.00,13.50,232.83
DQN_w17,33,car_flow_south_left.2,car,49.00,77.60,28.60,0.00,6.80,541.79
DQN_w17,33,car_flow_turn_E#13.2,car,25.60,79.00,53.40,2.60,28.61,214.25
DQN_w17,33,car_flow_turn.5,truck,36.40,79.40,43.00,0.00,26.03,283.86
DQN_w17,33,car_flow_WEST_E#6.3,car,27.80,81.00,53.20,0.00,33.04,214.25
DQN_w17,33,car_flow_turn.6,truck,41.40,81.00,39.60,0.00,23.60,283.86
DQN_w17,33,car_flow_south_left.3,car,54.00,82.60,28.60,0.00,7.13,541.79
DQN_w17,33,car_flow_north_E#18.8,car,57.80,82.60,24.80,0.00,5.96,222.96
DQN_w17,33,car_flow_turn_E#13.3,car,30.00,84.60,54.60,0.00,28.41,214.25
DQN_w17,33,car_flow_south_E#15.5,bus,27.40,84.80,57.40,0.00,9.41,787.72
DQN_w17,33,car_flow_E#10.1,car,15.60,85.40,69.80,7.00,23.17,888.90
DQN_w17,33,car_flow_South_Right.1,car,18.00,86.00,68.00,5.80,18.22,700.86
DQN_w17,33,car_flow_WEST_E#6.4,car,32.20,86.60,54.40,0.00,34.56,214.25
DQN_w17,33,car_flow_South_Right.2,car,23.20,87.40,64.20,0.00,14.88,700.86
DQN_w17,33,car_flow_south_left.4,car,57.20,87.60,30.40,0.00,6.23,541.79
DQN_w17,33,car_flow_WEST_E#6.5,car,44.40,88.60,44.20,0.00,24.21,214.25
DQN_w17,33,car_flow_south_left.5,car,59.40,89.00,29.60,0.00,7.92,541.79
DQN_w17,33,car_flow_north_E#18.9,car,62.40,90.60,28.20,2.80,13.15,222.96
DQN_w17,33,car_flow_turn_E#13.4,car,48.40,91.00,42.60,0.00,21.09,214.25
DQN_w17,33,car_flow_through.4,truck,46.20,93.80,47.60,2.40,25.19,215.71
DQN_w17,33,car_flow_south_left.6,car,63.80,94.60,30.80,0.00,5.70,541.79
DQN_w17,33,car_flow_South_Right.3,car,33.80,95.40,61.60,3.40,18.63,700.86
DQN_w17,33,car_flow_south_left.7,car,66.20,95.80,29.60,0.00,11.22,541.79
DQN_w17,33,car_flow_through.5,car,49.40,97.60,48.20,0.00,24.88,223.71
DQN_w17,33,car_flow_turn_E#10.1,car,9.40,98.00,88.60,19.60,34.01,888.41
DQN_w17,33,car_flow_turn.7,bus,55.60,98.40,42.80,0.00,25.77,283.86
DQN_w17,33,car_flow_south_E#15.6,car,38.40,98.60,60.20,0.00,19.39,795.72
DQN_w17,33,car_flow_turn_E#10.0,car,7.00,99.20,92.20,18.40,34.12,888.41
DQN_w18,11,car_flow_north_E#18.0,truck,0.40,25.40,25.00,0.00,8.41,214.96
DQN_w18,11,car_flow_turn.0,car,2.40,26.80,24.40,0.00,5.41,291.86
DQN_w18,11,car_flow_turn_E#15.0,car,0.00,30.20,30.20,0.00,3.56,223.71
DQN_w18,11,car_flow_north_E#18.1,car,8.60,33.00,24.40,0.00,4.15,222.96
DQN_w18,11,car_flow_north_E#18.2,car,10.80,34.80,24.00,0.00,5.77,222.96
DQN_w18,11,car_flow_turn_E#15.1,car,9.00,38.00,29.00,0.00,3.55,223.71
DQN_w18,11,car_flow_north_E#18.3,truck,14.20,39.40,25.20,0.00,8.50,214.96
DQN_w18,11,car_flow_turn_E#15.2,car,12.60,41.20,28.60,0.00,3.98,223.71
DQN_w18,11,car_flow_turn_E#15.3,car,17.00,46.60,29.60,0.00,3.73,223.71
DQN_w18,11,car_flow_south_left.0,car,17.20,46.80,29.60,0.00,7.06,541.79
DQN_w18,11,car_flow_north_E#18.4,car,22.60,46.80,24.20,0.00,6.64,222.96
DQN_w18,11,car_flow_south_left.1,car,19.40,49.00,29.60,0.00,7.17,541.79
DQN_w18,11,car_flow_turn_E#15.4,car,22.80,51.60,28.80,0.00,3.52,223.71
DQN_w18,11,car_flow_turn.1,car,28.80,52.40,23.60,0.00,5.23,291.86
DQN_w18,11,car_flow_south_E#18.0,car,31.60,52.60,21.00,0.00,9.19,232.83
DQN_w18,11,car_flow_south_left.2,car,21.80,53.20,31.40,0.00,6.29,541.79
DQN_w18,11,car_flow_north_E#18.5,car,29.40,53.80,24.40,0.00,5.90,222.96
DQN_w18,11,car_flow_south_E#15.1,car,6.20,54.60,48.40,0.00,6.25,795.72
DQN_w18,11,car_flow_turn_E#15.5,car,25.00,55.20,30.20,0.00,3.87,223.71
DQN_w18,11,car_flow_south_E#15.0,car,3.80,56.00,52.20,0.00,5.77,795.72
DQN_w18,11,car_flow_south_left.3,car,29.00,60.40,31.40,0.00,5.76,541.79
DQN_w18,11,car_flow_turn_E#15.6,truck,32.40,61.80,29.40,0.00,6.61,215.71
DQN_w18,11,car_flow_south_left.4,car,32.00,62.00,30.00,0.00,8.54,541.79
DQN_w18,11,car_flow_south_left.5,car,34.20,63.40,29.20,0.00,8.31,541.79
DQN_w18,11,car_flow_north_E#18.6,car,41.40,65.20,23.80,0.00,4.82,222.96
DQN_w18,11,car_flow_through.0,car,35.60,66.60,31.00,0.00,6.00,223.71
DQN_w18,11,car_flow_South_Right.0,car,7.80,67.40,59.60,4.00,16.52,700.86
DQN_w18,11,car_flow_E#10.0,car,1.60,67.80,66.20,4.40,16.47,888.90
DQN_w18,11,car_flow_E#10.2,car,12.80,68.00,55.20,0.00,6.45,888.90
DQN_w18,11,car_flow_South_Right.1,car,14.20,68.80,54.60,0.00,13.55,700.86
DQN_w18,11,car_flow_south_left.6,car,38.80,68.80,30.00,0.00,9.68,541.79
DQN_w18,11,car_flow_through.1,car,37.80,69.20,31.40,0.00,6.30,223.71
DQN_w18,11,car_flow_turn_E#15.7,car,40.00,71.20,31.20,0.00,7.82,223.71
DQN_w18,11,car_flow_turn.2,car,44.60,73.60,29.00,0.00,12.42,291.86
DQN_w18,11,car_flow_WEST_E#6.0,car,0.00,74.40,74.40,46.80,54.36,214.25
DQN_w18,11,car_flow_turn_E#6.0,car,4.80,75.00,70.20,16.60,27.08,873.09
DQN_w18,11,car_flow_south_left.7,car,43.20,75.40,32.20,0.00,5.97,541.79
DQN_w18,11,car_flow_turn_E#15.8,car,42.40,76.40,34.00,2.60,13.88,223.71
DQN_w18,11,car_flow_south_E#15.2,bus,19.20,76.60,57.40,0.00,9.38,787.72
DQN_w18,11,car_flow_south_left.8,car,45.40,76.60,31.20,0.00,9.58,541.79
DQN_w18,11,car_flow_turn.3,car,51.20,79.40,28.20,0.00,8.32,291.86
DQN_w18,11,car_flow_north_E#18.7,truck,49.60,79.60,30.00,0.00,13.26,214.96
DQN_w18,11,car_flow_through.2,truck,48.00,80.40,32.40,0.00,9.60,215.71
DQN_w18,11,car_flow_turn.4,car,53.40,80.80,27.40,0.00,9.53,291.86
DQN_w18,11,car_flow_south_E#15.3,car,25.00,82.80,57.80,0.00,5.72,795.72
DQN_w18,11,car_flow_South_Right.2,car,21.60,83.80,62.20,4.40,17.76,700.86
DQN_w18,11,car_flow_south_E#15.5,car,32.60,84.40,51.80,0.00,5.96,795.72
DQN_w18,11,car_flow_south_E#15.4,car,27.20,85.00,57.80,0.00,5.56,795.72
DQN_w18,11,car_flow_South_Right.3,car,26.00,85.00,59.00,0.00,18.99,700.86
DQN_w18,11,car_flow_south_E#15.7,car,37.00,85.80,48.80,0.00,6.85,795.72
DQN_w18,11,car_flow_E#10.1,car,8.40,88.60,80.20,7.00,16.68,888.90
DQN_w18,11,car_flow_E#10.5,car,26.20,90.00,63.80,0.00,5.44,888.90
DQN_w18,11,car_flow_south_E#15.6,car,34.80,90.00,55.20,0.00,5.10,795.72
DQN_w18,11,car_flow_south_left.9,truck,53.20,90.00,36.80,0.00,12.63,533.79
DQN_w18,11,car_flow_south_left.10,car,58.40,91.40,33.00,0.00,9.21,541.79
DQN_w18,11,car_flow_south_E#15.10,car,46.00,92.20,46.20,0.00,6.52,795.72
DQN_w18,11,car_flow_turn_E#15.9,car,59.80,93.00,33.20,0.00,3.30,223.71
DQN_w18,11,car_flow_north_E#18.8,car,68.80,96.20,27.40,2.00,10.73,222.96
DQN_w18,11,car_flow_south_E#15.8,car,39.20,96.60,57.40,0.00,5.08,795.72
DQN_w18,11,car_flow_turn_E#15.10,car,62.20,99.40,37.20,2.60,9.63,223.71
DQN_w18,11,car_flow_south_left.11,car,68.80,99.80,31.00,0.00,6.06,541.79
DQN_w18,22,car_flow_south_E#18.0,car,0.20,19.20,19.00,0.00,5.79,232.83
DQN_w18,22,car_flow_north_E#18.0,car,3.80,25.80,22.00,0.00,4.32,222.96
DQN_w18,22,car_flow_WEST_E#6.0,car,0.40,26.80,26.40,0.00,4.50,214.25
DQN_w18,22,car_flow_turn.0,truck,0.40,28.60,28.20,0.00,9.92,283.86
DQN_w18,22,car_flow_turn.1,car,6.00,31.00,25.00,0.00,8.07,291.86
DQN_w18,22,car_flow_north_E#18.1,car,11.60,31.80,20.20,0.00,4.66,222.96
DQN_w18,22,car_flow_north_E#18.2,car,13.80,34.80,21.00,0.00,5.29,222.96
DQN_w18,22,car_flow_through.0,car,3.80,35.00,31.20,0.00,6.00,223.71
DQN_w18,22,car_flow_turn.2,car,10.40,35.40,25.00,0.00,6.20,291.86
DQN_w18,22,car_flow_turn_E#15.0,car,8.20,37.60,29.40,0.00,6.34,223.71
DQN_w18,22,car_flow_turn.3,car,14.80,39.20,24.40,0.00,6.98,291.86
DQN_w18,22,car_flow_south_left.0,truck,4.20,39.60,35.40,0.00,14.34,533.79
DQN_w18,22,car_flow_turn.4,car,17.00,41.40,24.40,0.00,6.87,291.86
DQN_w18,22,car_flow_turn_E#15.1,car,12.60,43.40,30.80,0.00,4.66,223.71
DQN_w18,22,car_flow_turn.5,car,21.40,45.40,24.00,0.00,6.25,291.86
DQN_w18,22,car_flow_north_E#18.3,truck,19.40,45.40,26.00,0.00,8.46,214.96
DQN_w18,22,car_flow_turn_E#15.2,car,19.20,46.20,27.00,0.00,6.48,223.71
DQN_w18,22,car_flow_north_E#18.4,car,22.80,47.40,24.60,0.00,7.10,222.96
DQN_w18,22,car_flow_turn_E#15.3,car,26.00,52.20,26.20,0.00,4.13,223.71
DQN_w18,22,car_flow_north_E#18.5,car,25.20,53.00,27.80,0.00,4.39,222.96
DQN_w18,22,car_flow_north_E#18.6,car,27.60,54.40,26.80,0.00,8.93,222.96
DQN_w18,22,car_flow_south_left.1,car,25.60,55.00,29.40,0.00,9.45,541.79
DQN_w18,22,car_flow_north_E#18.7,car,30.00,55.80,25.80,0.00,8.96,222.96
DQN_w18,22,car_flow_turn_E#13.0,truck,4.00,56.60,52.60,20.40,31.46,206.25
DQN_w18,22,car_flow_south_E#18.1,truck,2.00,57.80,55.80,26.20,43.08,224.83
DQN_w18,22,car_flow_south_left.2,car,27.80,58.20,30.40,0.00,6.75,541.79
DQN_w18,22,car_flow_South_Right.0,car,0.20,59.00,58.80,2.40,15.00,700.86
DQN_w18,22,car_flow_WEST_E#6.1,truck,8.80,60.20,51.40,13.80,31.30,206.25
DQN_w18,22,car_flow_turn.6,car,35.20,63.20,28.00,0.00,7.97,291.86
DQN_w18,22,car_flow_through.1,truck,29.40,65.80,36.40,0.00,11.28,215.71
DQN_w18,22,car_flow_north_E#18.8,car,32.40,65.80,33.40,3.00,14.19,222.96
DQN_w18,22,car_flow_north_E#18.9,car,34.80,67.40,32.60,0.00,15.74,222.96
DQN_w18,22,car_flow_turn.7,truck,40.80,68.20,27.40,0.00,11.33,283.86
DQN_w18,22,car_flow_turn_E#15.4,car,37.40,69.60,32.20,0.00,8.40,223.71
DQN_w18,22,car_flow_north_E#18.10,car,45.60,69.80,24.20,0.00,8.67,222.96
DQN_w18,22,car_flow_north_E#18.11,car,48.00,72.20,24.20,0.00,8.56,222.96
DQN_w18,22,car_flow_south_E#18.2,car,18.20,73.80,55.60,23.80,42.53,232.83
DQN_w18,22,car_flow_turn_E#15.5,car,44.40,73.80,29.40,0.00,6.44,223.71
DQN_w18,22,car_flow_south_E#15.0,car,16.00,74.40,58.40,0.00,4.45,795.72
DQN_w18,22,car_flow_south_E#18.3,car,41.60,76.00,34.40,7.40,20.26,232.83
DQN_w18,22,car_flow_WEST_E#6.2,car,12.00,76.20,64.20,22.80,43.46,214.25
DQN_w18,22,car_flow_E#10.0,car,16.20,76.80,60.60,1.00,14.95,888.90
DQN_w18,22,car_flow_WEST_E#6.3,car,18.40,78.60,60.20,16.20,38.65,214.25
DQN_w18,22,car_flow_WEST_E#6.4,car,20.60,80.80,60.20,12.80,40.26,214.25
DQN_w18,22,car_flow_turn_E#13.1,car,23.00,83.00,60.00,9.60,39.04,214.25
DQN_w18,22,car_flow_north_E#18.12,car,52.40,84.80,32.40,2.40,16.31,222.96
DQN_w18,22,car_flow_through.2,car,46.80,85.20,38.40,3.40,16.30,223.71
DQN_w18,22,car_flow_turn_E#6.0,car,23.60,86.40,62.80,4.60,13.95,873.09
DQN_w18,22,car_flow_north_E#18.13,car,55.00,86.80,31.80,0.00,16.05,222.96
DQN_w18,22,car_flow_through.3,car,49.00,87.40,38.40,0.00,16.40,223.71
DQN_w18,22,car_flow_turn.8,car,55.80,88.20,32.40,0.00,11.20,291.86
DQN_w18,22,car_flow_turn_E#15.6,truck,52.40,90.20,37.80,0.00,13.62,215.71
DQN_w18,22,car_flow_north_E#18.14,car,59.40,90.60,31.20,0.00,13.38,222.96
DQN_w18,22,car_flow_south_left.3,car,63.40,92.40,29.00,0.00,7.31,541.79
DQN_w18,22,car_flow_turn_E#10.1,car,11.60,92.60,81.00,16.80,32.66,888.41
DQN_w18,22,car_flow_turn_E#10.0,car,6.00,93.00,87.00,22.20,37.57,888.41
DQN_w18,22,car_flow_north_E#18.15,car,63.80,93.40,29.60,0.00,12.41,222.96
DQN_w18,22,car_flow_through.4,car,58.00,93.60,35.60,0.00,13.58,223.71
DQN_w18,22,car_flow_south_E#15.2,car,39.20,94.40,55.20,0.00,14.10,795.72
DQN_w18,22,car_flow_turn.9,truck,63.80,94.60,30.80,0.00,13.36,283.86
DQN_w18,22,car_flow_south_left.4,car,66.00,95.20,29.20,0.00,7.12,541.79
DQN_w18,22,car_flow_north_E#18.16,car,66.00,95.60,29.60,0.00,12.82,222.96
DQN_w18,22,car_flow_through.5,car,60.40,97.40,37.00,0.00,11.25,223.71
DQN_w18,22,car_flow_north_E#18.17,car,68.40,98.40,30.00,0.00,12.17,222.96
DQN_w18,22,car_flow_turn_E#15.7,car,67.00,99.80,32.80,0.00,9.83,223.71
DQN_w18,33,car_flow_north_E#18.0,car,4.20,26.40,22.20,0.00,5.88,222.96
DQN_w18,33,car_flow_north_E#18.1,car,7.20,28.80,21.60,0.00,5.41,222.96
DQN_w18,33,car_flow_turn_E#15.0,truck,0.00,29.60,29.60,0.00,6.93,215.71
DQN_w18,33,car_flow_turn.0,truck,5.00,33.20,28.20,0.00,9.66,283.86
DQN_w18,33,car_flow_north_E#18.2,car,14.80,37.20,22.40,0.00,6.97,222.96
DQN_w18,33,car_flow_through.0,car,8.20,39.40,31.20,0.00,6.05,223.71
DQN_w18,33,car_flow_turn_E#15.1,car,10.60,41.40,30.80,0.00,8.91,223.71
DQN_w18,33,car_flow_south_left.0,car,11.60,41.40,29.80,0.00,6.16,541.79
DQN_w18,33,car_flow_through.1,car,13.00,44.60,31.60,0.00,6.02,223.71
DQN_w18,33,car_flow_turn_E#15.2,car,15.20,46.80,31.60,0.00,8.46,223.71
DQN_w18,33,car_flow_north_E#18.3,car,23.60,47.20,23.60,0.00,5.00,222.96
DQN_w18,33,car_flow_turn.1,car,21.80,47.40,25.60,0.00,7.26,291.86
DQN_w18,33,car_flow_south_left.1,car,19.80,48.60,28.80,0.00,7.10,541.79
DQN_w18,33,car_flow_turn_E#15.3,car,17.40,48.80,31.40,0.00,8.74,223.71
DQN_w18,33,car_flow_through.2,car,19.60,52.40,32.80,0.00,6.29,223.71
DQN_w18,33,car_flow_north_E#18.4,car,30.80,53.40,22.60,0.00,6.88,222.96
DQN_w18,33,car_flow_WEST_E#6.0,truck,1.80,54.80,53.00,20.80,31.61,206.25
DQN_w18,33,car_flow_WEST_E#6.1,car,7.40,58.20,50.80,16.00,31.78,214.25
DQN_w18,33,car_flow_south_E#18.0,bus,10.60,58.20,47.60,16.80,34.89,224.83
DQN_w18,33,car_flow_WEST_E#6.2,car,12.40,60.20,47.80,11.80,29.49,214.25
DQN_w18,33,car_flow_South_Right.0,car,4.80,60.40,55.60,0.00,9.44,700.86
DQN_w18,33,car_flow_south_E#15.0,car,2.00,61.60,59.60,0.00,4.42,795.72
DQN_w18,33,car_flow_turn.2,car,28.40,62.80,34.40,3.20,18.94,291.86
DQN_w18,33,car_flow_turn.3,car,30.80,64.60,33.80,0.20,17.54,291.86
DQN_w18,33,car_flow_north_E#18.5,car,33.00,65.60,32.60,2.00,14.21,222.96
DQN_w18,33,car_flow_through.3,truck,25.20,66.60,41.40,7.00,17.15,215.71
DQN_w18,33,car_flow_turn.4,car,33.00,66.80,33.80,0.00,15.80,291.86
DQN_w18,33,car_flow_south_E#18.1,car,30.60,67.80,37.20,6.80,22.07,232.83
DQN_w18,33,car_flow_north_E#18.6,car,40.00,67.80,27.80,0.00,11.39,222.96
DQN_w18,33,car_flow_south_E#15.4,car,21.40,68.00,46.60,0.00,6.78,795.72
DQN_w18,33,car_flow_south_E#15.1,truck,11.60,68.80,57.20,0.00,8.21,787.72
DQN_w18,33,car_flow_south_E#18.2,car,35.20,68.80,33.60,3.20,19.85,232.83
DQN_w18,33,car_flow_north_E#18.7,car,44.20,69.60,25.40,0.00,9.63,222.96
DQN_w18,33,car_flow_south_E#18.3,car,36.00,70.00,34.00,1.60,20.95,232.83
DQN_w18,33,car_flow_turn.5,truck,36.40,70.40,34.00,0.00,17.05,283.86
DQN_w18,33,car_flow_E#10.1,car,15.60,71.20,55.60,0.00,9.08,888.90
DQN_w18,33,car_flow_E#10.0,car,8.80,72.60,63.80,2.40,15.23,888.90
DQN_w18,33,car_flow_south_E#15.2,car,17.00,72.60,55.60,0.00,5.82,795.72
DQN_w18,33,car_flow_turn_E#13.0,truck,16.00,73.20,57.20,14.20,36.37,206.25
DQN_w18,33,car_flow_south_E#15.3,car,19.20,75.60,56.40,0.00,5.61,795.72
DQN_w18,33,car_flow_turn_E#13.1,car,19.20,76.60,57.40,9.40,38.31,214.25
DQN_w18,33,car_flow_South_Right.1,car,18.00,76.80,58.80,0.00,9.15,700.86
DQN_w18,33,car_flow_south_E#18.4,car,51.00,77.40,26.40,4.60,14.31,232.83
DQN_w18,33,car_flow_south_left.2,car,49.00,77.60,28.60,0.00,6.80,541.79
DQN_w18,33,car_flow_turn_E#13.2,car,25.60,80.80,55.20,4.40,30.37,214.25
DQN_w18,33,car_flow_South_Right.2,car,23.20,81.60,58.40,0.00,9.13,700.86
DQN_w18,33,car_flow_turn.6,truck,41.40,81.80,40.40,4.40,24.39,283.86
DQN_w18,33,car_flow_south_left.3,car,54.00,82.60,28.60,0.00,7.13,541.79
DQN_w18,33,car_flow_WEST_E#6.3,car,27.80,82.80,55.00,1.60,34.81,214.25
DQN_w18,33,car_flow_south_E#15.5,bus,27.00,84.40,57.40,0.00,9.41,787.72
DQN_w18,33,car_flow_turn_E#13.3,car,30.00,86.40,56.40,0.00,30.25,214.25
DQN_w18,33,car_flow_north_E#18.8,car,58.00,86.80,28.80,0.00,9.95,222.96
DQN_w18,33,car_flow_south_left.4,car,57.20,87.60,30.40,0.00,6.23,541.79
DQN_w18,33,car_flow_through.4,truck,46.20,88.40,42.20,0.20,19.81,215.71
DQN_w18,33,car_flow_north_E#18.9,car,62.60,88.60,26.00,0.00,11.02,222.96
DQN_w18,33,car_flow_south_left.5,car,59.40,89.00,29.60,0.00,7.92,541.79
DQN_w18,33,car_flow_turn.7,bus,55.60,91.40,35.80,0.00,18.63,283.86
DQN_w18,33,car_flow_through.5,car,49.40,92.00,42.60,0.00,19.30,223.71
DQN_w18,33,car_flow_South_Right.3,car,33.80,93.00,59.20,2.60,16.25,700.86
DQN_w18,33,car_flow_through.6,car,51.60,94.20,42.60,0.00,19.12,223.71
DQN_w18,33,car_flow_south_left.6,car,63.80,94.60,30.80,0.00,5.70,541.79
DQN_w18,33,car_flow_south_left.7,car,66.20,95.80,29.60,0.00,11.22,541.79
DQN_w18,33,car_flow_turn_E#10.1,car,9.40,98.00,88.60,19.60,34.06,888.41
DQN_w18,33,car_flow_south_E#15.6,car,37.80,98.40,60.60,0.00,19.70,795.72
DQN_w18,33,car_flow_turn_E#10.0,car,7.00,99.20,92.20,18.40,34.20,888.41
DQN_w18,33,car_flow_turn_E#15.4,car,59.00,99.20,40.20,0.00,11.72,223.71
DQN_w19,11,car_flow_north_E#18.0,truck,0.40,25.40,25.00,0.00,8.41,214.96
DQN_w19,11,car_flow_turn.0,car,2.40,26.80,24.40,0.00,5.41,291.86
DQN_w19,11,car_flow_turn_E#15.0,car,0.00,30.20,30.20,0.00,3.56,223.71
DQN_w19,11,car_flow_north_E#18.1,car,8.60,33.00,24.40,0.00,4.15,222.96
DQN_w19,11,car_flow_north_E#18.2,car,10.80,34.80,24.00,0.00,5.77,222.96
DQN_w19,11,car_flow_turn_E#15.1,car,9.00,38.00,29.00,0.00,3.55,223.71
DQN_w19,11,car_flow_north_E#18.3,truck,14.20,39.40,25.20,0.00,8.50,214.96
DQN_w19,11,car_flow_WEST_E#6.0,car,0.00,40.00,40.00,11.40,19.93,214.25
DQN_w19,11,car_flow_turn_E#13.0,car,2.40,42.60,40.20,5.40,17.43,214.25
DQN_w19,11,car_flow_WEST_E#6.1,car,4.80,45.20,40.40,3.20,16.96,214.25
DQN_w19,11,car_flow_south_left.0,car,17.20,46.80,29.60,0.00,7.06,541.79
DQN_w19,11,car_flow_turn_E#15.2,car,12.60,47.80,35.20,5.00,10.59,223.71
DQN_w19,11,car_flow_south_left.1,car,19.40,49.00,29.60,0.00,7.17,541.79
DQN_w19,11,car_flow_north_E#18.4,car,22.60,50.20,27.60,0.00,10.03,222.96
DQN_w19,11,car_flow_turn_E#15.3,car,17.00,50.80,33.80,0.00,7.95,223.71
DQN_w19,11,car_flow_turn.1,car,28.80,52.60,23.80,0.00,5.33,291.86
DQN_w19,11,car_flow_south_left.2,car,21.80,53.20,31.40,0.00,6.29,541.79
DQN_w19,11,car_flow_turn_E#15.4,car,22.80,53.20,30.40,0.00,5.20,223.71
DQN_w19,11,car_flow_south_E#15.1,car,6.20,54.60,48.40,0.00,6.21,795.72
DQN_w19,11,car_flow_south_E#18.0,car,31.60,55.60,24.00,2.00,12.13,232.83
DQN_w19,11,car_flow_south_E#15.0,car,3.80,56.00,52.20,0.00,5.76,795.72
DQN_w19,11,car_flow_north_E#18.5,car,29.40,56.00,26.60,0.00,8.16,222.96
DQN_w19,11,car_flow_turn_E#15.5,car,25.00,56.40,31.40,0.00,5.08,223.71
DQN_w19,11,car_flow_E#10.0,car,1.60,57.20,55.60,0.00,5.97,888.90
DQN_w19,11,car_flow_turn_E#13.1,car,7.00,59.00,52.00,11.80,29.14,214.25
DQN_w19,11,car_flow_South_Right.0,car,7.80,60.40,52.60,0.00,9.47,700.86
DQN_w19,11,car_flow_south_left.3,car,29.00,60.40,31.40,0.00,5.76,541.79
DQN_w19,11,car_flow_WEST_E#6.2,car,12.40,61.20,48.80,7.40,27.17,214.25
DQN_w19,11,car_flow_south_left.4,car,32.00,62.00,30.00,0.00,8.54,541.79
DQN_w19,11,car_flow_south_left.5,car,34.20,63.40,29.20,0.00,8.31,541.79
DQN_w19,11,car_flow_turn_E#13.2,car,19.40,63.60,44.20,5.80,22.28,214.25
DQN_w19,11,car_flow_South_Right.1,car,14.20,65.20,51.00,0.00,9.91,700.86
DQN_w19,11,car_flow_turn_E#13.3,car,22.40,66.00,43.60,4.00,21.59,214.25
DQN_w19,11,car_flow_turn_E#6.0,car,4.80,66.80,62.00,8.40,18.90,873.09
DQN_w19,11,car_flow_turn_E#15.6,truck,32.20,68.80,36.60,1.00,13.83,215.71
DQN_w19,11,car_flow_south_left.6,car,38.80,68.80,30.00,0.00,9.68,541.79
DQN_w19,11,car_flow_north_E#18.6,car,41.00,70.80,29.80,0.00,10.69,222.96
DQN_w19,11,car_flow_through.0,car,35.40,73.40,38.00,0.00,13.05,223.71
DQN_w19,11,car_flow_turn_E#10.0,car,8.80,74.60,65.80,1.60,13.91,888.41
DQN_w19,11,car_flow_turn.2,car,44.60,74.80,30.20,0.00,13.58,291.86
DQN_w19,11,car_flow_south_left.7,car,43.20,75.40,32.20,0.00,5.97,541.79
DQN_w19,11,car_flow_through.1,car,37.80,75.80,38.00,0.00,12.94,223.71
DQN_w19,11,car_flow_north_E#18.7,truck,49.20,76.20,27.00,0.00,10.24,214.96
DQN_w19,11,car_flow_south_left.8,car,45.40,76.60,31.20,0.00,9.58,541.79
DQN_w19,11,car_flow_E#10.3,car,15.00,77.40,62.40,0.00,5.18,888.90
DQN_w19,11,car_flow_E#10.2,car,12.80,78.00,65.20,3.20,16.38,888.90
DQN_w19,11,car_flow_turn_E#15.7,car,40.20,78.00,37.80,0.00,14.29,223.71
DQN_w19,11,car_flow_South_Right.2,car,21.60,79.20,57.60,0.00,13.33,700.86
DQN_w19,11,car_flow_E#10.1,car,8.40,79.80,71.40,0.00,7.83,888.90
DQN_w19,11,car_flow_turn_E#15.8,car,42.40,80.00,37.60,0.00,17.45,223.71
DQN_w19,11,car_flow_South_Right.3,car,26.00,80.60,54.60,0.00,14.54,700.86
DQN_w19,11,car_flow_south_E#15.2,bus,19.20,80.80,61.60,0.00,13.61,787.72
DQN_w19,11,car_flow_turn_E#13.4,car,24.80,84.80,60.00,17.40,36.74,214.25
DQN_w19,11,car_flow_south_E#15.3,car,25.00,85.80,60.80,0.00,8.71,795.72
DQN_w19,11,car_flow_south_E#15.5,car,31.80,85.80,54.00,0.00,8.28,795.72
DQN_w19,11,car_flow_turn.3,car,51.60,87.60,36.00,0.00,16.10,291.86
DQN_w19,11,car_flow_south_E#15.4,car,27.20,87.80,60.60,0.00,8.46,795.72
DQN_w19,11,car_flow_turn.4,car,53.80,89.00,35.20,0.00,17.23,291.86
DQN_w19,11,car_flow_through.2,truck,48.20,89.20,41.00,2.60,18.22,215.71
DQN_w19,11,car_flow_south_left.9,truck,53.20,90.00,36.80,0.00,12.63,533.79
DQN_w19,11,car_flow_south_E#15.6,car,34.20,91.20,57.00,0.00,6.97,795.72
DQN_w19,11,car_flow_south_left.10,car,58.40,91.40,33.00,0.00,9.21,541.79
DQN_w19,11,car_flow_north_E#18.8,car,68.40,91.60,23.20,0.00,6.46,222.96
DQN_w19,11,car_flow_turn_E#10.1,car,17.80,93.80,76.00,14.80,24.77,888.41
DQN_w19,11,car_flow_south_E#15.7,car,36.40,95.00,58.60,3.40,16.76,795.72
DQN_w19,11,car_flow_E#10.4,car,24.00,95.60,71.60,11.80,22.54,888.90
DQN_w19,11,car_flow_turn_E#10.2,car,28.20,96.40,68.20,2.20,15.28,888.41
DQN_w19,11,car_flow_south_E#15.10,car,45.60,97.20,51.60,0.00,11.78,795.72
DQN_w19,11,car_flow_turn_E#10.3,car,35.20,97.60,62.40,0.00,18.18,888.41
DQN_w19,11,car_flow_turn_E#15.9,car,59.60,99.00,39.40,0.00,9.37,223.71
DQN_w19,11,car_flow_south_left.11,car,68.80,99.80,31.00,0.00,6.06,541.79
DQN_w19,22,car_flow_south_E#18.0,car,0.20,18.00,17.80,0.00,4.59,232.83
DQN_w19,22,car_flow_north_E#18.0,car,3.80,26.20,22.40,0.00,4.70,222.96
DQN_w19,22,car_flow_WEST_E#6.0,car,0.40,26.80,26.40,0.00,4.50,214.25
DQN_w19,22,car_flow_south_E#18.1,truck,2.00,31.80,29.80,0.20,17.05,224.83
DQN_w19,22,car_flow_turn_E#13.0,truck,4.00,32.60,28.60,0.00,7.51,206.25
DQN_w19,22,car_flow_north_E#18.1,car,11.60,36.20,24.60,0.00,9.11,222.96
DQN_w19,22,car_flow_turn.0,truck,0.40,37.20,36.80,4.20,18.36,283.86
DQN_w19,22,car_flow_WEST_E#6.1,truck,8.80,37.40,28.60,0.00,8.51,206.25
DQN_w19,22,car_flow_north_E#18.2,car,13.80,38.20,24.40,0.00,8.86,222.96
DQN_w19,22,car_flow_turn.1,car,6.00,38.80,32.80,0.00,15.85,291.86
DQN_w19,22,car_flow_south_left.0,truck,4.20,39.60,35.40,0.00,14.34,533.79
DQN_w19,22,car_flow_through.0,car,3.80,42.40,38.60,0.20,13.33,223.71
DQN_w19,22,car_flow_turn_E#15.0,car,8.20,44.60,36.40,0.00,13.30,223.71
DQN_w19,22,car_flow_north_E#18.3,truck,19.40,45.40,26.00,0.00,8.53,214.96
DQN_w19,22,car_flow_WEST_E#6.2,car,12.00,47.00,35.00,3.60,14.15,214.25
DQN_w19,22,car_flow_turn.2,car,10.40,47.80,37.40,3.80,18.55,291.86
DQN_w19,22,car_flow_south_E#18.2,car,18.40,48.40,30.00,7.40,16.95,232.83
DQN_w19,22,car_flow_WEST_E#6.3,car,18.40,49.40,31.00,0.00,9.40,214.25
DQN_w19,22,car_flow_WEST_E#6.4,car,20.60,51.40,30.80,0.00,11.00,214.25
DQN_w19,22,car_flow_South_Right.0,car,0.20,53.60,53.40,0.00,9.48,700.86
DQN_w19,22,car_flow_turn_E#13.1,car,23.00,53.80,30.80,0.00,9.79,214.25
DQN_w19,22,car_flow_turn.3,car,14.80,54.40,39.60,0.00,22.11,291.86
DQN_w19,22,car_flow_south_left.1,car,25.60,55.00,29.40,0.00,9.45,541.79
DQN_w19,22,car_flow_turn.4,car,17.00,55.80,38.80,0.00,21.31,291.86
DQN_w19,22,car_flow_south_left.2,car,27.80,58.20,30.40,0.00,6.75,541.79
DQN_w19,22,car_flow_turn.5,car,21.60,58.80,37.20,0.00,19.53,291.86
DQN_w19,22,car_flow_turn_E#15.1,car,12.60,59.60,47.00,1.20,20.81,223.71
DQN_w19,22,car_flow_north_E#18.4,car,22.60,60.00,37.40,2.40,19.88,222.96
DQN_w19,22,car_flow_turn_E#15.2,car,19.20,61.40,42.20,0.00,21.77,223.71
DQN_w19,22,car_flow_turn_E#15.3,car,26.00,64.40,38.40,0.00,16.46,223.71
DQN_w19,22,car_flow_north_E#18.5,car,25.00,65.60,40.60,0.00,17.23,222.96
DQN_w19,22,car_flow_turn_E#10.0,car,6.00,65.80,59.80,0.00,10.34,888.41
DQN_w19,22,car_flow_turn.6,car,35.40,66.20,30.80,0.00,10.64,291.86
DQN_w19,22,car_flow_north_E#18.6,car,27.20,67.00,39.80,0.00,22.01,222.96
DQN_w19,22,car_flow_north_E#18.7,car,29.60,68.40,38.80,0.00,21.91,222.96
DQN_w19,22,car_flow_through.1,truck,29.40,68.60,39.20,0.00,14.00,215.71
DQN_w19,22,car_flow_north_E#18.8,car,32.00,70.40,38.40,0.00,19.20,222.96
DQN_w19,22,car_flow_turn.7,truck,41.40,70.60,29.20,0.00,13.07,283.86
DQN_w19,22,car_flow_north_E#18.9,car,34.40,72.00,37.60,0.00,20.65,222.96
DQN_w19,22,car_flow_turn_E#15.4,car,37.80,72.40,34.60,0.00,10.81,223.71
DQN_w19,22,car_flow_north_E#18.10,car,46.00,74.20,28.20,0.00,12.68,222.96
DQN_w19,22,car_flow_turn_E#15.5,car,45.00,76.00,31.00,0.00,8.05,223.71
DQN_w19,22,car_flow_south_E#15.0,car,16.00,76.40,60.40,0.00,6.52,795.72
DQN_w19,22,car_flow_north_E#18.11,car,48.40,76.60,28.20,0.00,12.58,222.96
DQN_w19,22,car_flow_turn_E#10.1,car,11.60,76.80,65.20,4.20,16.77,888.41
DQN_w19,22,car_flow_turn_E#10.4,car,20.60,78.00,57.40,0.00,10.03,888.41
DQN_w19,22,car_flow_through.2,car,47.40,78.00,30.60,0.00,8.59,223.71
DQN_w19,22,car_flow_through.3,car,49.60,80.20,30.60,0.00,8.72,223.71
DQN_w19,22,car_flow_south_E#18.3,car,41.80,80.80,39.00,16.80,24.85,232.83
DQN_w19,22,car_flow_E#10.0,car,16.20,81.40,65.20,4.80,19.56,888.90
DQN_w19,22,car_flow_turn_E#10.2,car,13.80,81.80,68.00,1.60,13.99,888.41
DQN_w19,22,car_flow_WEST_E#6.5,car,25.40,85.20,59.80,27.00,38.04,214.25
DQN_w19,22,car_flow_turn_E#13.2,car,30.40,87.40,57.00,22.60,37.47,214.25
DQN_w19,22,car_flow_turn.8,car,56.60,88.60,32.00,0.00,10.69,291.86
DQN_w19,22,car_flow_north_E#18.12,car,54.40,88.80,34.40,3.80,18.21,222.96
DQN_w19,22,car_flow_turn_E#10.3,truck,17.40,89.60,72.20,2.20,22.56,880.41
DQN_w19,22,car_flow_turn_E#15.6,truck,53.00,90.20,37.20,0.20,13.04,215.71
DQN_w19,22,car_flow_north_E#18.13,car,57.40,90.60,33.20,0.60,17.56,222.96
DQN_w19,22,car_flow_south_left.3,car,63.40,92.40,29.00,0.00,7.31,541.79
DQN_w19,22,car_flow_through.4,car,58.80,93.60,34.80,0.00,12.78,223.71
DQN_w19,22,car_flow_north_E#18.14,car,62.20,94.60,32.40,0.00,14.60,222.96
DQN_w19,22,car_flow_turn.9,truck,64.60,94.80,30.20,0.00,12.65,283.86
DQN_w19,22,car_flow_south_left.4,car,66.00,95.20,29.20,0.00,7.12,541.79
DQN_w19,22,car_flow_north_E#18.15,car,66.80,97.40,30.60,0.00,13.34,222.96
DQN_w19,22,car_flow_through.5,car,61.20,97.60,36.40,0.00,10.56,223.71
DQN_w19,22,car_flow_south_E#15.2,car,39.00,98.20,59.20,0.00,18.24,795.72
DQN_w19,22,car_flow_north_E#18.16,car,69.00,99.40,30.40,0.00,13.70,222.96
DQN_w19,33,car_flow_north_E#18.0,car,4.20,27.20,23.00,0.00,6.78,222.96
DQN_w19,33,car_flow_turn_E#15.0,truck,0.00,29.60,29.60,0.00,6.93,215.71
DQN_w19,33,car_flow_north_E#18.1,car,7.20,29.60,22.40,0.00,6.15,222.96
DQN_w19,33,car_flow_turn.0,truck,5.00,33.20,28.20,0.00,9.66,283.86
DQN_w19,33,car_flow_north_E#18.2,car,14.80,37.00,22.20,0.00,6.89,222.96
DQN_w19,33,car_flow_through.0,car,8.20,39.40,31.20,0.00,6.03,223.71
DQN_w19,33,car_flow_turn_E#15.1,car,10.60,41.40,30.80,0.00,8.90,223.71
DQN_w19,33,car_flow_south_left.0,car,11.60,41.40,29.80,0.00,6.16,541.79
DQN_w19,33,car_flow_through.1,car,13.00,48.60,35.60,1.80,10.14,223.71
DQN_w19,33,car_flow_south_left.1,car,19.80,48.60,28.80,0.00,7.10,541.79
DQN_w19,33,car_flow_turn.1,car,21.80,50.40,28.60,0.00,10.43,291.86
DQN_w19,33,car_flow_turn_E#15.2,car,15.20,50.80,35.60,0.00,12.51,223.71
DQN_w19,33,car_flow_north_E#18.3,car,24.00,52.60,28.60,0.00,10.12,222.96
DQN_w19,33,car_flow_turn_E#15.3,car,17.40,52.80,35.40,0.00,12.70,223.71
DQN_w19,33,car_flow_through.2,car,19.60,56.20,36.60,0.00,10.05,223.71
DQN_w19,33,car_flow_WEST_E#6.0,truck,1.80,60.40,58.60,26.40,37.20,206.25
DQN_w19,33,car_flow_north_E#18.4,car,31.00,60.80,29.80,2.20,14.14,222.96
DQN_w19,33,car_flow_south_E#15.0,car,2.00,62.80,60.80,0.00,5.59,795.72
DQN_w19,33,car_flow_north_E#18.5,car,33.20,64.40,31.20,0.00,12.78,222.96
DQN_w19,33,car_flow_through.3,truck,25.20,64.80,39.60,2.00,15.56,215.71
DQN_w19,33,car_flow_turn.2,car,28.40,67.00,38.60,3.40,23.11,291.86
DQN_w19,33,car_flow_turn.3,car,30.80,68.40,37.60,0.40,21.42,291.86
DQN_w19,33,car_flow_South_Right.0,car,4.80,68.60,63.80,5.00,17.55,700.86
DQN_w19,33,car_flow_south_E#15.1,truck,11.60,68.60,57.00,0.00,8.06,787.72
DQN_w19,33,car_flow_WEST_E#6.1,car,7.40,69.20,61.80,26.20,42.83,214.25
DQN_w19,33,car_flow_north_E#18.6,car,40.60,71.20,30.60,2.40,14.31,222.96
DQN_w19,33,car_flow_WEST_E#6.2,car,12.40,71.40,59.00,19.20,40.58,214.25
DQN_w19,33,car_flow_south_E#18.0,bus,10.60,71.60,61.00,30.00,48.15,224.83
DQN_w19,33,car_flow_turn.4,car,33.00,71.60,38.60,0.00,20.73,291.86
DQN_w19,33,car_flow_north_E#18.7,car,44.20,73.00,28.80,0.00,12.94,222.96
DQN_w19,33,car_flow_south_E#18.1,car,30.80,73.20,42.40,10.60,27.26,232.83
DQN_w19,33,car_flow_south_E#15.4,car,21.80,74.00,52.20,0.00,12.33,795.72
DQN_w19,33,car_flow_south_E#18.2,car,35.60,74.20,38.60,7.20,24.85,232.83
DQN_w19,33,car_flow_turn_E#13.0,truck,16.00,74.40,58.40,12.40,37.51,206.25
DQN_w19,33,car_flow_turn.5,truck,36.40,74.80,38.40,0.00,21.52,283.86
DQN_w19,33,car_flow_south_E#18.3,car,35.80,75.20,39.40,5.60,26.34,232.83
DQN_w19,33,car_flow_South_Right.1,car,18.00,76.80,58.80,0.00,9.07,700.86
DQN_w19,33,car_flow_turn.6,truck,41.40,77.20,35.80,0.00,19.66,283.86
DQN_w19,33,car_flow_south_left.2,car,49.00,77.60,28.60,0.00,6.80,541.79
DQN_w19,33,car_flow_turn_E#13.1,car,19.20,77.80,58.60,10.60,39.51,214.25
DQN_w19,33,car_flow_turn_E#10.1,car,9.40,78.60,69.20,1.00,14.69,888.41
DQN_w19,33,car_flow_north_E#18.8,car,57.80,81.20,23.40,0.00,4.41,222.96
DQN_w19,33,car_flow_south_E#15.3,car,19.60,82.00,62.40,0.80,11.63,795.72
DQN_w19,33,car_flow_turn_E#10.0,car,7.00,82.20,75.20,3.40,17.12,888.41
DQN_w19,33,car_flow_through.4,truck,46.40,82.20,35.80,0.00,13.33,215.71
DQN_w19,33,car_flow_south_left.3,car,54.00,82.60,28.60,0.00,7.13,541.79
DQN_w19,33,car_flow_south_E#15.2,car,17.20,83.60,66.40,5.40,16.60,795.72
DQN_w19,33,car_flow_South_Right.2,car,23.20,83.80,60.60,0.00,11.26,700.86
DQN_w19,33,car_flow_E#10.0,car,8.80,84.20,75.40,12.40,26.72,888.90
DQN_w19,33,car_flow_turn_E#10.3,car,17.80,86.20,68.40,7.00,20.68,888.41
DQN_w19,33,car_flow_through.5,car,49.80,86.20,36.40,0.00,13.02,223.71
DQN_w19,33,car_flow_south_E#15.5,bus,27.40,86.40,59.00,0.00,10.98,787.72
DQN_w19,33,car_flow_South_Right.3,car,33.80,87.40,53.60,0.00,10.67,700.86
DQN_w19,33,car_flow_south_left.4,car,57.20,87.60,30.40,0.00,6.23,541.79
DQN_w19,33,car_flow_south_left.5,car,59.40,89.00,29.60,0.00,7.92,541.79
DQN_w19,33,car_flow_north_E#18.9,car,62.40,91.00,28.60,4.80,13.47,222.96
DQN_w19,33,car_flow_turn_E#10.4,car,20.00,91.40,71.40,2.40,23.09,888.41
DQN_w19,33,car_flow_turn_E#10.2,car,11.80,91.80,80.00,9.40,26.19,888.41
DQN_w19,33,car_flow_through.6,car,52.00,92.20,40.20,2.20,16.69,223.71
DQN_w19,33,car_flow_south_E#18.4,car,51.00,92.60,41.60,14.40,29.54,232.83
DQN_w19,33,car_flow_south_E#15.6,car,38.20,93.20,55.00,0.00,14.20,795.72
DQN_w19,33,car_flow_turn.7,bus,56.00,93.40,37.40,0.00,20.16,283.86
DQN_w19,33,car_flow_south_left.6,car,63.80,94.60,30.80,0.00,5.74,541.79
DQN_w19,33,car_flow_turn_E#10.5,car,30.60,95.80,65.20,0.00,7.93,888.41
DQN_w19,33,car_flow_south_left.7,car,66.20,95.80,29.60,0.00,11.23,541.79
DQN_w19,33,car_flow_south_E#15.7,car,53.40,99.80,46.40,0.00,5.73,795.72
DQN_w20,11,car_flow_north_E#18.0,truck,0.40,25.40,25.00,0.00,8.41,214.96
DQN_w20,11,car_flow_turn.0,car,2.40,26.80,24.40,0.00,5.41,291.86
DQN_w20,11,car_flow_turn_E#15.0,car,0.00,30.20,30.20,0.00,3.56,223.71
DQN_w20,11,car_flow_north_E#18.1,car,8.60,33.00,24.40,0.00,4.15,222.96
DQN_w20,11,car_flow_north_E#18.2,car,10.80,34.80,24.00,0.00,5.77,222.96
DQN_w20,11,car_flow_turn_E#15.1,car,9.00,38.00,29.00,0.00,3.55,223.71
DQN_w20,11,car_flow_north_E#18.3,truck,14.20,39.40,25.20,0.00,8.50,214.96
DQN_w20,11,car_flow_turn_E#15.2,car,12.60,41.20,28.60,0.00,3.98,223.71
DQN_w20,11,car_flow_turn_E#15.3,car,17.00,46.60,29.60,0.00,3.74,223.71
DQN_w20,11,car_flow_south_left.0,car,17.20,46.80,29.60,0.00,7.06,541.79
DQN_w20,11,car_flow_south_left.1,car,19.40,49.00,29.60,0.00,7.17,541.79
DQN_w20,11,car_flow_north_E#18.4,car,22.60,51.80,29.20,2.00,11.71,222.96
DQN_w20,11,car_flow_turn_E#15.4,car,22.80,52.20,29.40,0.00,4.22,223.71
DQN_w20,11,car_flow_turn.1,car,28.80,52.40,23.60,0.00,5.29,291.86
DQN_w20,11,car_flow_south_left.2,car,21.80,53.20,31.40,0.00,6.29,541.79
DQN_w20,11,car_flow_south_E#18.0,car,31.60,53.80,22.20,0.20,10.32,232.83
DQN_w20,11,car_flow_south_E#15.1,car,6.20,54.60,48.40,0.00,6.23,795.72
DQN_w20,11,car_flow_turn_E#15.5,car,25.00,55.80,30.80,0.00,4.35,223.71
DQN_w20,11,car_flow_south_E#15.0,car,3.80,56.00,52.20,0.00,5.80,795.72
DQN_w20,11,car_flow_north_E#18.5,car,29.40,57.20,27.80,0.00,9.37,222.96
DQN_w20,11,car_flow_South_Right.0,car,7.80,60.40,52.60,0.00,9.45,700.86
DQN_w20,11,car_flow_south_left.3,car,29.00,60.40,31.40,0.00,5.76,541.79
DQN_w20,11,car_flow_south_left.4,car,32.00,62.00,30.00,0.00,8.54,541.79
DQN_w20,11,car_flow_turn_E#15.6,truck,32.40,62.20,29.80,0.00,6.96,215.71
DQN_w20,11,car_flow_south_left.5,car,34.20,63.40,29.20,0.00,8.31,541.79
DQN_w20,11,car_flow_north_E#18.6,car,42.20,66.80,24.60,0.00,5.49,222.96
DQN_w20,11,car_flow_through.0,car,35.60,67.00,31.40,0.00,6.32,223.71
DQN_w20,11,car_flow_E#10.0,car,1.60,67.80,66.20,4.40,16.47,888.90
DQN_w20,11,car_flow_E#10.2,car,12.80,68.00,55.20,0.00,6.45,888.90
DQN_w20,11,car_flow_south_left.6,car,38.80,68.80,30.00,0.00,9.68,541.79
DQN_w20,11,car_flow_turn_E#6.0,car,4.80,69.00,64.20,10.60,21.07,873.09
DQN_w20,11,car_flow_South_Right.1,car,14.20,69.00,54.80,0.60,13.83,700.86
DQN_w20,11,car_flow_through.1,car,37.80,69.40,31.60,0.00,6.51,223.71
DQN_w20,11,car_flow_turn_E#15.7,car,40.00,71.60,31.60,0.00,8.09,223.71
DQN_w20,11,car_flow_turn.2,car,44.60,73.80,29.20,0.00,12.62,291.86
DQN_w20,11,car_flow_south_left.7,car,43.20,75.40,32.20,0.00,5.97,541.79
DQN_w20,11,car_flow_turn_E#15.8,car,42.40,75.60,33.20,2.40,13.10,223.71
DQN_w20,11,car_flow_south_E#15.2,bus,19.20,76.60,57.40,0.00,9.39,787.72
DQN_w20,11,car_flow_south_left.8,car,45.40,76.60,31.20,0.00,9.58,541.79
DQN_w20,11,car_flow_turn_E#10.1,car,17.80,79.20,61.40,0.00,10.17,888.41
DQN_w20,11,car_flow_turn.3,car,51.20,79.40,28.20,0.00,8.28,291.86
DQN_w20,11,car_flow_through.2,truck,48.00,80.40,32.40,0.00,9.61,215.71
DQN_w20,11,car_flow_turn.4,car,53.40,80.80,27.40,0.00,9.56,291.86
DQN_w20,11,car_flow_turn_E#10.0,car,8.80,81.00,72.20,6.60,20.37,888.41
DQN_w20,11,car_flow_north_E#18.7,truck,50.40,81.00,30.60,0.00,13.86,214.96
DQN_w20,11,car_flow_WEST_E#6.0,car,0.00,85.40,85.40,57.80,65.39,214.25
DQN_w20,11,car_flow_South_Right.2,car,21.60,86.60,65.00,7.20,20.63,700.86
DQN_w20,11,car_flow_south_E#15.5,car,32.60,87.00,54.40,0.00,8.62,795.72
DQN_w20,11,car_flow_south_E#15.3,car,25.00,87.20,62.20,0.00,10.15,795.72
DQN_w20,11,car_flow_south_E#15.7,car,37.40,88.40,51.00,0.00,9.04,795.72
DQN_w20,11,car_flow_south_E#15.4,car,27.20,89.00,61.80,0.00,9.69,795.72
DQN_w20,11,car_flow_south_left.9,truck,53.20,90.00,36.80,0.00,12.63,533.79
DQN_w20,11,car_flow_north_E#18.8,car,69.40,91.20,21.80,0.00,5.07,222.96
DQN_w20,11,car_flow_south_left.10,car,58.40,91.40,33.00,0.00,9.21,541.79
DQN_w20,11,car_flow_south_E#15.6,car,35.00,92.40,57.40,0.00,7.35,795.72
DQN_w20,11,car_flow_turn_E#15.9,car,59.20,92.40,33.20,0.00,3.21,223.71
DQN_w20,11,car_flow_E#10.1,car,8.40,94.40,86.00,12.00,22.52,888.90
DQN_w20,11,car_flow_South_Right.3,car,26.00,94.40,68.40,7.40,28.39,700.86
DQN_w20,11,car_flow_turn_E#15.10,car,61.40,94.80,33.40,0.00,5.73,223.71
DQN_w20,11,car_flow_E#10.5,car,26.20,95.60,69.40,0.00,11.03,888.90
DQN_w20,11,car_flow_turn_E#15.11,car,66.40,96.80,30.40,0.00,6.81,223.71
DQN_w20,11,car_flow_south_E#15.8,car,39.80,98.00,58.20,0.00,6.06,795.72
DQN_w20,11,car_flow_turn.5,car,68.80,98.80,30.00,1.40,9.06,291.86
DQN_w20,11,car_flow_turn_E#10.3,car,35.20,99.80,64.60,5.40,20.53,888.41
DQN_w20,11,car_flow_south_left.11,car,68.80,99.80,31.00,0.00,6.06,541.79
DQN_w20,22,car_flow_south_E#18.0,car,0.20,19.20,19.00,0.00,5.79,232.83
DQN_w20,22,car_flow_north_E#18.0,car,3.80,25.80,22.00,0.00,4.32,222.96
DQN_w20,22,car_flow_WEST_E#6.0,car,0.40,26.80,26.40,0.00,4.50,214.25
DQN_w20,22,car_flow_turn.0,truck,0.40,28.60,28.20,0.00,9.92,283.86
DQN_w20,22,car_flow_turn.1,car,6.00,31.00,25.00,0.00,8.07,291.86
DQN_w20,22,car_flow_north_E#18.1,car,11.60,31.80,20.20,0.00,4.66,222.96
DQN_w20,22,car_flow_north_E#18.2,car,13.80,34.80,21.00,0.00,5.29,222.96
DQN_w20,22,car_flow_through.0,car,3.80,35.00,31.20,0.00,6.00,223.71
DQN_w20,22,car_flow_turn.2,car,10.40,35.40,25.00,0.00,6.20,291.86
DQN_w20,22,car_flow_turn_E#15.0,car,8.20,37.60,29.40,0.00,6.33,223.71
DQN_w20,22,car_flow_turn.3,car,14.80,39.20,24.40,0.00,7.02,291.86
DQN_w20,22,car_flow_south_left.0,truck,4.20,39.60,35.40,0.00,14.34,533.79
DQN_w20,22,car_flow_turn_E#15.1,car,12.60,43.40,30.80,0.00,4.66,223.71
DQN_w20,22,car_flow_north_E#18.3,truck,19.40,45.40,26.00,0.00,8.48,214.96
DQN_w20,22,car_flow_turn_E#13.0,truck,4.00,46.20,42.20,10.00,21.06,206.25
DQN_w20,22,car_flow_south_E#18.1,truck,2.00,46.80,44.80,15.40,32.10,224.83
DQN_w20,22,car_flow_turn.4,car,17.00,48.20,31.20,3.20,13.56,291.86
DQN_w20,22,car_flow_WEST_E#6.1,truck,8.80,49.80,41.00,3.40,20.89,206.25
DQN_w20,22,car_flow_turn.5,car,21.40,50.20,28.80,0.00,11.12,291.86
DQN_w20,22,car_flow_turn_E#15.2,car,19.20,53.00,33.80,0.00,13.36,223.71
DQN_w20,22,car_flow_north_E#18.4,car,22.80,54.20,31.40,2.40,14.08,222.96
DQN_w20,22,car_flow_south_left.1,car,25.60,55.00,29.40,0.00,9.45,541.79
DQN_w20,22,car_flow_turn_E#15.3,car,26.00,56.00,30.00,0.00,8.10,223.71
DQN_w20,22,car_flow_south_left.2,car,27.80,58.20,30.40,0.00,6.75,541.79
DQN_w20,22,car_flow_north_E#18.5,car,25.20,59.80,34.60,0.00,11.36,222.96
DQN_w20,22,car_flow_turn.6,car,35.20,60.20,25.00,0.00,4.86,291.86
DQN_w20,22,car_flow_through.1,truck,29.40,61.00,31.60,0.00,6.38,215.71
DQN_w20,22,car_flow_north_E#18.6,car,27.60,61.20,33.60,0.00,15.80,222.96
DQN_w20,22,car_flow_north_E#18.7,car,30.00,62.60,32.60,0.00,15.81,222.96
DQN_w20,22,car_flow_north_E#18.8,car,32.40,64.80,32.40,0.00,13.05,222.96
DQN_w20,22,car_flow_north_E#18.9,car,34.80,66.20,31.40,0.00,14.56,222.96
DQN_w20,22,car_flow_turn_E#15.4,car,37.60,66.40,28.80,0.00,4.91,223.71
DQN_w20,22,car_flow_south_E#18.2,car,18.20,67.00,48.80,17.40,35.79,232.83
DQN_w20,22,car_flow_turn.7,truck,41.20,68.20,27.00,0.00,10.89,283.86
DQN_w20,22,car_flow_north_E#18.10,car,46.20,68.80,22.60,0.00,6.93,222.96
DQN_w20,22,car_flow_WEST_E#6.2,car,12.00,70.40,58.40,16.80,37.66,214.25
DQN_w20,22,car_flow_north_E#18.11,car,48.40,71.20,22.80,0.00,7.11,222.96
DQN_w20,22,car_flow_turn_E#15.5,car,44.80,73.60,28.80,0.00,5.95,223.71
DQN_w20,22,car_flow_south_E#18.3,car,42.20,73.80,31.60,3.40,17.53,232.83
DQN_w20,22,car_flow_south_E#15.0,car,16.00,74.40,58.40,0.00,4.50,795.72
DQN_w20,22,car_flow_South_Right.0,car,0.20,75.00,74.80,18.20,30.92,700.86
DQN_w20,22,car_flow_south_E#18.4,car,42.40,75.80,33.40,1.00,19.44,232.83
DQN_w20,22,car_flow_E#10.0,car,16.20,76.40,60.20,0.60,14.54,888.90
DQN_w20,22,car_flow_WEST_E#6.3,car,18.40,76.40,58.00,14.20,36.49,214.25
DQN_w20,22,car_flow_WEST_E#6.4,car,20.60,78.60,58.00,10.60,38.10,214.25
DQN_w20,22,car_flow_turn_E#10.0,car,6.00,80.80,74.80,9.40,25.47,888.41
DQN_w20,22,car_flow_turn_E#13.1,car,23.00,81.00,58.00,9.40,36.90,214.25
DQN_w20,22,car_flow_turn_E#10.1,car,11.60,82.20,70.60,6.60,22.25,888.41
DQN_w20,22,car_flow_through.2,car,47.20,84.20,37.00,4.20,14.89,223.71
DQN_w20,22,car_flow_north_E#18.12,car,52.80,85.00,32.20,3.00,16.01,222.96
DQN_w20,22,car_flow_through.3,car,49.40,86.20,36.80,0.00,14.94,223.71
DQN_w20,22,car_flow_north_E#18.13,car,55.80,86.80,31.00,0.00,15.35,222.96
DQN_w20,22,car_flow_turn.8,car,56.20,87.80,31.60,0.00,10.52,291.86
DQN_w20,22,car_flow_turn_E#15.6,truck,52.80,89.80,37.00,0.00,12.84,215.71
DQN_w20,22,car_flow_north_E#18.14,car,60.40,90.80,30.40,0.00,12.61,222.96
DQN_w20,22,car_flow_south_left.3,car,63.40,92.40,29.00,0.00,7.31,541.79
DQN_w20,22,car_flow_south_E#15.2,car,39.40,92.80,53.40,0.00,12.37,795.72
DQN_w20,22,car_flow_through.4,car,58.40,93.20,34.80,0.00,12.75,223.71
DQN_w20,22,car_flow_north_E#18.15,car,64.80,93.60,28.80,0.00,11.54,222.96
DQN_w20,22,car_flow_turn.9,truck,64.00,94.20,30.20,0.00,12.87,283.86
DQN_w20,22,car_flow_south_left.4,car,66.00,95.20,29.20,0.00,7.12,541.79
DQN_w20,22,car_flow_north_E#18.16,car,67.00,95.60,28.60,0.00,11.89,222.96
DQN_w20,22,car_flow_through.5,car,60.60,97.20,36.60,0.00,10.74,223.71
DQN_w20,22,car_flow_north_E#18.17,car,69.40,98.40,29.00,0.00,11.32,222.96
DQN_w20,22,car_flow_south_E#15.1,car,37.00,98.80,61.80,0.00,11.86,795.72
DQN_w20,22,car_flow_turn_E#15.7,car,67.40,99.40,32.00,0.00,9.20,223.71
DQN_w20,33,car_flow_north_E#18.0,car,4.20,26.40,22.20,0.00,5.88,222.96
DQN_w20,33,car_flow_north_E#18.1,car,7.20,28.80,21.60,0.00,5.41,222.96
DQN_w20,33,car_flow_turn_E#15.0,truck,0.00,29.60,29.60,0.00,6.93,215.71
DQN_w20,33,car_flow_turn.0,truck,5.00,33.20,28.20,0.00,9.66,283.86
DQN_w20,33,car_flow_north_E#18.2,car,14.80,37.20,22.40,0.00,6.97,222.96
DQN_w20,33,car_flow_through.0,car,8.20,39.40,31.20,0.00,6.05,223.71
DQN_w20,33,car_flow_turn_E#15.1,car,10.60,41.40,30.80,0.00,8.91,223.71
DQN_w20,33,car_flow_south_left.0,car,11.60,41.40,29.80,0.00,6.16,541.79
DQN_w20,33,car_flow_through.1,car,13.00,44.60,31.60,0.00,6.02,223.71
DQN_w20,33,car_flow_turn_E#15.2,car,15.20,46.80,31.60,0.00,8.46,223.71
DQN_w20,33,car_flow_north_E#18.3,car,23.60,47.20,23.60,0.00,5.00,222.96
DQN_w20,33,car_flow_turn.1,car,21.80,47.40,25.60,0.00,7.26,291.86
DQN_w20,33,car_flow_south_left.1,car,19.80,48.60,28.80,0.00,7.10,541.79
DQN_w20,33,car_flow_turn_E#15.3,car,17.40,48.80,31.40,0.00,8.74,223.71
DQN_w20,33,car_flow_through.2,car,19.60,52.40,32.80,0.00,6.29,223.71
DQN_w20,33,car_flow_north_E#18.4,car,30.80,53.40,22.60,0.00,6.88,222.96
DQN_w20,33,car_flow_WEST_E#6.0,truck,1.80,54.80,53.00,20.80,31.61,206.25
DQN_w20,33,car_flow_WEST_E#6.1,car,7.40,58.20,50.80,16.00,31.78,214.25
DQN_w20,33,car_flow_south_E#18.0,bus,10.60,58.20,47.60,16.80,34.89,224.83
DQN_w20,33,car_flow_WEST_E#6.2,car,12.40,60.20,47.80,11.80,29.49,214.25
DQN_w20,33,car_flow_South_Right.0,car,4.80,60.40,55.60,0.00,9.44,700.86
DQN_w20,33,car_flow_south_E#15.0,car,2.00,61.60,59.60,0.00,4.42,795.72
DQN_w20,33,car_flow_turn.2,car,28.40,62.80,34.40,3.20,18.94,291.86
DQN_w20,33,car_flow_turn.3,car,30.80,64.60,33.80,0.20,17.54,291.86
DQN_w20,33,car_flow_north_E#18.5,car,33.00,65.60,32.60,2.00,14.21,222.96
DQN_w20,33,car_flow_through.3,truck,25.20,66.60,41.40,7.00,17.14,215.71
DQN_w20,33,car_flow_turn.4,car,33.00,66.80,33.80,0.00,15.81,291.86
DQN_w20,33,car_flow_south_E#18.1,car,30.60,67.80,37.20,6.80,22.08,232.83
DQN_w20,33,car_flow_north_E#18.6,car,40.00,67.80,27.80,0.00,11.39,222.96
DQN_w20,33,car_flow_south_E#15.4,car,21.40,68.00,46.60,0.00,6.78,795.72
DQN_w20,33,car_flow_south_E#15.1,truck,11.60,68.80,57.20,0.00,8.21,787.72
DQN_w20,33,car_flow_south_E#18.2,car,35.20,69.00,33.80,3.20,19.87,232.83
DQN_w20,33,car_flow_north_E#18.7,car,44.20,69.60,25.40,0.00,9.63,222.96
DQN_w20,33,car_flow_south_E#18.3,car,36.00,70.20,34.20,1.60,20.96,232.83
DQN_w20,33,car_flow_turn.5,truck,36.40,70.40,34.00,0.00,17.01,283.86
DQN_w20,33,car_flow_south_E#15.2,car,17.00,72.60,55.60,0.00,5.82,795.72
DQN_w20,33,car_flow_turn.6,truck,41.40,72.60,31.20,0.00,15.25,283.86
DQN_w20,33,car_flow_south_E#15.3,car,19.20,75.60,56.40,0.00,5.61,795.72
DQN_w20,33,car_flow_South_Right.1,car,18.00,76.80,58.80,0.00,9.14,700.86
DQN_w20,33,car_flow_south_left.2,car,49.00,77.60,28.60,0.00,6.80,541.79
DQN_w20,33,car_flow_through.4,truck,46.20,78.00,31.80,0.00,9.24,215.71
DQN_w20,33,car_flow_north_E#18.8,car,58.00,81.20,23.20,0.00,4.38,222.96
DQN_w20,33,car_flow_through.5,car,49.40,82.00,32.60,0.00,9.26,223.71
DQN_w20,33,car_flow_south_left.3,car,54.00,82.60,28.60,0.00,7.13,541.79
DQN_w20,33,car_flow_north_E#18.9,car,62.60,83.80,21.20,0.00,6.04,222.96
DQN_w20,33,car_flow_turn.7,bus,55.60,84.20,28.60,0.00,11.46,283.86
DQN_w20,33,car_flow_south_E#15.5,bus,27.00,84.40,57.40,0.00,9.40,787.72
DQN_w20,33,car_flow_through.6,car,51.60,84.40,32.80,0.00,9.26,223.71
DQN_w20,33,car_flow_south_E#18.4,car,51.00,84.80,33.80,10.20,21.82,232.83
DQN_w20,33,car_flow_south_left.4,car,57.20,87.60,30.40,0.00,6.23,541.79
DQN_w20,33,car_flow_E#10.0,car,8.80,87.80,79.00,17.40,30.31,888.90
DQN_w20,33,car_flow_South_Right.2,car,23.20,88.20,65.00,3.60,15.67,700.86
DQN_w20,33,car_flow_south_left.5,car,59.40,89.00,29.60,0.00,7.92,541.79
DQN_w20,33,car_flow_South_Right.3,car,33.80,89.60,55.80,0.00,12.75,700.86
DQN_w20,33,car_flow_E#10.1,car,15.60,89.80,74.20,13.40,27.75,888.90
DQN_w20,33,car_flow_turn_E#15.4,car,59.00,93.40,34.40,0.00,5.92,223.71
DQN_w20,33,car_flow_south_left.6,car,63.80,94.60,30.80,0.00,5.70,541.79
DQN_w20,33,car_flow_south_left.7,car,66.20,95.80,29.60,0.00,11.22,541.79
DQN_w20,33,car_flow_turn_E#15.5,car,61.40,97.40,36.00,2.20,11.97,223.71
DQN_w20,33,car_flow_turn_E#10.1,car,9.40,98.00,88.60,19.60,34.03,888.41
DQN_w20,33,car_flow_south_E#15.6,car,37.80,98.40,60.60,0.00,19.67,795.72
DQN_w20,33,car_flow_turn_E#10.0,car,7.00,99.20,92.20,18.40,34.17,888.41
